SID,SEASON,NAME,ISO_TIME,LAT,LON,WMO_WIND,WMO_PRES,SUBBASIN,IMD_STAGE
2014003N08086,2014,UNNAMED,2014-01-02 18:00:00,7.6,85.5,,,BB,Super Cyclonic Storm
2014003N08086,2014,UNNAMED,2014-01-02 21:00:00,7.6,85.3,,,BB,Super Cyclonic Storm
2014003N08086,2014,UNNAMED,2014-01-03 00:00:00,7.7,85.1,,,BB,Super Cyclonic Storm
2014003N08086,2014,UNNAMED,2014-01-03 03:00:00,7.8,84.9,,,BB,Super Cyclonic Storm
2014003N08086,2014,UNNAMED,2014-01-03 06:00:00,7.9,84.8,,,BB,Super Cyclonic Storm
2014003N08086,2014,UNNAMED,2014-01-03 09:00:00,8.0,84.7,,,BB,Super Cyclonic Storm
2014003N08086,2014,UNNAMED,2014-01-03 12:00:00,8.2,84.6,,,BB,Super Cyclonic Storm
2014003N08086,2014,UNNAMED,2014-01-03 15:00:00,8.3,84.5,,,BB,Super Cyclonic Storm
2014003N08086,2014,UNNAMED,2014-01-03 18:00:00,8.5,84.3,,,BB,Super Cyclonic Storm
2014003N08086,2014,UNNAMED,2014-01-03 21:00:00,8.7,84.1,,,BB,Super Cyclonic Storm
2014003N08086,2014,UNNAMED,2014-01-04 00:00:00,8.8,83.8,,,BB,Super Cyclonic Storm
2014003N08086,2014,UNNAMED,2014-01-04 03:00:00,8.8,83.5,25.0,1006.0,BB,Depression
2014003N08086,2014,UNNAMED,2014-01-04 06:00:00,9.0,83.2,25.0,1006.0,BB,Depression
2014003N08086,2014,UNNAMED,2014-01-04 09:00:00,9.1,83.0,,,BB,Super Cyclonic Storm
2014003N08086,2014,UNNAMED,2014-01-04 12:00:00,9.1,82.9,25.0,1006.0,BB,Depression
2014003N08086,2014,UNNAMED,2014-01-04 15:00:00,9.1,82.7,,,BB,Super Cyclonic Storm
2014003N08086,2014,UNNAMED,2014-01-04 18:00:00,9.2,82.5,25.0,1006.0,BB,Depression
2014003N08086,2014,UNNAMED,2014-01-04 21:00:00,9.3,82.2,,,BB,Super Cyclonic Storm
2014003N08086,2014,UNNAMED,2014-01-05 00:00:00,9.3,82.1,25.0,1006.0,BB,Depression
2014003N08086,2014,UNNAMED,2014-01-05 03:00:00,9.3,82.0,25.0,1006.0,BB,Depression
2014003N08086,2014,UNNAMED,2014-01-05 06:00:00,9.3,81.9,25.0,1006.0,BB,Depression
2014003N08086,2014,UNNAMED,2014-01-05 09:00:00,9.3,81.7,,,BB,Super Cyclonic Storm
2014003N08086,2014,UNNAMED,2014-01-05 12:00:00,9.3,81.6,25.0,1004.0,BB,Depression
2014003N08086,2014,UNNAMED,2014-01-05 15:00:00,9.3,81.5,,,BB,Super Cyclonic Storm
2014003N08086,2014,UNNAMED,2014-01-05 18:00:00,9.3,81.4,25.0,1004.0,BB,Depression
2014003N08086,2014,UNNAMED,2014-01-05 21:00:00,9.3,81.4,,,BB,Super Cyclonic Storm
2014003N08086,2014,UNNAMED,2014-01-06 00:00:00,9.3,81.3,25.0,1004.0,BB,Depression
2014003N08086,2014,UNNAMED,2014-01-06 03:00:00,9.3,81.1,25.0,1006.0,BB,Depression
2014003N08086,2014,UNNAMED,2014-01-06 06:00:00,9.1,80.9,,,BB,Super Cyclonic Storm
2014003N08086,2014,UNNAMED,2014-01-06 09:00:00,8.9,80.7,,,BB,Super Cyclonic Storm
2014003N08086,2014,UNNAMED,2014-01-06 12:00:00,8.8,80.6,25.0,1006.0,BB,Depression
2014003N08086,2014,UNNAMED,2014-01-06 15:00:00,8.7,80.5,,,BB,Super Cyclonic Storm
2014003N08086,2014,UNNAMED,2014-01-06 18:00:00,8.4,80.3,,,BB,Super Cyclonic Storm
2014003N08086,2014,UNNAMED,2014-01-06 21:00:00,8.2,80.1,,,BB,Super Cyclonic Storm
2014003N08086,2014,UNNAMED,2014-01-07 00:00:00,7.9,79.9,25.0,1006.0,BB,Depression
2014003N08086,2014,UNNAMED,2014-01-07 03:00:00,7.7,79.8,,,BB,Super Cyclonic Storm
2014003N08086,2014,UNNAMED,2014-01-07 06:00:00,7.6,79.6,,,BB,Super Cyclonic Storm
2014003N08086,2014,UNNAMED,2014-01-07 09:00:00,7.5,79.4,,,BB,Super Cyclonic Storm
2014003N08086,2014,UNNAMED,2014-01-07 12:00:00,7.4,79.2,,,BB,Super Cyclonic Storm
2014003N08086,2014,UNNAMED,2014-01-07 15:00:00,7.4,79.1,,,BB,Super Cyclonic Storm
2014003N08086,2014,UNNAMED,2014-01-07 18:00:00,7.5,78.9,,,BB,Super Cyclonic Storm
2014003N08086,2014,UNNAMED,2014-01-07 21:00:00,7.6,78.7,,,BB,Super Cyclonic Storm
2014003N08086,2014,UNNAMED,2014-01-08 00:00:00,7.7,78.5,,,BB,Super Cyclonic Storm
2014003N08086,2014,UNNAMED,2014-01-08 03:00:00,7.7,78.3,,,BB,Super Cyclonic Storm
2014003N08086,2014,UNNAMED,2014-01-08 06:00:00,7.8,78.0,,,AS,Super Cyclonic Storm
2014003N08086,2014,UNNAMED,2014-01-08 09:00:00,7.9,77.6,,,AS,Super Cyclonic Storm
2014003N08086,2014,UNNAMED,2014-01-08 12:00:00,8.0,77.1,,,AS,Super Cyclonic Storm
2014141N16091,2014,UNNAMED,2014-05-21 03:00:00,15.5,90.5,25.0,1004.0,BB,Depression
2014141N16091,2014,UNNAMED,2014-05-21 06:00:00,16.0,90.5,25.0,1004.0,BB,Depression
2014141N16091,2014,UNNAMED,2014-05-21 09:00:00,16.3,90.7,,,BB,Super Cyclonic Storm
2014141N16091,2014,UNNAMED,2014-05-21 12:00:00,16.5,91.0,25.0,1002.0,BB,Depression
2014141N16091,2014,UNNAMED,2014-05-21 15:00:00,16.5,91.0,,,BB,Super Cyclonic Storm
2014141N16091,2014,UNNAMED,2014-05-21 18:00:00,16.5,91.0,25.0,1002.0,BB,Depression
2014141N16091,2014,UNNAMED,2014-05-21 21:00:00,16.5,91.5,,,BB,Super Cyclonic Storm
2014141N16091,2014,UNNAMED,2014-05-22 00:00:00,16.5,92.0,25.0,1000.0,BB,Depression
2014141N16091,2014,UNNAMED,2014-05-22 03:00:00,16.5,92.0,25.0,1000.0,BB,Depression
2014141N16091,2014,UNNAMED,2014-05-22 06:00:00,17.0,92.5,25.0,1000.0,BB,Depression
2014141N16091,2014,UNNAMED,2014-05-22 09:00:00,17.3,92.4,,,BB,Super Cyclonic Storm
2014141N16091,2014,UNNAMED,2014-05-22 12:00:00,17.5,92.0,25.0,1000.0,BB,Depression
2014141N16091,2014,UNNAMED,2014-05-22 15:00:00,17.6,92.0,,,BB,Super Cyclonic Storm
2014141N16091,2014,UNNAMED,2014-05-22 18:00:00,17.5,92.0,25.0,1000.0,BB,Depression
2014141N16091,2014,UNNAMED,2014-05-22 21:00:00,17.3,91.6,,,BB,Super Cyclonic Storm
2014141N16091,2014,UNNAMED,2014-05-23 00:00:00,17.0,91.0,25.0,1000.0,BB,Depression
2014159N12068,2014,NANAUK,2014-06-08 06:00:00,12.4,68.3,,,AS,Super Cyclonic Storm
2014159N12068,2014,NANAUK,2014-06-08 09:00:00,12.6,68.1,,,AS,Super Cyclonic Storm
2014159N12068,2014,NANAUK,2014-06-08 12:00:00,12.8,68.0,,,AS,Super Cyclonic Storm
2014159N12068,2014,NANAUK,2014-06-08 15:00:00,12.9,67.9,,,AS,Super Cyclonic Storm
2014159N12068,2014,NANAUK,2014-06-08 18:00:00,13.0,67.8,,,AS,Super Cyclonic Storm
2014159N12068,2014,NANAUK,2014-06-08 21:00:00,13.1,67.7,,,AS,Super Cyclonic Storm
2014159N12068,2014,NANAUK,2014-06-09 00:00:00,13.2,67.6,,,AS,Super Cyclonic Storm
2014159N12068,2014,NANAUK,2014-06-09 03:00:00,13.3,67.6,,,AS,Super Cyclonic Storm
2014159N12068,2014,NANAUK,2014-06-09 06:00:00,13.4,67.7,,,AS,Super Cyclonic Storm
2014159N12068,2014,NANAUK,2014-06-09 09:00:00,13.6,68.1,,,AS,Super Cyclonic Storm
2014159N12068,2014,NANAUK,2014-06-09 12:00:00,13.8,68.5,,,AS,Super Cyclonic Storm
2014159N12068,2014,NANAUK,2014-06-09 15:00:00,14.1,68.9,,,AS,Super Cyclonic Storm
2014159N12068,2014,NANAUK,2014-06-09 18:00:00,14.5,69.2,,,AS,Super Cyclonic Storm
2014159N12068,2014,NANAUK,2014-06-09 21:00:00,14.8,69.2,,,AS,Super Cyclonic Storm
2014159N12068,2014,NANAUK,2014-06-10 00:00:00,15.1,69.0,,,AS,Super Cyclonic Storm
2014159N12068,2014,NANAUK,2014-06-10 03:00:00,15.4,68.8,,,AS,Super Cyclonic Storm
2014159N12068,2014,NANAUK,2014-06-10 06:00:00,15.7,68.6,,,AS,Super Cyclonic Storm
2014159N12068,2014,NANAUK,2014-06-10 09:00:00,15.8,68.4,25.0,998.0,AS,Depression
2014159N12068,2014,NANAUK,2014-06-10 12:00:00,16.1,68.1,25.0,996.0,AS,Depression
2014159N12068,2014,NANAUK,2014-06-10 15:00:00,16.3,67.8,,,AS,Super Cyclonic Storm
2014159N12068,2014,NANAUK,2014-06-10 18:00:00,16.5,67.6,30.0,994.0,AS,Deep Depression
2014159N12068,2014,NANAUK,2014-06-10 21:00:00,16.5,67.4,,,AS,Super Cyclonic Storm
2014159N12068,2014,NANAUK,2014-06-11 00:00:00,16.6,67.2,35.0,992.0,AS,Cyclonic Storm
2014159N12068,2014,NANAUK,2014-06-11 03:00:00,16.7,67.0,35.0,992.0,AS,Cyclonic Storm
2014159N12068,2014,NANAUK,2014-06-11 06:00:00,17.0,66.7,45.0,990.0,AS,Cyclonic Storm
2014159N12068,2014,NANAUK,2014-06-11 09:00:00,17.1,66.5,45.0,990.0,AS,Cyclonic Storm
2014159N12068,2014,NANAUK,2014-06-11 12:00:00,17.4,66.2,45.0,988.0,AS,Cyclonic Storm
2014159N12068,2014,NANAUK,2014-06-11 15:00:00,17.6,66.0,45.0,988.0,AS,Cyclonic Storm
2014159N12068,2014,NANAUK,2014-06-11 18:00:00,17.6,65.8,45.0,988.0,AS,Cyclonic Storm
2014159N12068,2014,NANAUK,2014-06-11 21:00:00,17.7,65.6,45.0,988.0,AS,Cyclonic Storm
2014159N12068,2014,NANAUK,2014-06-12 00:00:00,17.9,65.3,45.0,986.0,AS,Cyclonic Storm
2014159N12068,2014,NANAUK,2014-06-12 03:00:00,18.0,64.9,45.0,986.0,AS,Cyclonic Storm
2014159N12068,2014,NANAUK,2014-06-12 06:00:00,18.2,64.6,45.0,986.0,AS,Cyclonic Storm
2014159N12068,2014,NANAUK,2014-06-12 09:00:00,18.3,64.3,45.0,988.0,AS,Cyclonic Storm
2014159N12068,2014,NANAUK,2014-06-12 12:00:00,18.5,64.1,45.0,988.0,AS,Cyclonic Storm
2014159N12068,2014,NANAUK,2014-06-12 15:00:00,18.8,64.0,45.0,988.0,AS,Cyclonic Storm
2014159N12068,2014,NANAUK,2014-06-12 18:00:00,19.3,64.1,45.0,988.0,AS,Cyclonic Storm
2014159N12068,2014,NANAUK,2014-06-12 21:00:00,19.9,64.4,45.0,988.0,AS,Cyclonic Storm
2014159N12068,2014,NANAUK,2014-06-13 00:00:00,20.4,64.6,45.0,988.0,AS,Cyclonic Storm
2014159N12068,2014,NANAUK,2014-06-13 03:00:00,20.7,64.4,45.0,990.0,AS,Cyclonic Storm
2014159N12068,2014,NANAUK,2014-06-13 06:00:00,21.2,64.0,40.0,992.0,AS,Cyclonic Storm
2014159N12068,2014,NANAUK,2014-06-13 09:00:00,21.4,63.9,30.0,994.0,AS,Deep Depression
2014159N12068,2014,NANAUK,2014-06-13 12:00:00,21.4,64.0,25.0,996.0,AS,Depression
2014159N12068,2014,NANAUK,2014-06-13 15:00:00,21.5,64.1,,,AS,Super Cyclonic Storm
2014159N12068,2014,NANAUK,2014-06-13 18:00:00,21.5,64.2,25.0,996.0,AS,Depression
2014159N12068,2014,NANAUK,2014-06-13 21:00:00,21.6,64.3,,,AS,Super Cyclonic Storm
2014159N12068,2014,NANAUK,2014-06-14 00:00:00,21.6,64.5,25.0,996.0,AS,Depression
2014159N12068,2014,NANAUK,2014-06-14 03:00:00,21.7,64.6,,,AS,Super Cyclonic Storm
2014159N12068,2014,NANAUK,2014-06-14 06:00:00,21.7,64.8,,,AS,Super Cyclonic Storm
2014159N12068,2014,NANAUK,2014-06-14 09:00:00,21.7,65.0,,,AS,Super Cyclonic Storm
2014159N12068,2014,NANAUK,2014-06-14 12:00:00,21.7,65.2,,,AS,Super Cyclonic Storm
2014202N22087,2014,UNNAMED,2014-07-21 03:00:00,22.0,87.0,25.0,988.0,BB,Depression
2014202N22087,2014,UNNAMED,2014-07-21 06:00:00,22.2,86.4,20.0,988.0,BB,Depression
2014202N22087,2014,UNNAMED,2014-07-21 09:00:00,22.4,85.7,,,BB,Super Cyclonic Storm
2014202N22087,2014,UNNAMED,2014-07-21 12:00:00,22.5,85.0,20.0,988.0,BB,Depression
2014202N22087,2014,UNNAMED,2014-07-21 15:00:00,22.5,84.5,,,BB,Super Cyclonic Storm
2014202N22087,2014,UNNAMED,2014-07-21 18:00:00,22.5,84.0,20.0,990.0,BB,Depression
2014202N22087,2014,UNNAMED,2014-07-21 21:00:00,22.5,83.5,,,BB,Super Cyclonic Storm
2014202N22087,2014,UNNAMED,2014-07-22 00:00:00,22.5,83.0,20.0,990.0,BB,Depression
2014202N22087,2014,UNNAMED,2014-07-22 03:00:00,22.5,82.5,20.0,990.0,BB,Depression
2014202N22087,2014,UNNAMED,2014-07-22 06:00:00,22.5,82.0,20.0,990.0,BB,Depression
2014202N22087,2014,UNNAMED,2014-07-22 09:00:00,22.5,81.5,,,BB,Super Cyclonic Storm
2014202N22087,2014,UNNAMED,2014-07-22 12:00:00,22.5,81.0,20.0,990.0,BB,Depression
2014202N22087,2014,UNNAMED,2014-07-22 15:00:00,22.5,80.3,,,BB,Super Cyclonic Storm
2014202N22087,2014,UNNAMED,2014-07-22 18:00:00,22.5,79.6,20.0,992.0,BB,Depression
2014202N22087,2014,UNNAMED,2014-07-22 21:00:00,22.5,78.9,,,BB,Super Cyclonic Storm
2014202N22087,2014,UNNAMED,2014-07-23 00:00:00,22.5,78.2,20.0,992.0,BB,Depression
2014202N22087,2014,UNNAMED,2014-07-23 03:00:00,22.5,77.5,20.0,992.0,AS,Depression
2014202N22087,2014,UNNAMED,2014-07-23 06:00:00,22.5,77.0,20.0,992.0,AS,Depression
2014216N21089,2014,UNNAMED,2014-08-03 12:00:00,21.5,88.5,25.0,990.0,BB,Depression
2014216N21089,2014,UNNAMED,2014-08-03 15:00:00,21.7,88.4,,,BB,Super Cyclonic Storm
2014216N21089,2014,UNNAMED,2014-08-03 18:00:00,21.9,88.3,30.0,990.0,BB,Deep Depression
2014216N21089,2014,UNNAMED,2014-08-03 21:00:00,22.1,88.0,,,BB,Super Cyclonic Storm
2014216N21089,2014,UNNAMED,2014-08-04 00:00:00,22.3,87.6,30.0,990.0,BB,Deep Depression
2014216N21089,2014,UNNAMED,2014-08-04 03:00:00,22.5,87.2,30.0,990.0,BB,Deep Depression
2014216N21089,2014,UNNAMED,2014-08-04 06:00:00,22.5,86.5,30.0,990.0,BB,Deep Depression
2014216N21089,2014,UNNAMED,2014-08-04 09:00:00,22.4,86.2,,,BB,Super Cyclonic Storm
2014216N21089,2014,UNNAMED,2014-08-04 12:00:00,22.2,86.1,30.0,990.0,BB,Deep Depression
2014216N21089,2014,UNNAMED,2014-08-04 15:00:00,22.2,85.6,,,BB,Super Cyclonic Storm
2014216N21089,2014,UNNAMED,2014-08-04 18:00:00,22.2,85.1,30.0,990.0,BB,Deep Depression
2014216N21089,2014,UNNAMED,2014-08-04 21:00:00,22.2,84.6,,,BB,Super Cyclonic Storm
2014216N21089,2014,UNNAMED,2014-08-05 00:00:00,22.2,84.1,30.0,990.0,BB,Deep Depression
2014216N21089,2014,UNNAMED,2014-08-05 03:00:00,22.2,83.5,30.0,994.0,BB,Deep Depression
2014216N21089,2014,UNNAMED,2014-08-05 06:00:00,22.9,83.0,30.0,992.0,BB,Deep Depression
2014216N21089,2014,UNNAMED,2014-08-05 09:00:00,23.5,82.5,25.0,992.0,BB,Depression
2014216N21089,2014,UNNAMED,2014-08-05 12:00:00,24.0,82.0,25.0,992.0,BB,Depression
2014216N21089,2014,UNNAMED,2014-08-05 15:00:00,24.2,81.6,,,BB,Super Cyclonic Storm
2014216N21089,2014,UNNAMED,2014-08-05 18:00:00,24.2,81.3,25.0,992.0,BB,Depression
2014216N21089,2014,UNNAMED,2014-08-05 21:00:00,24.3,81.0,,,BB,Super Cyclonic Storm
2014216N21089,2014,UNNAMED,2014-08-06 00:00:00,24.4,80.6,25.0,992.0,BB,Depression
2014216N21089,2014,UNNAMED,2014-08-06 03:00:00,24.5,80.2,25.0,996.0,BB,Depression
2014216N21089,2014,UNNAMED,2014-08-06 06:00:00,24.6,80.0,25.0,994.0,BB,Depression
2014216N21089,2014,UNNAMED,2014-08-06 09:00:00,24.8,79.8,,,BB,Super Cyclonic Storm
2014216N21089,2014,UNNAMED,2014-08-06 12:00:00,25.0,79.5,25.0,994.0,BB,Depression
2014216N21089,2014,UNNAMED,2014-08-06 15:00:00,25.2,79.2,,,BB,Super Cyclonic Storm
2014216N21089,2014,UNNAMED,2014-08-06 18:00:00,25.3,79.0,25.0,994.0,BB,Depression
2014216N21089,2014,UNNAMED,2014-08-06 21:00:00,25.4,78.8,,,BB,Super Cyclonic Storm
2014216N21089,2014,UNNAMED,2014-08-07 00:00:00,25.5,78.5,25.0,994.0,BB,Depression
2014279N11096,2014,HUDHUD,2014-10-06 06:00:00,10.7,96.1,,,BB,Super Cyclonic Storm
2014279N11096,2014,HUDHUD,2014-10-06 09:00:00,10.7,96.0,,,BB,Super Cyclonic Storm
2014279N11096,2014,HUDHUD,2014-10-06 12:00:00,10.7,95.9,,,BB,Super Cyclonic Storm
2014279N11096,2014,HUDHUD,2014-10-06 15:00:00,10.7,95.8,,,BB,Super Cyclonic Storm
2014279N11096,2014,HUDHUD,2014-10-06 18:00:00,10.8,95.6,,,BB,Super Cyclonic Storm
2014279N11096,2014,HUDHUD,2014-10-06 21:00:00,10.9,95.4,,,BB,Super Cyclonic Storm
2014279N11096,2014,HUDHUD,2014-10-07 00:00:00,11.0,95.2,,,BB,Super Cyclonic Storm
2014279N11096,2014,HUDHUD,2014-10-07 03:00:00,11.2,95.0,25.0,1004.0,BB,Depression
2014279N11096,2014,HUDHUD,2014-10-07 06:00:00,11.4,94.7,25.0,1004.0,BB,Depression
2014279N11096,2014,HUDHUD,2014-10-07 09:00:00,11.5,94.4,,,BB,Super Cyclonic Storm
2014279N11096,2014,HUDHUD,2014-10-07 12:00:00,11.7,94.1,30.0,1000.0,BB,Deep Depression
2014279N11096,2014,HUDHUD,2014-10-07 15:00:00,11.8,93.8,,,BB,Super Cyclonic Storm
2014279N11096,2014,HUDHUD,2014-10-07 18:00:00,11.9,93.5,30.0,1000.0,BB,Deep Depression
2014279N11096,2014,HUDHUD,2014-10-07 21:00:00,12.0,93.2,,,BB,Super Cyclonic Storm
2014279N11096,2014,HUDHUD,2014-10-08 00:00:00,12.2,92.9,30.0,1000.0,BB,Deep Depression
2014279N11096,2014,HUDHUD,2014-10-08 03:00:00,12.3,92.6,35.0,998.0,BB,Cyclonic Storm
2014279N11096,2014,HUDHUD,2014-10-08 06:00:00,12.6,92.1,40.0,996.0,BB,Cyclonic Storm
2014279N11096,2014,HUDHUD,2014-10-08 09:00:00,12.8,91.4,40.0,996.0,BB,Cyclonic Storm
2014279N11096,2014,HUDHUD,2014-10-08 12:00:00,12.9,90.9,40.0,996.0,BB,Cyclonic Storm
2014279N11096,2014,HUDHUD,2014-10-08 15:00:00,13.1,90.4,40.0,996.0,BB,Cyclonic Storm
2014279N11096,2014,HUDHUD,2014-10-08 18:00:00,13.3,90.1,45.0,994.0,BB,Cyclonic Storm
2014279N11096,2014,HUDHUD,2014-10-08 21:00:00,13.5,89.6,45.0,992.0,BB,Cyclonic Storm
2014279N11096,2014,HUDHUD,2014-10-09 00:00:00,13.6,89.3,45.0,990.0,BB,Cyclonic Storm
2014279N11096,2014,HUDHUD,2014-10-09 03:00:00,13.7,89.1,55.0,988.0,BB,Severe Cyclonic Storm
2014279N11096,2014,HUDHUD,2014-10-09 06:00:00,13.8,88.9,55.0,988.0,BB,Severe Cyclonic Storm
2014279N11096,2014,HUDHUD,2014-10-09 09:00:00,13.9,88.6,55.0,988.0,BB,Severe Cyclonic Storm
2014279N11096,2014,HUDHUD,2014-10-09 12:00:00,14.1,88.5,55.0,988.0,BB,Severe Cyclonic Storm
2014279N11096,2014,HUDHUD,2014-10-09 15:00:00,14.1,88.2,55.0,988.0,BB,Severe Cyclonic Storm
2014279N11096,2014,HUDHUD,2014-10-09 18:00:00,14.2,88.0,55.0,988.0,BB,Severe Cyclonic Storm
2014279N11096,2014,HUDHUD,2014-10-09 21:00:00,14.4,87.8,60.0,988.0,BB,Severe Cyclonic Storm
2014279N11096,2014,HUDHUD,2014-10-10 00:00:00,14.6,87.6,60.0,988.0,BB,Severe Cyclonic Storm
2014279N11096,2014,HUDHUD,2014-10-10 03:00:00,14.8,87.3,60.0,988.0,BB,Severe Cyclonic Storm
2014279N11096,2014,HUDHUD,2014-10-10 06:00:00,14.9,87.2,60.0,986.0,BB,Severe Cyclonic Storm
2014279N11096,2014,HUDHUD,2014-10-10 09:00:00,15.1,87.0,65.0,984.0,BB,Very Severe Cyclonic Storm
2014279N11096,2014,HUDHUD,2014-10-10 12:00:00,15.3,86.8,70.0,982.0,BB,Very Severe Cyclonic Storm
2014279N11096,2014,HUDHUD,2014-10-10 15:00:00,15.5,86.5,75.0,980.0,BB,Very Severe Cyclonic Storm
2014279N11096,2014,HUDHUD,2014-10-10 18:00:00,15.6,86.3,75.0,978.0,BB,Very Severe Cyclonic Storm
2014279N11096,2014,HUDHUD,2014-10-10 21:00:00,15.7,86.0,75.0,974.0,BB,Very Severe Cyclonic Storm
2014279N11096,2014,HUDHUD,2014-10-11 00:00:00,15.9,85.7,75.0,970.0,BB,Very Severe Cyclonic Storm
2014279N11096,2014,HUDHUD,2014-10-11 03:00:00,16.0,85.4,80.0,968.0,BB,Very Severe Cyclonic Storm
2014279N11096,2014,HUDHUD,2014-10-11 06:00:00,16.1,85.1,90.0,966.0,BB,Extremely Severe Cyclonic Storm
2014279N11096,2014,HUDHUD,2014-10-11 09:00:00,16.1,85.0,90.0,964.0,BB,Extremely Severe Cyclonic Storm
2014279N11096,2014,HUDHUD,2014-10-11 12:00:00,16.2,84.9,95.0,962.0,BB,Extremely Severe Cyclonic Storm
2014279N11096,2014,HUDHUD,2014-10-11 15:00:00,16.3,84.8,95.0,960.0,BB,Extremely Severe Cyclonic Storm
2014279N11096,2014,HUDHUD,2014-10-11 18:00:00,16.6,84.6,100.0,954.0,BB,Extremely Severe Cyclonic Storm
2014279N11096,2014,HUDHUD,2014-10-11 21:00:00,16.8,84.4,100.0,952.0,BB,Extremely Severe Cyclonic Storm
2014279N11096,2014,HUDHUD,2014-10-12 00:00:00,17.2,84.1,100.0,950.0,BB,Extremely Severe Cyclonic Storm
2014279N11096,2014,HUDHUD,2014-10-12 03:00:00,17.4,83.8,100.0,950.0,BB,Extremely Severe Cyclonic Storm
2014279N11096,2014,HUDHUD,2014-10-12 06:00:00,17.6,83.4,100.0,950.0,BB,Extremely Severe Cyclonic Storm
2014279N11096,2014,HUDHUD,2014-10-12 09:00:00,17.8,83.1,90.0,960.0,BB,Extremely Severe Cyclonic Storm
2014279N11096,2014,HUDHUD,2014-10-12 12:00:00,18.0,82.8,60.0,982.0,BB,Severe Cyclonic Storm
2014279N11096,2014,HUDHUD,2014-10-12 15:00:00,18.3,82.5,45.0,986.0,BB,Cyclonic Storm
2014279N11096,2014,HUDHUD,2014-10-12 18:00:00,18.8,82.3,40.0,987.0,BB,Cyclonic Storm
2014279N11096,2014,HUDHUD,2014-10-12 21:00:00,19.0,82.1,40.0,988.0,BB,Cyclonic Storm
2014279N11096,2014,HUDHUD,2014-10-13 00:00:00,19.7,81.6,30.0,994.0,BB,Deep Depression
2014279N11096,2014,HUDHUD,2014-10-13 03:00:00,20.5,81.5,30.0,996.0,BB,Deep Depression
2014279N11096,2014,HUDHUD,2014-10-13 06:00:00,20.8,81.4,30.0,998.0,BB,Deep Depression
2014279N11096,2014,HUDHUD,2014-10-13 09:00:00,21.1,81.4,,,BB,Super Cyclonic Storm
2014279N11096,2014,HUDHUD,2014-10-13 12:00:00,21.4,81.4,25.0,998.0,BB,Depression
2014279N11096,2014,HUDHUD,2014-10-13 15:00:00,21.7,81.5,,,BB,Super Cyclonic Storm
2014279N11096,2014,HUDHUD,2014-10-13 18:00:00,22.3,81.5,25.0,1000.0,BB,Depression
2014279N11096,2014,HUDHUD,2014-10-13 21:00:00,23.6,81.5,,,BB,Super Cyclonic Storm
2014279N11096,2014,HUDHUD,2014-10-14 00:00:00,24.8,81.5,25.0,1000.0,BB,Depression
2014279N11096,2014,HUDHUD,2014-10-14 03:00:00,25.1,81.6,20.0,1000.0,BB,Depression
2014279N11096,2014,HUDHUD,2014-10-14 06:00:00,25.6,81.7,20.0,1000.0,BB,Depression
2014279N11096,2014,HUDHUD,2014-10-14 09:00:00,26.3,81.8,20.0,1000.0,BB,Depression
2014297N11062,2014,NILOFAR,2014-10-23 12:00:00,10.8,62.1,,,AS,Super Cyclonic Storm
2014297N11062,2014,NILOFAR,2014-10-23 15:00:00,11.0,61.9,,,AS,Super Cyclonic Storm
2014297N11062,2014,NILOFAR,2014-10-23 18:00:00,11.1,61.8,,,AS,Super Cyclonic Storm
2014297N11062,2014,NILOFAR,2014-10-23 21:00:00,11.2,61.7,,,AS,Super Cyclonic Storm
2014297N11062,2014,NILOFAR,2014-10-24 00:00:00,11.3,61.6,,,AS,Super Cyclonic Storm
2014297N11062,2014,NILOFAR,2014-10-24 03:00:00,11.4,61.5,,,AS,Super Cyclonic Storm
2014297N11062,2014,NILOFAR,2014-10-24 06:00:00,11.6,61.5,,,AS,Super Cyclonic Storm
2014297N11062,2014,NILOFAR,2014-10-24 09:00:00,11.7,61.6,,,AS,Super Cyclonic Storm
2014297N11062,2014,NILOFAR,2014-10-24 12:00:00,11.8,61.7,,,AS,Super Cyclonic Storm
2014297N11062,2014,NILOFAR,2014-10-24 15:00:00,11.9,61.8,,,AS,Super Cyclonic Storm
2014297N11062,2014,NILOFAR,2014-10-24 18:00:00,12.0,62.0,,,AS,Super Cyclonic Storm
2014297N11062,2014,NILOFAR,2014-10-24 21:00:00,12.1,62.2,,,AS,Super Cyclonic Storm
2014297N11062,2014,NILOFAR,2014-10-25 00:00:00,12.3,62.1,25.0,1004.0,AS,Depression
2014297N11062,2014,NILOFAR,2014-10-25 03:00:00,12.6,62.1,25.0,1004.0,AS,Depression
2014297N11062,2014,NILOFAR,2014-10-25 06:00:00,12.7,62.0,25.0,1004.0,AS,Depression
2014297N11062,2014,NILOFAR,2014-10-25 09:00:00,13.0,61.9,,,AS,Super Cyclonic Storm
2014297N11062,2014,NILOFAR,2014-10-25 12:00:00,13.3,61.9,25.0,1003.0,AS,Depression
2014297N11062,2014,NILOFAR,2014-10-25 15:00:00,13.3,61.9,,,AS,Super Cyclonic Storm
2014297N11062,2014,NILOFAR,2014-10-25 18:00:00,13.5,62.0,25.0,1003.0,AS,Depression
2014297N11062,2014,NILOFAR,2014-10-25 21:00:00,13.8,62.3,,,AS,Super Cyclonic Storm
2014297N11062,2014,NILOFAR,2014-10-26 00:00:00,14.1,62.5,25.0,1002.0,AS,Depression
2014297N11062,2014,NILOFAR,2014-10-26 03:00:00,14.1,62.5,30.0,999.0,AS,Deep Depression
2014297N11062,2014,NILOFAR,2014-10-26 06:00:00,14.2,62.5,35.0,998.0,AS,Cyclonic Storm
2014297N11062,2014,NILOFAR,2014-10-26 09:00:00,14.2,62.5,35.0,996.0,AS,Cyclonic Storm
2014297N11062,2014,NILOFAR,2014-10-26 12:00:00,14.3,62.5,40.0,994.0,AS,Cyclonic Storm
2014297N11062,2014,NILOFAR,2014-10-26 15:00:00,14.3,62.5,40.0,994.0,AS,Cyclonic Storm
2014297N11062,2014,NILOFAR,2014-10-26 18:00:00,14.5,62.5,45.0,994.0,AS,Cyclonic Storm
2014297N11062,2014,NILOFAR,2014-10-26 21:00:00,14.6,62.4,50.0,994.0,AS,Severe Cyclonic Storm
2014297N11062,2014,NILOFAR,2014-10-27 00:00:00,14.8,62.4,55.0,990.0,AS,Severe Cyclonic Storm
2014297N11062,2014,NILOFAR,2014-10-27 03:00:00,14.8,62.3,60.0,990.0,AS,Severe Cyclonic Storm
2014297N11062,2014,NILOFAR,2014-10-27 06:00:00,14.9,62.3,65.0,986.0,AS,Very Severe Cyclonic Storm
2014297N11062,2014,NILOFAR,2014-10-27 09:00:00,14.9,62.2,65.0,984.0,AS,Very Severe Cyclonic Storm
2014297N11062,2014,NILOFAR,2014-10-27 12:00:00,15.0,62.2,70.0,982.0,AS,Very Severe Cyclonic Storm
2014297N11062,2014,NILOFAR,2014-10-27 15:00:00,15.1,62.1,70.0,981.0,AS,Very Severe Cyclonic Storm
2014297N11062,2014,NILOFAR,2014-10-27 18:00:00,15.2,62.1,70.0,980.0,AS,Very Severe Cyclonic Storm
2014297N11062,2014,NILOFAR,2014-10-27 21:00:00,15.4,61.8,75.0,979.0,AS,Very Severe Cyclonic Storm
2014297N11062,2014,NILOFAR,2014-10-28 00:00:00,15.6,61.8,75.0,978.0,AS,Very Severe Cyclonic Storm
2014297N11062,2014,NILOFAR,2014-10-28 03:00:00,15.8,61.7,75.0,977.0,AS,Very Severe Cyclonic Storm
2014297N11062,2014,NILOFAR,2014-10-28 06:00:00,16.0,61.7,80.0,974.0,AS,Very Severe Cyclonic Storm
2014297N11062,2014,NILOFAR,2014-10-28 09:00:00,16.3,61.7,90.0,966.0,AS,Extremely Severe Cyclonic Storm
2014297N11062,2014,NILOFAR,2014-10-28 12:00:00,16.8,61.8,100.0,954.0,AS,Extremely Severe Cyclonic Storm
2014297N11062,2014,NILOFAR,2014-10-28 15:00:00,17.2,61.8,105.0,952.0,AS,Extremely Severe Cyclonic Storm
2014297N11062,2014,NILOFAR,2014-10-28 18:00:00,17.7,61.7,110.0,950.0,AS,Extremely Severe Cyclonic Storm
2014297N11062,2014,NILOFAR,2014-10-28 21:00:00,17.9,61.7,110.0,950.0,AS,Extremely Severe Cyclonic Storm
2014297N11062,2014,NILOFAR,2014-10-29 00:00:00,18.1,61.8,105.0,954.0,AS,Extremely Severe Cyclonic Storm
2014297N11062,2014,NILOFAR,2014-10-29 03:00:00,18.5,61.8,100.0,958.0,AS,Extremely Severe Cyclonic Storm
2014297N11062,2014,NILOFAR,2014-10-29 06:00:00,18.7,61.9,95.0,962.0,AS,Extremely Severe Cyclonic Storm
2014297N11062,2014,NILOFAR,2014-10-29 09:00:00,18.8,62.0,90.0,968.0,AS,Extremely Severe Cyclonic Storm
2014297N11062,2014,NILOFAR,2014-10-29 12:00:00,19.0,62.2,80.0,974.0,AS,Very Severe Cyclonic Storm
2014297N11062,2014,NILOFAR,2014-10-29 15:00:00,19.2,62.5,70.0,980.0,AS,Very Severe Cyclonic Storm
2014297N11062,2014,NILOFAR,2014-10-29 18:00:00,19.3,62.9,70.0,986.0,AS,Very Severe Cyclonic Storm
2014297N11062,2014,NILOFAR,2014-10-29 21:00:00,19.4,63.2,60.0,988.0,AS,Severe Cyclonic Storm
2014297N11062,2014,NILOFAR,2014-10-30 00:00:00,19.6,63.6,60.0,990.0,AS,Severe Cyclonic Storm
2014297N11062,2014,NILOFAR,2014-10-30 03:00:00,19.8,63.9,50.0,994.0,AS,Severe Cyclonic Storm
2014297N11062,2014,NILOFAR,2014-10-30 06:00:00,20.1,64.2,45.0,998.0,AS,Cyclonic Storm
2014297N11062,2014,NILOFAR,2014-10-30 09:00:00,20.1,64.4,40.0,1000.0,AS,Cyclonic Storm
2014297N11062,2014,NILOFAR,2014-10-30 12:00:00,20.3,64.6,40.0,1001.0,AS,Cyclonic Storm
2014297N11062,2014,NILOFAR,2014-10-30 15:00:00,20.4,64.6,,,AS,Super Cyclonic Storm
2014297N11062,2014,NILOFAR,2014-10-30 18:00:00,20.5,64.8,35.0,1002.0,AS,Cyclonic Storm
2014297N11062,2014,NILOFAR,2014-10-30 21:00:00,20.6,64.9,30.0,1003.0,AS,Deep Depression
2014297N11062,2014,NILOFAR,2014-10-31 00:00:00,20.7,65.0,25.0,1004.0,AS,Depression
2014297N11062,2014,NILOFAR,2014-10-31 03:00:00,20.8,65.1,,,AS,Super Cyclonic Storm
2014297N11062,2014,NILOFAR,2014-10-31 06:00:00,21.0,65.1,,,AS,Super Cyclonic Storm
2014297N11062,2014,NILOFAR,2014-10-31 09:00:00,21.2,65.1,,,AS,Super Cyclonic Storm
2014297N11062,2014,NILOFAR,2014-10-31 12:00:00,21.4,65.0,,,AS,Super Cyclonic Storm
2014297N11062,2014,NILOFAR,2014-10-31 15:00:00,21.6,64.9,,,AS,Super Cyclonic Storm
2014297N11062,2014,NILOFAR,2014-10-31 18:00:00,21.7,64.7,,,AS,Super Cyclonic Storm
2014297N11062,2014,NILOFAR,2014-10-31 21:00:00,21.7,64.5,,,AS,Super Cyclonic Storm
2014297N11062,2014,NILOFAR,2014-11-01 00:00:00,21.7,64.2,,,AS,Super Cyclonic Storm
2014297N11062,2014,NILOFAR,2014-11-01 03:00:00,21.7,64.0,,,AS,Super Cyclonic Storm
2014297N11062,2014,NILOFAR,2014-11-01 06:00:00,21.7,63.8,,,AS,Super Cyclonic Storm
2014297N11062,2014,NILOFAR,2014-11-01 09:00:00,21.7,63.6,,,AS,Super Cyclonic Storm
2014297N11062,2014,NILOFAR,2014-11-01 12:00:00,21.7,63.3,,,AS,Super Cyclonic Storm
2014309N13088,2014,UNNAMED,2014-11-05 00:00:00,12.8,87.8,,,BB,Super Cyclonic Storm
2014309N13088,2014,UNNAMED,2014-11-05 03:00:00,12.9,87.7,,,BB,Super Cyclonic Storm
2014309N13088,2014,UNNAMED,2014-11-05 06:00:00,13.0,87.6,,,BB,Super Cyclonic Storm
2014309N13088,2014,UNNAMED,2014-11-05 09:00:00,13.1,87.5,25.0,1000.0,BB,Depression
2014309N13088,2014,UNNAMED,2014-11-05 12:00:00,13.2,87.4,25.0,1000.0,BB,Depression
2014309N13088,2014,UNNAMED,2014-11-05 15:00:00,13.3,87.4,,,BB,Super Cyclonic Storm
2014309N13088,2014,UNNAMED,2014-11-05 18:00:00,13.5,87.4,25.0,1000.0,BB,Depression
2014309N13088,2014,UNNAMED,2014-11-05 21:00:00,13.7,87.3,,,BB,Super Cyclonic Storm
2014309N13088,2014,UNNAMED,2014-11-06 00:00:00,13.8,87.3,25.0,1000.0,BB,Depression
2014309N13088,2014,UNNAMED,2014-11-06 03:00:00,13.8,87.4,30.0,998.0,BB,Deep Depression
2014309N13088,2014,UNNAMED,2014-11-06 06:00:00,13.8,87.7,30.0,998.0,BB,Deep Depression
2014309N13088,2014,UNNAMED,2014-11-06 09:00:00,13.7,87.9,,,BB,Super Cyclonic Storm
2014309N13088,2014,UNNAMED,2014-11-06 12:00:00,13.7,88.1,30.0,998.0,BB,Deep Depression
2014309N13088,2014,UNNAMED,2014-11-06 15:00:00,13.6,88.2,,,BB,Super Cyclonic Storm
2014309N13088,2014,UNNAMED,2014-11-06 18:00:00,13.6,88.2,30.0,1000.0,BB,Deep Depression
2014309N13088,2014,UNNAMED,2014-11-06 21:00:00,13.7,88.0,,,BB,Super Cyclonic Storm
2014309N13088,2014,UNNAMED,2014-11-07 00:00:00,13.9,87.9,30.0,1001.0,BB,Deep Depression
2014309N13088,2014,UNNAMED,2014-11-07 03:00:00,14.1,87.7,30.0,1001.0,BB,Deep Depression
2014309N13088,2014,UNNAMED,2014-11-07 06:00:00,14.2,87.6,25.0,1003.0,BB,Depression
2014309N13088,2014,UNNAMED,2014-11-07 09:00:00,14.2,87.5,,,BB,Super Cyclonic Storm
2014309N13088,2014,UNNAMED,2014-11-07 12:00:00,14.2,87.4,25.0,1003.0,BB,Depression
2014309N13088,2014,UNNAMED,2014-11-07 15:00:00,14.2,87.1,,,BB,Super Cyclonic Storm
2014309N13088,2014,UNNAMED,2014-11-07 18:00:00,14.3,86.8,25.0,1004.0,BB,Depression
2014309N13088,2014,UNNAMED,2014-11-07 21:00:00,14.4,86.4,,,BB,Super Cyclonic Storm
2014309N13088,2014,UNNAMED,2014-11-08 00:00:00,14.5,85.9,25.0,1005.0,BB,Depression
2014309N13088,2014,UNNAMED,2014-11-08 03:00:00,14.4,85.4,,,BB,Super Cyclonic Storm
2014309N13088,2014,UNNAMED,2014-11-08 06:00:00,14.3,85.1,,,BB,Super Cyclonic Storm
2014309N13088,2014,UNNAMED,2014-11-08 09:00:00,14.1,84.7,,,BB,Super Cyclonic Storm
2014309N13088,2014,UNNAMED,2014-11-08 12:00:00,14.0,84.2,,,BB,Super Cyclonic Storm
2014309N13088,2014,UNNAMED,2014-11-08 15:00:00,14.0,83.7,,,BB,Super Cyclonic Storm
2014309N13088,2014,UNNAMED,2014-11-08 18:00:00,14.1,83.3,,,BB,Super Cyclonic Storm
2014309N13088,2014,UNNAMED,2014-11-08 21:00:00,14.3,83.0,,,BB,Super Cyclonic Storm
2014309N13088,2014,UNNAMED,2014-11-09 00:00:00,14.5,82.7,,,BB,Super Cyclonic Storm
2014309N13088,2014,UNNAMED,2014-11-09 03:00:00,14.7,82.4,,,BB,Super Cyclonic Storm
2014309N13088,2014,UNNAMED,2014-11-09 06:00:00,14.9,82.2,,,BB,Super Cyclonic Storm
2015157N13069,2015,ASHOBAA,2015-06-06 06:00:00,13.1,68.5,,,AS,Super Cyclonic Storm
2015157N13069,2015,ASHOBAA,2015-06-06 09:00:00,13.5,68.6,,,AS,Super Cyclonic Storm
2015157N13069,2015,ASHOBAA,2015-06-06 12:00:00,13.8,68.6,,,AS,Super Cyclonic Storm
2015157N13069,2015,ASHOBAA,2015-06-06 15:00:00,14.1,68.6,,,AS,Super Cyclonic Storm
2015157N13069,2015,ASHOBAA,2015-06-06 18:00:00,14.5,68.6,,,AS,Super Cyclonic Storm
2015157N13069,2015,ASHOBAA,2015-06-06 21:00:00,14.9,68.6,,,AS,Super Cyclonic Storm
2015157N13069,2015,ASHOBAA,2015-06-07 00:00:00,15.2,68.6,,,AS,Super Cyclonic Storm
2015157N13069,2015,ASHOBAA,2015-06-07 03:00:00,15.3,68.5,25.0,1004.0,AS,Depression
2015157N13069,2015,ASHOBAA,2015-06-07 06:00:00,15.5,68.4,25.0,1004.0,AS,Depression
2015157N13069,2015,ASHOBAA,2015-06-07 09:00:00,15.8,68.3,,,AS,Super Cyclonic Storm
2015157N13069,2015,ASHOBAA,2015-06-07 12:00:00,16.2,68.3,25.0,1003.0,AS,Depression
2015157N13069,2015,ASHOBAA,2015-06-07 15:00:00,16.5,68.3,,,AS,Super Cyclonic Storm
2015157N13069,2015,ASHOBAA,2015-06-07 18:00:00,16.9,68.3,25.0,1003.0,AS,Depression
2015157N13069,2015,ASHOBAA,2015-06-07 21:00:00,17.2,68.0,,,AS,Super Cyclonic Storm
2015157N13069,2015,ASHOBAA,2015-06-08 00:00:00,17.7,67.6,30.0,996.0,AS,Deep Depression
2015157N13069,2015,ASHOBAA,2015-06-08 03:00:00,18.0,67.2,35.0,994.0,AS,Cyclonic Storm
2015157N13069,2015,ASHOBAA,2015-06-08 06:00:00,18.0,67.0,35.0,994.0,AS,Cyclonic Storm
2015157N13069,2015,ASHOBAA,2015-06-08 09:00:00,18.5,66.6,35.0,994.0,AS,Cyclonic Storm
2015157N13069,2015,ASHOBAA,2015-06-08 12:00:00,18.7,66.4,35.0,994.0,AS,Cyclonic Storm
2015157N13069,2015,ASHOBAA,2015-06-08 15:00:00,18.9,66.1,35.0,994.0,AS,Cyclonic Storm
2015157N13069,2015,ASHOBAA,2015-06-08 18:00:00,19.3,65.7,35.0,994.0,AS,Cyclonic Storm
2015157N13069,2015,ASHOBAA,2015-06-08 21:00:00,19.7,65.4,35.0,994.0,AS,Cyclonic Storm
2015157N13069,2015,ASHOBAA,2015-06-09 00:00:00,20.1,65.1,35.0,992.0,AS,Cyclonic Storm
2015157N13069,2015,ASHOBAA,2015-06-09 03:00:00,20.2,64.8,35.0,992.0,AS,Cyclonic Storm
2015157N13069,2015,ASHOBAA,2015-06-09 06:00:00,20.5,64.4,35.0,990.0,AS,Cyclonic Storm
2015157N13069,2015,ASHOBAA,2015-06-09 09:00:00,20.6,63.8,40.0,990.0,AS,Cyclonic Storm
2015157N13069,2015,ASHOBAA,2015-06-09 12:00:00,21.0,63.3,40.0,990.0,AS,Cyclonic Storm
2015157N13069,2015,ASHOBAA,2015-06-09 15:00:00,21.1,62.8,40.0,990.0,AS,Cyclonic Storm
2015157N13069,2015,ASHOBAA,2015-06-09 18:00:00,21.1,62.6,45.0,990.0,AS,Cyclonic Storm
2015157N13069,2015,ASHOBAA,2015-06-09 21:00:00,21.2,62.3,45.0,990.0,AS,Cyclonic Storm
2015157N13069,2015,ASHOBAA,2015-06-10 00:00:00,21.2,62.0,45.0,990.0,AS,Cyclonic Storm
2015157N13069,2015,ASHOBAA,2015-06-10 03:00:00,21.1,61.8,45.0,990.0,AS,Cyclonic Storm
2015157N13069,2015,ASHOBAA,2015-06-10 06:00:00,21.1,61.6,45.0,990.0,AS,Cyclonic Storm
2015157N13069,2015,ASHOBAA,2015-06-10 09:00:00,21.0,61.3,45.0,990.0,AS,Cyclonic Storm
2015157N13069,2015,ASHOBAA,2015-06-10 12:00:00,21.0,61.3,45.0,990.0,AS,Cyclonic Storm
2015157N13069,2015,ASHOBAA,2015-06-10 15:00:00,20.8,61.1,45.0,990.0,AS,Cyclonic Storm
2015157N13069,2015,ASHOBAA,2015-06-10 18:00:00,20.8,61.1,45.0,992.0,AS,Cyclonic Storm
2015157N13069,2015,ASHOBAA,2015-06-10 21:00:00,20.8,61.2,45.0,992.0,AS,Cyclonic Storm
2015157N13069,2015,ASHOBAA,2015-06-11 00:00:00,20.8,60.9,40.0,994.0,AS,Cyclonic Storm
2015157N13069,2015,ASHOBAA,2015-06-11 03:00:00,20.8,60.8,40.0,994.0,AS,Cyclonic Storm
2015157N13069,2015,ASHOBAA,2015-06-11 06:00:00,20.8,60.6,35.0,994.0,AS,Cyclonic Storm
2015157N13069,2015,ASHOBAA,2015-06-11 09:00:00,20.8,60.4,35.0,994.0,AS,Cyclonic Storm
2015157N13069,2015,ASHOBAA,2015-06-11 12:00:00,20.8,60.2,35.0,994.0,AS,Cyclonic Storm
2015157N13069,2015,ASHOBAA,2015-06-11 15:00:00,20.8,59.9,35.0,994.0,AS,Cyclonic Storm
2015157N13069,2015,ASHOBAA,2015-06-11 18:00:00,20.8,59.9,30.0,996.0,AS,Deep Depression
2015157N13069,2015,ASHOBAA,2015-06-11 21:00:00,20.8,59.8,,,AS,Super Cyclonic Storm
2015157N13069,2015,ASHOBAA,2015-06-12 00:00:00,20.8,59.8,25.0,996.0,AS,Depression
2015157N13069,2015,ASHOBAA,2015-06-12 03:00:00,20.8,59.7,25.0,996.0,AS,Depression
2015157N13069,2015,ASHOBAA,2015-06-12 06:00:00,20.8,59.7,25.0,996.0,AS,Depression
2015171N18086,2015,UNNAMED,2015-06-20 03:00:00,18.0,86.0,25.0,990.0,BB,Depression
2015171N18086,2015,UNNAMED,2015-06-20 06:00:00,18.5,86.0,25.0,990.0,BB,Depression
2015171N18086,2015,UNNAMED,2015-06-20 09:00:00,18.8,85.8,,,BB,Super Cyclonic Storm
2015171N18086,2015,UNNAMED,2015-06-20 12:00:00,19.0,85.5,25.0,990.0,BB,Depression
2015171N18086,2015,UNNAMED,2015-06-20 15:00:00,19.1,85.4,,,BB,Super Cyclonic Storm
2015171N18086,2015,UNNAMED,2015-06-20 18:00:00,19.2,85.4,25.0,990.0,BB,Depression
2015171N18086,2015,UNNAMED,2015-06-20 21:00:00,19.4,85.2,,,BB,Super Cyclonic Storm
2015171N18086,2015,UNNAMED,2015-06-21 00:00:00,19.7,85.0,25.0,992.0,BB,Depression
2015171N18086,2015,UNNAMED,2015-06-21 03:00:00,20.0,85.0,25.0,992.0,BB,Depression
2015171N18086,2015,UNNAMED,2015-06-21 06:00:00,20.0,84.5,25.0,992.0,BB,Depression
2015171N18086,2015,UNNAMED,2015-06-21 09:00:00,20.2,84.4,,,BB,Super Cyclonic Storm
2015171N18086,2015,UNNAMED,2015-06-21 12:00:00,20.5,84.5,25.0,992.0,BB,Depression
2015171N18086,2015,UNNAMED,2015-06-21 15:00:00,20.8,84.5,,,BB,Super Cyclonic Storm
2015171N18086,2015,UNNAMED,2015-06-21 18:00:00,21.0,84.5,25.0,992.0,BB,Depression
2015173N20067,2015,UNNAMED,2015-06-22 03:00:00,20.0,67.0,25.0,990.0,AS,Depression
2015173N20067,2015,UNNAMED,2015-06-22 06:00:00,20.0,67.0,25.0,990.0,AS,Depression
2015173N20067,2015,UNNAMED,2015-06-22 09:00:00,20.0,66.9,,,AS,Super Cyclonic Storm
2015173N20067,2015,UNNAMED,2015-06-22 12:00:00,20.0,67.0,25.0,990.0,AS,Depression
2015173N20067,2015,UNNAMED,2015-06-22 15:00:00,20.1,67.7,,,AS,Super Cyclonic Storm
2015173N20067,2015,UNNAMED,2015-06-22 18:00:00,20.2,68.5,25.0,990.0,AS,Depression
2015173N20067,2015,UNNAMED,2015-06-22 21:00:00,20.4,68.9,,,AS,Super Cyclonic Storm
2015173N20067,2015,UNNAMED,2015-06-23 00:00:00,20.5,69.5,25.0,988.0,AS,Depression
2015173N20067,2015,UNNAMED,2015-06-23 03:00:00,20.5,70.5,30.0,988.0,AS,Deep Depression
2015173N20067,2015,UNNAMED,2015-06-23 06:00:00,21.0,71.0,30.0,988.0,AS,Deep Depression
2015173N20067,2015,UNNAMED,2015-06-23 09:00:00,21.1,71.2,,,AS,Super Cyclonic Storm
2015173N20067,2015,UNNAMED,2015-06-23 12:00:00,21.0,71.3,30.0,990.0,AS,Deep Depression
2015173N20067,2015,UNNAMED,2015-06-23 15:00:00,21.3,71.4,,,AS,Super Cyclonic Storm
2015173N20067,2015,UNNAMED,2015-06-23 18:00:00,21.6,71.4,30.0,990.0,AS,Deep Depression
2015173N20067,2015,UNNAMED,2015-06-23 21:00:00,21.9,71.4,,,AS,Super Cyclonic Storm
2015173N20067,2015,UNNAMED,2015-06-24 00:00:00,22.2,71.5,30.0,990.0,AS,Deep Depression
2015173N20067,2015,UNNAMED,2015-06-24 03:00:00,22.4,72.0,30.0,990.0,AS,Deep Depression
2015173N20067,2015,UNNAMED,2015-06-24 06:00:00,22.8,72.7,30.0,990.0,AS,Deep Depression
2015173N20067,2015,UNNAMED,2015-06-24 09:00:00,23.0,73.3,,,AS,Super Cyclonic Storm
2015173N20067,2015,UNNAMED,2015-06-24 12:00:00,23.5,74.0,25.0,992.0,AS,Depression
2015173N20067,2015,UNNAMED,2015-06-24 15:00:00,24.6,74.9,,,AS,Super Cyclonic Storm
2015173N20067,2015,UNNAMED,2015-06-24 18:00:00,26.0,76.0,25.0,994.0,AS,Depression
2015191N23085,2015,UNNAMED,2015-07-10 03:00:00,23.1,85.1,25.0,996.0,BB,Depression
2015191N23085,2015,UNNAMED,2015-07-10 06:00:00,23.1,85.0,25.0,996.0,BB,Depression
2015191N23085,2015,UNNAMED,2015-07-10 09:00:00,23.3,84.0,25.0,994.0,BB,Depression
2015191N23085,2015,UNNAMED,2015-07-10 12:00:00,23.5,83.5,25.0,994.0,BB,Depression
2015191N23085,2015,UNNAMED,2015-07-10 15:00:00,23.5,82.5,25.0,996.0,BB,Depression
2015191N23085,2015,UNNAMED,2015-07-10 18:00:00,23.6,82.3,25.0,996.0,BB,Depression
2015191N23085,2015,UNNAMED,2015-07-10 21:00:00,23.8,81.0,25.0,996.0,BB,Depression
2015191N23085,2015,UNNAMED,2015-07-11 00:00:00,24.0,80.5,25.0,995.0,BB,Depression
2015191N23085,2015,UNNAMED,2015-07-11 03:00:00,24.0,80.5,25.0,996.0,BB,Depression
2015191N23085,2015,UNNAMED,2015-07-11 06:00:00,24.5,80.5,25.0,996.0,BB,Depression
2015191N23085,2015,UNNAMED,2015-07-11 09:00:00,24.5,80.5,25.0,996.0,BB,Depression
2015191N23085,2015,UNNAMED,2015-07-11 12:00:00,25.5,80.5,25.0,996.0,BB,Depression
2015191N23085,2015,UNNAMED,2015-07-11 15:00:00,26.0,80.0,25.0,996.0,BB,Depression
2015191N23085,2015,UNNAMED,2015-07-11 18:00:00,26.5,79.5,25.0,998.0,BB,Depression
2015191N23085,2015,UNNAMED,2015-07-11 21:00:00,26.0,78.5,25.0,998.0,BB,Depression
2015191N23085,2015,UNNAMED,2015-07-12 00:00:00,27.5,78.3,25.0,998.0,BB,Depression
2015191N23085,2015,UNNAMED,2015-07-12 03:00:00,28.5,78.0,25.0,998.0,AS,Depression
2015191N23085,2015,UNNAMED,2015-07-12 06:00:00,28.5,77.5,25.0,998.0,AS,Depression
2015191N23085,2015,UNNAMED,2015-07-12 09:00:00,28.5,77.3,25.0,998.0,AS,Depression
2015207N22091,2015,KOMEN,2015-07-26 00:00:00,22.0,90.8,20.0,994.0,BB,Depression
2015207N22091,2015,KOMEN,2015-07-26 03:00:00,22.0,90.8,20.0,994.0,BB,Depression
2015207N22091,2015,KOMEN,2015-07-26 06:00:00,22.0,90.5,20.0,994.0,BB,Depression
2015207N22091,2015,KOMEN,2015-07-26 09:00:00,22.0,90.4,,,BB,Super Cyclonic Storm
2015207N22091,2015,KOMEN,2015-07-26 12:00:00,22.0,90.5,20.0,994.0,BB,Depression
2015207N22091,2015,KOMEN,2015-07-26 15:00:00,22.0,90.5,,,BB,Super Cyclonic Storm
2015207N22091,2015,KOMEN,2015-07-26 18:00:00,22.0,90.5,20.0,994.0,BB,Depression
2015207N22091,2015,KOMEN,2015-07-26 21:00:00,22.0,90.5,,,BB,Super Cyclonic Storm
2015207N22091,2015,KOMEN,2015-07-27 00:00:00,22.0,90.5,20.0,994.0,BB,Depression
2015207N22091,2015,KOMEN,2015-07-27 03:00:00,22.0,90.5,25.0,994.0,BB,Depression
2015207N22091,2015,KOMEN,2015-07-27 06:00:00,22.0,90.5,25.0,994.0,BB,Depression
2015207N22091,2015,KOMEN,2015-07-27 09:00:00,22.0,90.5,,,BB,Super Cyclonic Storm
2015207N22091,2015,KOMEN,2015-07-27 12:00:00,22.0,90.5,25.0,994.0,BB,Depression
2015207N22091,2015,KOMEN,2015-07-27 15:00:00,22.0,90.5,,,BB,Super Cyclonic Storm
2015207N22091,2015,KOMEN,2015-07-27 18:00:00,22.0,90.5,25.0,994.0,BB,Depression
2015207N22091,2015,KOMEN,2015-07-27 21:00:00,22.0,90.5,,,BB,Super Cyclonic Storm
2015207N22091,2015,KOMEN,2015-07-28 00:00:00,22.0,90.5,25.0,994.0,BB,Depression
2015207N22091,2015,KOMEN,2015-07-28 03:00:00,22.0,90.5,25.0,994.0,BB,Depression
2015207N22091,2015,KOMEN,2015-07-28 06:00:00,21.6,90.4,25.0,994.0,BB,Depression
2015207N22091,2015,KOMEN,2015-07-28 09:00:00,21.4,90.4,,,BB,Super Cyclonic Storm
2015207N22091,2015,KOMEN,2015-07-28 12:00:00,21.3,90.5,25.0,994.0,BB,Depression
2015207N22091,2015,KOMEN,2015-07-28 15:00:00,21.3,90.7,,,BB,Super Cyclonic Storm
2015207N22091,2015,KOMEN,2015-07-28 18:00:00,21.2,90.9,25.0,992.0,BB,Depression
2015207N22091,2015,KOMEN,2015-07-28 21:00:00,21.0,91.0,,,BB,Super Cyclonic Storm
2015207N22091,2015,KOMEN,2015-07-29 00:00:00,21.0,91.1,30.0,990.0,BB,Deep Depression
2015207N22091,2015,KOMEN,2015-07-29 03:00:00,21.0,91.1,30.0,990.0,BB,Deep Depression
2015207N22091,2015,KOMEN,2015-07-29 06:00:00,21.1,91.2,30.0,990.0,BB,Deep Depression
2015207N22091,2015,KOMEN,2015-07-29 09:00:00,21.2,91.2,,,BB,Super Cyclonic Storm
2015207N22091,2015,KOMEN,2015-07-29 12:00:00,21.3,91.3,30.0,988.0,BB,Deep Depression
2015207N22091,2015,KOMEN,2015-07-29 15:00:00,21.4,91.3,,,BB,Super Cyclonic Storm
2015207N22091,2015,KOMEN,2015-07-29 18:00:00,21.5,91.4,35.0,986.0,BB,Cyclonic Storm
2015207N22091,2015,KOMEN,2015-07-29 21:00:00,21.5,91.4,,,BB,Super Cyclonic Storm
2015207N22091,2015,KOMEN,2015-07-30 00:00:00,21.7,91.5,35.0,986.0,BB,Cyclonic Storm
2015207N22091,2015,KOMEN,2015-07-30 03:00:00,21.9,91.5,35.0,986.0,BB,Cyclonic Storm
2015207N22091,2015,KOMEN,2015-07-30 06:00:00,22.1,91.5,40.0,986.0,BB,Cyclonic Storm
2015207N22091,2015,KOMEN,2015-07-30 09:00:00,22.1,91.5,40.0,986.0,BB,Cyclonic Storm
2015207N22091,2015,KOMEN,2015-07-30 12:00:00,22.3,91.5,35.0,988.0,BB,Cyclonic Storm
2015207N22091,2015,KOMEN,2015-07-30 15:00:00,22.5,91.4,35.0,988.0,BB,Cyclonic Storm
2015207N22091,2015,KOMEN,2015-07-30 18:00:00,22.7,91.2,35.0,988.0,BB,Cyclonic Storm
2015207N22091,2015,KOMEN,2015-07-30 21:00:00,22.9,91.1,30.0,988.0,BB,Deep Depression
2015207N22091,2015,KOMEN,2015-07-31 00:00:00,23.1,90.2,30.0,990.0,BB,Deep Depression
2015207N22091,2015,KOMEN,2015-07-31 03:00:00,23.1,90.0,30.0,990.0,BB,Deep Depression
2015207N22091,2015,KOMEN,2015-07-31 06:00:00,23.1,89.8,30.0,992.0,BB,Deep Depression
2015207N22091,2015,KOMEN,2015-07-31 09:00:00,23.1,89.6,,,BB,Super Cyclonic Storm
2015207N22091,2015,KOMEN,2015-07-31 12:00:00,23.1,89.5,25.0,994.0,BB,Depression
2015207N22091,2015,KOMEN,2015-07-31 15:00:00,23.1,89.4,,,BB,Super Cyclonic Storm
2015207N22091,2015,KOMEN,2015-07-31 18:00:00,23.1,89.4,25.0,994.0,BB,Depression
2015207N22091,2015,KOMEN,2015-07-31 21:00:00,23.2,89.3,,,BB,Super Cyclonic Storm
2015207N22091,2015,KOMEN,2015-08-01 00:00:00,23.2,89.2,20.0,994.0,BB,Depression
2015207N22091,2015,KOMEN,2015-08-01 03:00:00,23.2,89.2,20.0,994.0,BB,Depression
2015207N22091,2015,KOMEN,2015-08-01 06:00:00,23.5,88.8,20.0,994.0,BB,Depression
2015207N22091,2015,KOMEN,2015-08-01 09:00:00,23.7,88.6,,,BB,Super Cyclonic Storm
2015207N22091,2015,KOMEN,2015-08-01 12:00:00,23.8,88.4,20.0,994.0,BB,Depression
2015207N22091,2015,KOMEN,2015-08-01 15:00:00,23.8,88.0,,,BB,Super Cyclonic Storm
2015207N22091,2015,KOMEN,2015-08-01 18:00:00,23.8,87.5,20.0,994.0,BB,Depression
2015207N22091,2015,KOMEN,2015-08-01 21:00:00,23.9,87.2,,,BB,Super Cyclonic Storm
2015207N22091,2015,KOMEN,2015-08-02 00:00:00,23.8,86.7,20.0,996.0,BB,Depression
2015207N22091,2015,KOMEN,2015-08-02 03:00:00,23.5,86.0,20.0,996.0,BB,Depression
2015207N22091,2015,KOMEN,2015-08-02 06:00:00,23.3,85.7,20.0,996.0,BB,Depression
2015207N22091,2015,KOMEN,2015-08-02 09:00:00,23.1,85.5,20.0,996.0,BB,Depression
2015209N26072,2015,UNNAMED,2015-07-27 12:00:00,26.2,71.8,25.0,994.0,AS,Depression
2015209N26072,2015,UNNAMED,2015-07-27 15:00:00,26.0,71.8,25.0,994.0,AS,Depression
2015209N26072,2015,UNNAMED,2015-07-27 18:00:00,25.8,71.8,25.0,996.0,AS,Depression
2015209N26072,2015,UNNAMED,2015-07-27 21:00:00,26.1,71.8,25.0,996.0,AS,Depression
2015209N26072,2015,UNNAMED,2015-07-28 00:00:00,26.2,71.8,25.0,994.0,AS,Depression
2015209N26072,2015,UNNAMED,2015-07-28 03:00:00,24.8,71.8,30.0,994.0,AS,Deep Depression
2015209N26072,2015,UNNAMED,2015-07-28 06:00:00,24.8,71.8,30.0,994.0,AS,Deep Depression
2015209N26072,2015,UNNAMED,2015-07-28 09:00:00,24.8,71.8,30.0,994.0,AS,Deep Depression
2015209N26072,2015,UNNAMED,2015-07-28 12:00:00,25.5,72.0,30.0,994.0,AS,Deep Depression
2015209N26072,2015,UNNAMED,2015-07-28 15:00:00,25.6,72.1,30.0,996.0,AS,Deep Depression
2015209N26072,2015,UNNAMED,2015-07-28 18:00:00,25.8,72.1,30.0,996.0,AS,Deep Depression
2015209N26072,2015,UNNAMED,2015-07-28 21:00:00,25.9,72.3,25.0,996.0,AS,Depression
2015209N26072,2015,UNNAMED,2015-07-29 00:00:00,26.5,72.5,25.0,996.0,AS,Depression
2015209N26072,2015,UNNAMED,2015-07-29 03:00:00,27.2,73.0,25.0,996.0,AS,Depression
2015209N26072,2015,UNNAMED,2015-07-29 06:00:00,27.2,73.0,25.0,996.0,AS,Depression
2015209N26072,2015,UNNAMED,2015-07-29 09:00:00,27.2,73.0,25.0,996.0,AS,Depression
2015209N26072,2015,UNNAMED,2015-07-29 12:00:00,27.7,73.0,25.0,998.0,AS,Depression
2015209N26072,2015,UNNAMED,2015-07-29 15:00:00,27.9,73.0,25.0,998.0,AS,Depression
2015209N26072,2015,UNNAMED,2015-07-29 18:00:00,27.9,73.1,25.0,998.0,AS,Depression
2015209N26072,2015,UNNAMED,2015-07-29 21:00:00,28.0,73.1,25.0,998.0,AS,Depression
2015209N26072,2015,UNNAMED,2015-07-30 00:00:00,28.7,73.4,25.0,998.0,AS,Depression
2015216N23081,2015,UNNAMED,2015-08-04 03:00:00,22.7,80.5,25.0,998.0,BB,Depression
2015216N23081,2015,UNNAMED,2015-08-04 06:00:00,22.7,80.0,25.0,998.0,BB,Depression
2015216N23081,2015,UNNAMED,2015-08-04 09:00:00,22.7,79.5,25.0,998.0,BB,Depression
2015216N23081,2015,UNNAMED,2015-08-04 12:00:00,22.7,77.8,25.0,998.0,AS,Depression
2015216N23081,2015,UNNAMED,2015-08-04 15:00:00,22.7,77.3,,,AS,Super Cyclonic Storm
2015216N23081,2015,UNNAMED,2015-08-04 18:00:00,22.7,77.8,25.0,998.0,AS,Depression
2015259N20084,2015,UNNAMED,2015-09-16 03:00:00,19.6,83.5,25.0,998.0,BB,Depression
2015259N20084,2015,UNNAMED,2015-09-16 06:00:00,20.3,83.0,25.0,998.0,BB,Depression
2015259N20084,2015,UNNAMED,2015-09-16 09:00:00,20.4,82.7,25.0,998.0,BB,Depression
2015259N20084,2015,UNNAMED,2015-09-16 12:00:00,20.5,82.5,25.0,998.0,BB,Depression
2015259N20084,2015,UNNAMED,2015-09-16 15:00:00,20.6,82.0,25.0,998.0,BB,Depression
2015259N20084,2015,UNNAMED,2015-09-16 18:00:00,20.8,81.9,25.0,998.0,BB,Depression
2015259N20084,2015,UNNAMED,2015-09-16 21:00:00,21.0,81.9,25.0,998.0,BB,Depression
2015259N20084,2015,UNNAMED,2015-09-17 00:00:00,21.1,81.5,25.0,998.0,BB,Depression
2015259N20084,2015,UNNAMED,2015-09-17 03:00:00,21.0,79.5,30.0,998.0,BB,Deep Depression
2015259N20084,2015,UNNAMED,2015-09-17 06:00:00,20.5,79.5,30.0,998.0,BB,Deep Depression
2015259N20084,2015,UNNAMED,2015-09-17 09:00:00,20.0,79.5,30.0,998.0,BB,Deep Depression
2015259N20084,2015,UNNAMED,2015-09-17 12:00:00,20.5,79.0,30.0,996.0,BB,Deep Depression
2015259N20084,2015,UNNAMED,2015-09-17 15:00:00,20.0,77.5,30.0,996.0,AS,Deep Depression
2015259N20084,2015,UNNAMED,2015-09-17 18:00:00,20.0,77.0,30.0,996.0,AS,Deep Depression
2015259N20084,2015,UNNAMED,2015-09-17 21:00:00,20.0,76.4,30.0,996.0,AS,Deep Depression
2015259N20084,2015,UNNAMED,2015-09-18 00:00:00,20.8,77.4,25.0,996.0,AS,Depression
2015259N20084,2015,UNNAMED,2015-09-18 03:00:00,20.7,77.0,30.0,996.0,AS,Deep Depression
2015259N20084,2015,UNNAMED,2015-09-18 06:00:00,20.0,77.0,30.0,998.0,AS,Deep Depression
2015259N20084,2015,UNNAMED,2015-09-18 09:00:00,20.7,76.5,25.0,998.0,AS,Depression
2015259N20084,2015,UNNAMED,2015-09-18 12:00:00,20.5,76.0,25.0,998.0,AS,Depression
2015259N20084,2015,UNNAMED,2015-09-18 15:00:00,20.5,75.8,25.0,998.0,AS,Depression
2015259N20084,2015,UNNAMED,2015-09-18 18:00:00,20.5,75.5,25.0,998.0,AS,Depression
2015259N20084,2015,UNNAMED,2015-09-18 21:00:00,20.8,75.0,25.0,998.0,AS,Depression
2015259N20084,2015,UNNAMED,2015-09-19 00:00:00,21.0,74.5,25.0,998.0,AS,Depression
2015280N13071,2015,UNNAMED,2015-10-07 00:00:00,12.7,71.3,,,AS,Super Cyclonic Storm
2015280N13071,2015,UNNAMED,2015-10-07 03:00:00,12.6,71.3,,,AS,Super Cyclonic Storm
2015280N13071,2015,UNNAMED,2015-10-07 06:00:00,12.5,71.4,,,AS,Super Cyclonic Storm
2015280N13071,2015,UNNAMED,2015-10-07 09:00:00,12.5,71.5,,,AS,Super Cyclonic Storm
2015280N13071,2015,UNNAMED,2015-10-07 12:00:00,12.6,71.6,,,AS,Super Cyclonic Storm
2015280N13071,2015,UNNAMED,2015-10-07 15:00:00,12.7,71.7,,,AS,Super Cyclonic Storm
2015280N13071,2015,UNNAMED,2015-10-07 18:00:00,12.8,71.7,,,AS,Super Cyclonic Storm
2015280N13071,2015,UNNAMED,2015-10-07 21:00:00,12.9,71.6,,,AS,Super Cyclonic Storm
2015280N13071,2015,UNNAMED,2015-10-08 00:00:00,12.9,71.5,,,AS,Super Cyclonic Storm
2015280N13071,2015,UNNAMED,2015-10-08 03:00:00,12.9,71.4,,,AS,Super Cyclonic Storm
2015280N13071,2015,UNNAMED,2015-10-08 06:00:00,12.9,71.3,,,AS,Super Cyclonic Storm
2015280N13071,2015,UNNAMED,2015-10-08 09:00:00,13.0,71.2,,,AS,Super Cyclonic Storm
2015280N13071,2015,UNNAMED,2015-10-08 12:00:00,13.2,71.1,,,AS,Super Cyclonic Storm
2015280N13071,2015,UNNAMED,2015-10-08 15:00:00,13.3,71.0,,,AS,Super Cyclonic Storm
2015280N13071,2015,UNNAMED,2015-10-08 18:00:00,13.4,70.9,,,AS,Super Cyclonic Storm
2015280N13071,2015,UNNAMED,2015-10-08 21:00:00,13.5,70.8,,,AS,Super Cyclonic Storm
2015280N13071,2015,UNNAMED,2015-10-09 00:00:00,13.7,70.6,25.0,1004.0,AS,Depression
2015280N13071,2015,UNNAMED,2015-10-09 03:00:00,13.8,70.5,25.0,1004.0,AS,Depression
2015280N13071,2015,UNNAMED,2015-10-09 06:00:00,14.0,70.4,25.0,1004.0,AS,Depression
2015280N13071,2015,UNNAMED,2015-10-09 09:00:00,14.1,70.3,,,AS,Super Cyclonic Storm
2015280N13071,2015,UNNAMED,2015-10-09 12:00:00,14.3,70.2,25.0,1002.0,AS,Depression
2015280N13071,2015,UNNAMED,2015-10-09 15:00:00,14.5,70.1,,,AS,Super Cyclonic Storm
2015280N13071,2015,UNNAMED,2015-10-09 18:00:00,14.7,69.9,30.0,1001.0,AS,Deep Depression
2015280N13071,2015,UNNAMED,2015-10-09 21:00:00,14.8,69.7,,,AS,Super Cyclonic Storm
2015280N13071,2015,UNNAMED,2015-10-10 00:00:00,15.0,69.6,30.0,1001.0,AS,Deep Depression
2015280N13071,2015,UNNAMED,2015-10-10 03:00:00,15.1,69.5,30.0,1001.0,AS,Deep Depression
2015280N13071,2015,UNNAMED,2015-10-10 06:00:00,15.1,69.4,30.0,1000.0,AS,Deep Depression
2015280N13071,2015,UNNAMED,2015-10-10 09:00:00,15.2,69.4,,,AS,Super Cyclonic Storm
2015280N13071,2015,UNNAMED,2015-10-10 12:00:00,15.3,69.4,30.0,1000.0,AS,Deep Depression
2015280N13071,2015,UNNAMED,2015-10-10 15:00:00,15.3,69.4,,,AS,Super Cyclonic Storm
2015280N13071,2015,UNNAMED,2015-10-10 18:00:00,15.4,69.4,30.0,1000.0,AS,Deep Depression
2015280N13071,2015,UNNAMED,2015-10-10 21:00:00,15.5,69.4,,,AS,Super Cyclonic Storm
2015280N13071,2015,UNNAMED,2015-10-11 00:00:00,15.6,69.3,30.0,1001.0,AS,Deep Depression
2015280N13071,2015,UNNAMED,2015-10-11 03:00:00,15.7,69.3,25.0,1003.0,AS,Depression
2015280N13071,2015,UNNAMED,2015-10-11 06:00:00,15.7,69.2,25.0,1003.0,AS,Depression
2015280N13071,2015,UNNAMED,2015-10-11 09:00:00,15.8,69.2,,,AS,Super Cyclonic Storm
2015280N13071,2015,UNNAMED,2015-10-11 12:00:00,15.9,69.2,25.0,1004.0,AS,Depression
2015280N13071,2015,UNNAMED,2015-10-11 15:00:00,16.0,69.2,,,AS,Super Cyclonic Storm
2015280N13071,2015,UNNAMED,2015-10-11 18:00:00,16.0,69.2,25.0,1004.0,AS,Depression
2015280N13071,2015,UNNAMED,2015-10-11 21:00:00,16.0,69.1,,,AS,Super Cyclonic Storm
2015280N13071,2015,UNNAMED,2015-10-12 00:00:00,16.1,69.0,20.0,1004.0,AS,Depression
2015301N11065,2015,CHAPALA,2015-10-27 12:00:00,10.7,65.1,,,AS,Super Cyclonic Storm
2015301N11065,2015,CHAPALA,2015-10-27 15:00:00,10.9,65.0,,,AS,Super Cyclonic Storm
2015301N11065,2015,CHAPALA,2015-10-27 18:00:00,11.1,64.9,,,AS,Super Cyclonic Storm
2015301N11065,2015,CHAPALA,2015-10-27 21:00:00,11.3,64.8,,,AS,Super Cyclonic Storm
2015301N11065,2015,CHAPALA,2015-10-28 00:00:00,11.6,64.7,,,AS,Super Cyclonic Storm
2015301N11065,2015,CHAPALA,2015-10-28 03:00:00,11.8,64.7,25.0,1005.0,AS,Depression
2015301N11065,2015,CHAPALA,2015-10-28 06:00:00,12.0,64.8,25.0,1004.0,AS,Depression
2015301N11065,2015,CHAPALA,2015-10-28 09:00:00,12.4,64.8,,,AS,Super Cyclonic Storm
2015301N11065,2015,CHAPALA,2015-10-28 12:00:00,12.7,64.8,30.0,1001.0,AS,Deep Depression
2015301N11065,2015,CHAPALA,2015-10-28 15:00:00,12.9,64.8,,,AS,Super Cyclonic Storm
2015301N11065,2015,CHAPALA,2015-10-28 18:00:00,13.1,64.6,30.0,1001.0,AS,Deep Depression
2015301N11065,2015,CHAPALA,2015-10-28 21:00:00,13.3,64.4,,,AS,Super Cyclonic Storm
2015301N11065,2015,CHAPALA,2015-10-29 00:00:00,13.6,64.3,35.0,999.0,AS,Cyclonic Storm
2015301N11065,2015,CHAPALA,2015-10-29 03:00:00,13.7,64.1,40.0,997.0,AS,Cyclonic Storm
2015301N11065,2015,CHAPALA,2015-10-29 06:00:00,13.9,63.8,45.0,996.0,AS,Cyclonic Storm
2015301N11065,2015,CHAPALA,2015-10-29 09:00:00,14.0,63.5,50.0,994.0,AS,Severe Cyclonic Storm
2015301N11065,2015,CHAPALA,2015-10-29 12:00:00,14.2,63.2,55.0,990.0,AS,Severe Cyclonic Storm
2015301N11065,2015,CHAPALA,2015-10-29 15:00:00,14.3,62.8,60.0,988.0,AS,Severe Cyclonic Storm
2015301N11065,2015,CHAPALA,2015-10-29 18:00:00,14.3,62.5,65.0,984.0,AS,Very Severe Cyclonic Storm
2015301N11065,2015,CHAPALA,2015-10-29 21:00:00,14.3,62.2,75.0,976.0,AS,Very Severe Cyclonic Storm
2015301N11065,2015,CHAPALA,2015-10-30 00:00:00,14.3,61.8,90.0,966.0,AS,Extremely Severe Cyclonic Storm
2015301N11065,2015,CHAPALA,2015-10-30 03:00:00,14.2,61.5,105.0,954.0,AS,Extremely Severe Cyclonic Storm
2015301N11065,2015,CHAPALA,2015-10-30 06:00:00,14.2,61.1,110.0,948.0,AS,Extremely Severe Cyclonic Storm
2015301N11065,2015,CHAPALA,2015-10-30 09:00:00,14.1,60.8,115.0,940.0,AS,Extremely Severe Cyclonic Storm
2015301N11065,2015,CHAPALA,2015-10-30 12:00:00,14.1,60.6,115.0,940.0,AS,Extremely Severe Cyclonic Storm
2015301N11065,2015,CHAPALA,2015-10-30 15:00:00,14.0,60.4,115.0,940.0,AS,Extremely Severe Cyclonic Storm
2015301N11065,2015,CHAPALA,2015-10-30 18:00:00,13.9,60.2,115.0,940.0,AS,Extremely Severe Cyclonic Storm
2015301N11065,2015,CHAPALA,2015-10-30 21:00:00,13.9,59.9,115.0,942.0,AS,Extremely Severe Cyclonic Storm
2015301N11065,2015,CHAPALA,2015-10-31 00:00:00,13.8,59.6,110.0,944.0,AS,Extremely Severe Cyclonic Storm
2015301N11065,2015,CHAPALA,2015-10-31 03:00:00,13.8,59.2,110.0,946.0,AS,Extremely Severe Cyclonic Storm
2015301N11065,2015,CHAPALA,2015-10-31 06:00:00,13.8,58.7,105.0,950.0,AS,Extremely Severe Cyclonic Storm
2015301N11065,2015,CHAPALA,2015-10-31 09:00:00,13.8,58.3,105.0,950.0,AS,Extremely Severe Cyclonic Storm
2015301N11065,2015,CHAPALA,2015-10-31 12:00:00,13.8,57.9,105.0,950.0,AS,Extremely Severe Cyclonic Storm
2015301N11065,2015,CHAPALA,2015-10-31 15:00:00,13.8,57.5,105.0,950.0,AS,Extremely Severe Cyclonic Storm
2015301N11065,2015,CHAPALA,2015-10-31 18:00:00,13.8,57.2,105.0,950.0,AS,Extremely Severe Cyclonic Storm
2015301N11065,2015,CHAPALA,2015-10-31 21:00:00,13.7,56.8,105.0,950.0,AS,Extremely Severe Cyclonic Storm
2015301N11065,2015,CHAPALA,2015-11-01 00:00:00,13.7,56.4,105.0,950.0,AS,Extremely Severe Cyclonic Storm
2015301N11065,2015,CHAPALA,2015-11-01 03:00:00,13.6,56.1,105.0,952.0,AS,Extremely Severe Cyclonic Storm
2015301N11065,2015,CHAPALA,2015-11-01 06:00:00,13.6,55.7,100.0,954.0,AS,Extremely Severe Cyclonic Storm
2015301N11065,2015,CHAPALA,2015-11-01 09:00:00,13.5,55.2,100.0,956.0,AS,Extremely Severe Cyclonic Storm
2015301N11065,2015,CHAPALA,2015-11-01 12:00:00,13.6,54.7,100.0,956.0,AS,Extremely Severe Cyclonic Storm
2015301N11065,2015,CHAPALA,2015-11-01 15:00:00,13.5,54.2,100.0,956.0,AS,Extremely Severe Cyclonic Storm
2015301N11065,2015,CHAPALA,2015-11-01 18:00:00,13.4,53.7,100.0,956.0,AS,Extremely Severe Cyclonic Storm
2015301N11065,2015,CHAPALA,2015-11-01 21:00:00,13.3,53.1,100.0,956.0,AS,Extremely Severe Cyclonic Storm
2015301N11065,2015,CHAPALA,2015-11-02 00:00:00,13.2,52.6,100.0,958.0,AS,Extremely Severe Cyclonic Storm
2015301N11065,2015,CHAPALA,2015-11-02 03:00:00,13.2,52.2,95.0,960.0,AS,Extremely Severe Cyclonic Storm
2015301N11065,2015,CHAPALA,2015-11-02 06:00:00,13.3,51.6,90.0,964.0,AS,Extremely Severe Cyclonic Storm
2015301N11065,2015,CHAPALA,2015-11-02 09:00:00,13.3,51.0,90.0,966.0,AS,Extremely Severe Cyclonic Storm
2015301N11065,2015,CHAPALA,2015-11-02 12:00:00,13.4,50.6,85.0,968.0,AS,Very Severe Cyclonic Storm
2015301N11065,2015,CHAPALA,2015-11-02 15:00:00,13.5,50.0,85.0,970.0,AS,Very Severe Cyclonic Storm
2015301N11065,2015,CHAPALA,2015-11-02 18:00:00,13.7,49.6,80.0,974.0,AS,Very Severe Cyclonic Storm
2015301N11065,2015,CHAPALA,2015-11-02 21:00:00,13.8,49.3,75.0,978.0,AS,Very Severe Cyclonic Storm
2015301N11065,2015,CHAPALA,2015-11-03 00:00:00,14.0,48.9,65.0,984.0,AS,Very Severe Cyclonic Storm
2015301N11065,2015,CHAPALA,2015-11-03 03:00:00,14.1,48.4,55.0,990.0,AS,Severe Cyclonic Storm
2015301N11065,2015,CHAPALA,2015-11-03 06:00:00,14.1,47.9,45.0,996.0,AS,Cyclonic Storm
2015301N11065,2015,CHAPALA,2015-11-03 09:00:00,14.1,47.6,40.0,998.0,AS,Cyclonic Storm
2015301N11065,2015,CHAPALA,2015-11-03 12:00:00,14.1,47.4,40.0,998.0,AS,Cyclonic Storm
2015301N11065,2015,CHAPALA,2015-11-03 15:00:00,14.2,47.2,40.0,998.0,AS,Cyclonic Storm
2015301N11065,2015,CHAPALA,2015-11-03 18:00:00,14.3,47.1,30.0,1001.0,AS,Deep Depression
2015301N11065,2015,CHAPALA,2015-11-03 21:00:00,14.5,46.8,,,AS,Super Cyclonic Storm
2015301N11065,2015,CHAPALA,2015-11-04 00:00:00,14.8,46.5,25.0,1003.0,AS,Depression
2015309N14067,2015,MEGH,2015-11-04 12:00:00,14.0,66.9,,,AS,Super Cyclonic Storm
2015309N14067,2015,MEGH,2015-11-04 15:00:00,14.0,66.6,,,AS,Super Cyclonic Storm
2015309N14067,2015,MEGH,2015-11-04 18:00:00,14.0,66.4,,,AS,Super Cyclonic Storm
2015309N14067,2015,MEGH,2015-11-04 21:00:00,14.1,66.1,,,AS,Super Cyclonic Storm
2015309N14067,2015,MEGH,2015-11-05 00:00:00,14.1,65.8,25.0,1006.0,AS,Depression
2015309N14067,2015,MEGH,2015-11-05 03:00:00,14.1,65.4,25.0,1004.0,AS,Depression
2015309N14067,2015,MEGH,2015-11-05 06:00:00,14.0,64.8,30.0,1002.0,AS,Deep Depression
2015309N14067,2015,MEGH,2015-11-05 09:00:00,14.0,64.3,,,AS,Super Cyclonic Storm
2015309N14067,2015,MEGH,2015-11-05 12:00:00,14.0,64.0,35.0,998.0,AS,Cyclonic Storm
2015309N14067,2015,MEGH,2015-11-05 15:00:00,13.9,63.6,40.0,996.0,AS,Cyclonic Storm
2015309N14067,2015,MEGH,2015-11-05 18:00:00,13.8,63.3,45.0,994.0,AS,Cyclonic Storm
2015309N14067,2015,MEGH,2015-11-05 21:00:00,13.7,62.9,45.0,994.0,AS,Cyclonic Storm
2015309N14067,2015,MEGH,2015-11-06 00:00:00,13.6,62.5,45.0,994.0,AS,Cyclonic Storm
2015309N14067,2015,MEGH,2015-11-06 03:00:00,13.4,62.2,45.0,994.0,AS,Cyclonic Storm
2015309N14067,2015,MEGH,2015-11-06 06:00:00,13.3,61.9,45.0,994.0,AS,Cyclonic Storm
2015309N14067,2015,MEGH,2015-11-06 09:00:00,13.1,61.6,45.0,994.0,AS,Cyclonic Storm
2015309N14067,2015,MEGH,2015-11-06 12:00:00,13.1,61.2,45.0,994.0,AS,Cyclonic Storm
2015309N14067,2015,MEGH,2015-11-06 15:00:00,12.9,60.9,45.0,994.0,AS,Cyclonic Storm
2015309N14067,2015,MEGH,2015-11-06 18:00:00,12.9,60.7,45.0,994.0,AS,Cyclonic Storm
2015309N14067,2015,MEGH,2015-11-06 21:00:00,12.8,60.4,45.0,994.0,AS,Cyclonic Storm
2015309N14067,2015,MEGH,2015-11-07 00:00:00,12.8,60.1,45.0,994.0,AS,Cyclonic Storm
2015309N14067,2015,MEGH,2015-11-07 03:00:00,12.8,59.6,45.0,994.0,AS,Cyclonic Storm
2015309N14067,2015,MEGH,2015-11-07 06:00:00,12.7,59.3,50.0,992.0,AS,Severe Cyclonic Storm
2015309N14067,2015,MEGH,2015-11-07 09:00:00,12.7,58.8,55.0,990.0,AS,Severe Cyclonic Storm
2015309N14067,2015,MEGH,2015-11-07 12:00:00,12.8,58.4,60.0,988.0,AS,Severe Cyclonic Storm
2015309N14067,2015,MEGH,2015-11-07 15:00:00,12.7,57.9,65.0,984.0,AS,Very Severe Cyclonic Storm
2015309N14067,2015,MEGH,2015-11-07 18:00:00,12.8,57.3,70.0,980.0,AS,Very Severe Cyclonic Storm
2015309N14067,2015,MEGH,2015-11-07 21:00:00,12.7,56.7,80.0,976.0,AS,Very Severe Cyclonic Storm
2015309N14067,2015,MEGH,2015-11-08 00:00:00,12.7,56.1,85.0,974.0,AS,Very Severe Cyclonic Storm
2015309N14067,2015,MEGH,2015-11-08 03:00:00,12.7,55.5,90.0,968.0,AS,Extremely Severe Cyclonic Storm
2015309N14067,2015,MEGH,2015-11-08 06:00:00,12.7,54.9,95.0,964.0,AS,Extremely Severe Cyclonic Storm
2015309N14067,2015,MEGH,2015-11-08 09:00:00,12.7,54.2,95.0,964.0,AS,Extremely Severe Cyclonic Storm
2015309N14067,2015,MEGH,2015-11-08 12:00:00,12.7,53.5,90.0,970.0,AS,Extremely Severe Cyclonic Storm
2015309N14067,2015,MEGH,2015-11-08 15:00:00,12.6,52.8,90.0,970.0,AS,Extremely Severe Cyclonic Storm
2015309N14067,2015,MEGH,2015-11-08 18:00:00,12.5,52.3,90.0,970.0,AS,Extremely Severe Cyclonic Storm
2015309N14067,2015,MEGH,2015-11-08 21:00:00,12.4,51.6,90.0,970.0,AS,Extremely Severe Cyclonic Storm
2015309N14067,2015,MEGH,2015-11-09 00:00:00,12.3,50.9,85.0,974.0,AS,Very Severe Cyclonic Storm
2015309N14067,2015,MEGH,2015-11-09 03:00:00,12.2,50.2,80.0,976.0,AS,Very Severe Cyclonic Storm
2015309N14067,2015,MEGH,2015-11-09 06:00:00,12.3,49.6,80.0,978.0,AS,Very Severe Cyclonic Storm
2015309N14067,2015,MEGH,2015-11-09 09:00:00,12.3,48.9,75.0,980.0,AS,Very Severe Cyclonic Storm
2015309N14067,2015,MEGH,2015-11-09 12:00:00,12.5,48.3,70.0,982.0,AS,Very Severe Cyclonic Storm
2015309N14067,2015,MEGH,2015-11-09 15:00:00,12.5,48.0,65.0,986.0,AS,Very Severe Cyclonic Storm
2015309N14067,2015,MEGH,2015-11-09 18:00:00,12.6,47.6,65.0,988.0,AS,Very Severe Cyclonic Storm
2015309N14067,2015,MEGH,2015-11-09 21:00:00,12.7,47.3,60.0,990.0,AS,Severe Cyclonic Storm
2015309N14067,2015,MEGH,2015-11-10 00:00:00,12.9,47.0,50.0,996.0,AS,Severe Cyclonic Storm
2015309N14067,2015,MEGH,2015-11-10 03:00:00,13.0,46.8,40.0,998.0,AS,Cyclonic Storm
2015309N14067,2015,MEGH,2015-11-10 06:00:00,13.3,46.6,30.0,1003.0,AS,Deep Depression
2015309N14067,2015,MEGH,2015-11-10 09:00:00,13.5,46.6,,,AS,Super Cyclonic Storm
2015309N14067,2015,MEGH,2015-11-10 12:00:00,13.7,46.6,25.0,1005.0,AS,Depression
2015312N11084,2015,UNNAMED,2015-11-08 03:00:00,10.7,83.7,25.0,1003.0,BB,Depression
2015312N11084,2015,UNNAMED,2015-11-08 06:00:00,10.8,83.2,25.0,1003.0,BB,Depression
2015312N11084,2015,UNNAMED,2015-11-08 09:00:00,10.9,82.8,,,BB,Super Cyclonic Storm
2015312N11084,2015,UNNAMED,2015-11-08 12:00:00,11.0,82.5,25.0,1002.0,BB,Depression
2015312N11084,2015,UNNAMED,2015-11-08 15:00:00,11.1,82.0,,,BB,Super Cyclonic Storm
2015312N11084,2015,UNNAMED,2015-11-08 18:00:00,11.2,81.4,30.0,1000.0,BB,Deep Depression
2015312N11084,2015,UNNAMED,2015-11-08 21:00:00,11.3,81.0,,,BB,Super Cyclonic Storm
2015312N11084,2015,UNNAMED,2015-11-09 00:00:00,11.4,80.7,30.0,999.0,BB,Deep Depression
2015312N11084,2015,UNNAMED,2015-11-09 03:00:00,11.6,80.3,30.0,998.0,BB,Deep Depression
2015312N11084,2015,UNNAMED,2015-11-09 06:00:00,11.7,80.1,30.0,996.0,BB,Deep Depression
2015312N11084,2015,UNNAMED,2015-11-09 09:00:00,11.9,80.0,,,BB,Super Cyclonic Storm
2015312N11084,2015,UNNAMED,2015-11-09 12:00:00,12.1,80.0,30.0,996.0,BB,Deep Depression
2015312N11084,2015,UNNAMED,2015-11-09 15:00:00,12.3,80.0,,,BB,Super Cyclonic Storm
2015312N11084,2015,UNNAMED,2015-11-09 18:00:00,12.4,79.9,30.0,998.0,BB,Deep Depression
2015312N11084,2015,UNNAMED,2015-11-09 21:00:00,12.4,79.8,,,BB,Super Cyclonic Storm
2015312N11084,2015,UNNAMED,2015-11-10 00:00:00,12.4,79.6,30.0,1000.0,BB,Deep Depression
2015312N11084,2015,UNNAMED,2015-11-10 03:00:00,12.4,79.3,20.0,1002.0,BB,Depression
2016138N10081,2016,ROANU,2016-05-17 00:00:00,10.0,80.8,,,BB,Super Cyclonic Storm
2016138N10081,2016,ROANU,2016-05-17 03:00:00,10.5,81.0,25.0,1000.0,BB,Depression
2016138N10081,2016,ROANU,2016-05-17 06:00:00,10.8,81.1,25.0,999.0,BB,Depression
2016138N10081,2016,ROANU,2016-05-17 09:00:00,11.2,81.1,,,BB,Super Cyclonic Storm
2016138N10081,2016,ROANU,2016-05-17 12:00:00,11.7,81.1,25.0,998.0,BB,Depression
2016138N10081,2016,ROANU,2016-05-17 15:00:00,12.1,81.1,,,BB,Super Cyclonic Storm
2016138N10081,2016,ROANU,2016-05-17 18:00:00,12.5,81.1,25.0,998.0,BB,Depression
2016138N10081,2016,ROANU,2016-05-17 21:00:00,12.8,81.2,,,BB,Super Cyclonic Storm
2016138N10081,2016,ROANU,2016-05-18 00:00:00,13.1,81.2,25.0,998.0,BB,Depression
2016138N10081,2016,ROANU,2016-05-18 03:00:00,13.4,81.3,30.0,997.0,BB,Deep Depression
2016138N10081,2016,ROANU,2016-05-18 06:00:00,13.9,81.3,30.0,996.0,BB,Deep Depression
2016138N10081,2016,ROANU,2016-05-18 09:00:00,14.2,81.3,,,BB,Super Cyclonic Storm
2016138N10081,2016,ROANU,2016-05-18 12:00:00,14.4,81.3,30.0,996.0,BB,Deep Depression
2016138N10081,2016,ROANU,2016-05-18 15:00:00,14.5,81.3,,,BB,Super Cyclonic Storm
2016138N10081,2016,ROANU,2016-05-18 18:00:00,14.7,81.3,30.0,994.0,BB,Deep Depression
2016138N10081,2016,ROANU,2016-05-18 21:00:00,14.9,81.4,,,BB,Super Cyclonic Storm
2016138N10081,2016,ROANU,2016-05-19 00:00:00,15.1,81.6,35.0,990.0,BB,Cyclonic Storm
2016138N10081,2016,ROANU,2016-05-19 03:00:00,15.4,81.8,35.0,990.0,BB,Cyclonic Storm
2016138N10081,2016,ROANU,2016-05-19 06:00:00,15.4,82.0,40.0,988.0,BB,Cyclonic Storm
2016138N10081,2016,ROANU,2016-05-19 09:00:00,15.5,82.2,,,BB,Super Cyclonic Storm
2016138N10081,2016,ROANU,2016-05-19 12:00:00,15.8,82.5,40.0,988.0,BB,Cyclonic Storm
2016138N10081,2016,ROANU,2016-05-19 15:00:00,16.1,82.8,40.0,988.0,BB,Cyclonic Storm
2016138N10081,2016,ROANU,2016-05-19 18:00:00,16.5,83.1,40.0,988.0,BB,Cyclonic Storm
2016138N10081,2016,ROANU,2016-05-19 21:00:00,16.9,83.5,40.0,988.0,BB,Cyclonic Storm
2016138N10081,2016,ROANU,2016-05-20 00:00:00,17.4,84.0,40.0,988.0,BB,Cyclonic Storm
2016138N10081,2016,ROANU,2016-05-20 03:00:00,18.1,84.7,40.0,988.0,BB,Cyclonic Storm
2016138N10081,2016,ROANU,2016-05-20 06:00:00,18.6,85.1,40.0,988.0,BB,Cyclonic Storm
2016138N10081,2016,ROANU,2016-05-20 09:00:00,18.9,85.6,40.0,988.0,BB,Cyclonic Storm
2016138N10081,2016,ROANU,2016-05-20 12:00:00,19.4,86.7,40.0,988.0,BB,Cyclonic Storm
2016138N10081,2016,ROANU,2016-05-20 15:00:00,19.8,87.3,40.0,986.0,BB,Cyclonic Storm
2016138N10081,2016,ROANU,2016-05-20 18:00:00,20.2,88.0,45.0,984.0,BB,Cyclonic Storm
2016138N10081,2016,ROANU,2016-05-20 21:00:00,20.5,88.7,45.0,983.0,BB,Cyclonic Storm
2016138N10081,2016,ROANU,2016-05-21 00:00:00,20.9,89.4,45.0,983.0,BB,Cyclonic Storm
2016138N10081,2016,ROANU,2016-05-21 03:00:00,21.4,90.4,45.0,983.0,BB,Cyclonic Storm
2016138N10081,2016,ROANU,2016-05-21 06:00:00,21.9,91.0,45.0,983.0,BB,Cyclonic Storm
2016138N10081,2016,ROANU,2016-05-21 09:00:00,22.6,91.5,45.0,983.0,BB,Cyclonic Storm
2016138N10081,2016,ROANU,2016-05-21 12:00:00,23.0,92.0,35.0,990.0,BB,Cyclonic Storm
2016138N10081,2016,ROANU,2016-05-21 15:00:00,23.5,93.0,30.0,992.0,BB,Deep Depression
2016138N10081,2016,ROANU,2016-05-21 18:00:00,24.0,94.0,30.0,994.0,BB,Deep Depression
2016138N10081,2016,ROANU,2016-05-21 21:00:00,24.3,94.5,,,BB,Super Cyclonic Storm
2016138N10081,2016,ROANU,2016-05-22 00:00:00,24.5,94.7,20.0,996.0,BB,Depression
2016178N22068,2016,UNNAMED,2016-06-26 06:00:00,21.7,67.8,,,AS,Super Cyclonic Storm
2016178N22068,2016,UNNAMED,2016-06-26 09:00:00,21.8,67.4,,,AS,Super Cyclonic Storm
2016178N22068,2016,UNNAMED,2016-06-26 12:00:00,21.8,67.1,,,AS,Super Cyclonic Storm
2016178N22068,2016,UNNAMED,2016-06-26 15:00:00,21.8,66.8,,,AS,Super Cyclonic Storm
2016178N22068,2016,UNNAMED,2016-06-26 18:00:00,21.9,66.5,,,AS,Super Cyclonic Storm
2016178N22068,2016,UNNAMED,2016-06-26 21:00:00,22.0,66.1,,,AS,Super Cyclonic Storm
2016178N22068,2016,UNNAMED,2016-06-27 00:00:00,22.0,65.6,,,AS,Super Cyclonic Storm
2016178N22068,2016,UNNAMED,2016-06-27 03:00:00,22.0,65.1,,,AS,Super Cyclonic Storm
2016178N22068,2016,UNNAMED,2016-06-27 06:00:00,21.9,64.7,,,AS,Super Cyclonic Storm
2016178N22068,2016,UNNAMED,2016-06-27 09:00:00,21.7,64.4,25.0,996.0,AS,Depression
2016178N22068,2016,UNNAMED,2016-06-27 12:00:00,21.6,64.1,25.0,996.0,AS,Depression
2016178N22068,2016,UNNAMED,2016-06-27 15:00:00,21.5,64.0,,,AS,Super Cyclonic Storm
2016178N22068,2016,UNNAMED,2016-06-27 18:00:00,21.5,64.0,25.0,996.0,AS,Depression
2016178N22068,2016,UNNAMED,2016-06-27 21:00:00,21.5,64.1,,,AS,Super Cyclonic Storm
2016178N22068,2016,UNNAMED,2016-06-28 00:00:00,21.5,63.9,25.0,996.0,AS,Depression
2016178N22068,2016,UNNAMED,2016-06-28 03:00:00,21.2,62.9,25.0,996.0,AS,Depression
2016178N22068,2016,UNNAMED,2016-06-28 06:00:00,21.2,62.7,25.0,996.0,AS,Depression
2016178N22068,2016,UNNAMED,2016-06-28 09:00:00,21.1,62.4,,,AS,Super Cyclonic Storm
2016178N22068,2016,UNNAMED,2016-06-28 12:00:00,20.8,62.3,25.0,996.0,AS,Depression
2016178N22068,2016,UNNAMED,2016-06-28 15:00:00,20.5,62.3,,,AS,Super Cyclonic Storm
2016178N22068,2016,UNNAMED,2016-06-28 18:00:00,20.3,62.4,25.0,996.0,AS,Depression
2016178N22068,2016,UNNAMED,2016-06-28 21:00:00,20.3,62.4,,,AS,Super Cyclonic Storm
2016178N22068,2016,UNNAMED,2016-06-29 00:00:00,20.3,62.3,25.0,996.0,AS,Depression
2016222N22089,2016,UNNAMED,2016-08-09 09:00:00,22.0,88.5,25.0,996.0,BB,Depression
2016222N22089,2016,UNNAMED,2016-08-09 12:00:00,22.0,88.5,25.0,996.0,BB,Depression
2016222N22089,2016,UNNAMED,2016-08-09 15:00:00,22.2,88.7,,,BB,Super Cyclonic Storm
2016222N22089,2016,UNNAMED,2016-08-09 18:00:00,22.5,89.0,25.0,995.0,BB,Depression
2016222N22089,2016,UNNAMED,2016-08-09 21:00:00,22.7,89.5,,,BB,Super Cyclonic Storm
2016222N22089,2016,UNNAMED,2016-08-10 00:00:00,22.8,89.7,25.0,995.0,BB,Depression
2016222N22089,2016,UNNAMED,2016-08-10 03:00:00,23.0,89.4,30.0,994.0,BB,Deep Depression
2016222N22089,2016,UNNAMED,2016-08-10 06:00:00,23.1,89.3,30.0,994.0,BB,Deep Depression
2016222N22089,2016,UNNAMED,2016-08-10 09:00:00,23.2,89.2,,,BB,Super Cyclonic Storm
2016222N22089,2016,UNNAMED,2016-08-10 12:00:00,23.4,89.1,30.0,994.0,BB,Deep Depression
2016222N22089,2016,UNNAMED,2016-08-10 15:00:00,23.5,88.8,,,BB,Super Cyclonic Storm
2016222N22089,2016,UNNAMED,2016-08-10 18:00:00,23.6,88.5,30.0,994.0,BB,Deep Depression
2016222N22089,2016,UNNAMED,2016-08-10 21:00:00,23.7,88.2,,,BB,Super Cyclonic Storm
2016222N22089,2016,UNNAMED,2016-08-11 00:00:00,23.8,87.8,30.0,994.0,BB,Deep Depression
2016222N22089,2016,UNNAMED,2016-08-11 03:00:00,24.0,87.4,30.0,994.0,BB,Deep Depression
2016222N22089,2016,UNNAMED,2016-08-11 06:00:00,24.0,87.0,25.0,996.0,BB,Depression
2016222N22089,2016,UNNAMED,2016-08-11 09:00:00,24.0,86.7,,,BB,Super Cyclonic Storm
2016222N22089,2016,UNNAMED,2016-08-11 12:00:00,24.0,86.5,25.0,996.0,BB,Depression
2016222N22089,2016,UNNAMED,2016-08-11 15:00:00,24.0,86.1,,,BB,Super Cyclonic Storm
2016222N22089,2016,UNNAMED,2016-08-11 18:00:00,24.0,85.7,25.0,996.0,BB,Depression
2016222N22089,2016,UNNAMED,2016-08-11 21:00:00,24.0,85.4,,,BB,Super Cyclonic Storm
2016222N22089,2016,UNNAMED,2016-08-12 00:00:00,24.0,85.0,25.0,996.0,BB,Depression
2016222N22089,2016,UNNAMED,2016-08-12 03:00:00,24.0,84.5,25.0,996.0,BB,Depression
2016222N22089,2016,UNNAMED,2016-08-12 06:00:00,24.0,84.5,25.0,996.0,BB,Depression
2016222N22089,2016,UNNAMED,2016-08-12 09:00:00,24.1,84.5,,,BB,Super Cyclonic Storm
2016222N22089,2016,UNNAMED,2016-08-12 12:00:00,24.2,84.5,25.0,996.0,BB,Depression
2016222N22089,2016,UNNAMED,2016-08-12 15:00:00,24.3,84.3,,,BB,Super Cyclonic Storm
2016222N22089,2016,UNNAMED,2016-08-12 18:00:00,24.4,84.0,20.0,996.0,BB,Depression
2016230N21089,2016,UNNAMED,2016-08-16 12:00:00,21.0,89.0,20.0,996.0,BB,Depression
2016230N21089,2016,UNNAMED,2016-08-16 15:00:00,21.1,88.9,,,BB,Super Cyclonic Storm
2016230N21089,2016,UNNAMED,2016-08-16 18:00:00,21.2,88.7,20.0,996.0,BB,Depression
2016230N21089,2016,UNNAMED,2016-08-16 21:00:00,21.3,88.5,,,BB,Super Cyclonic Storm
2016230N21089,2016,UNNAMED,2016-08-17 00:00:00,21.4,88.4,20.0,996.0,BB,Depression
2016230N21089,2016,UNNAMED,2016-08-17 03:00:00,21.5,88.5,20.0,996.0,BB,Depression
2016230N21089,2016,UNNAMED,2016-08-17 06:00:00,21.5,88.5,20.0,996.0,BB,Depression
2016230N21089,2016,UNNAMED,2016-08-17 09:00:00,21.7,88.4,,,BB,Super Cyclonic Storm
2016230N21089,2016,UNNAMED,2016-08-17 12:00:00,22.0,88.2,25.0,994.0,BB,Depression
2016230N21089,2016,UNNAMED,2016-08-17 15:00:00,22.4,87.6,,,BB,Super Cyclonic Storm
2016230N21089,2016,UNNAMED,2016-08-17 18:00:00,22.9,86.9,25.0,994.0,BB,Depression
2016230N21089,2016,UNNAMED,2016-08-17 21:00:00,23.3,86.3,,,BB,Super Cyclonic Storm
2016230N21089,2016,UNNAMED,2016-08-18 00:00:00,23.7,85.7,25.0,994.0,BB,Depression
2016230N21089,2016,UNNAMED,2016-08-18 03:00:00,24.0,85.0,25.0,994.0,BB,Depression
2016230N21089,2016,UNNAMED,2016-08-18 06:00:00,24.0,84.4,25.0,994.0,BB,Depression
2016230N21089,2016,UNNAMED,2016-08-18 09:00:00,24.0,83.9,,,BB,Super Cyclonic Storm
2016230N21089,2016,UNNAMED,2016-08-18 12:00:00,24.1,83.4,25.0,994.0,BB,Depression
2016230N21089,2016,UNNAMED,2016-08-18 15:00:00,24.2,83.0,,,BB,Super Cyclonic Storm
2016230N21089,2016,UNNAMED,2016-08-18 18:00:00,24.4,82.7,25.0,994.0,BB,Depression
2016230N21089,2016,UNNAMED,2016-08-18 21:00:00,24.5,82.3,,,BB,Super Cyclonic Storm
2016230N21089,2016,UNNAMED,2016-08-19 00:00:00,24.7,82.1,25.0,994.0,BB,Depression
2016230N21089,2016,UNNAMED,2016-08-19 03:00:00,25.0,82.3,25.0,994.0,BB,Depression
2016230N21089,2016,UNNAMED,2016-08-19 06:00:00,24.8,80.6,25.0,994.0,BB,Depression
2016230N21089,2016,UNNAMED,2016-08-19 09:00:00,24.7,79.5,,,BB,Super Cyclonic Storm
2016230N21089,2016,UNNAMED,2016-08-19 12:00:00,24.7,79.0,25.0,994.0,BB,Depression
2016230N21089,2016,UNNAMED,2016-08-19 15:00:00,24.7,78.6,,,BB,Super Cyclonic Storm
2016230N21089,2016,UNNAMED,2016-08-19 18:00:00,24.7,78.4,25.0,994.0,BB,Depression
2016230N21089,2016,UNNAMED,2016-08-19 21:00:00,24.7,78.1,,,BB,Super Cyclonic Storm
2016230N21089,2016,UNNAMED,2016-08-20 00:00:00,24.7,77.8,25.0,994.0,AS,Depression
2016230N21089,2016,UNNAMED,2016-08-20 03:00:00,24.8,77.5,25.0,994.0,AS,Depression
2016230N21089,2016,UNNAMED,2016-08-20 06:00:00,24.8,77.3,25.0,994.0,AS,Depression
2016230N21089,2016,UNNAMED,2016-08-20 09:00:00,24.8,77.3,,,AS,Super Cyclonic Storm
2016230N21089,2016,UNNAMED,2016-08-20 12:00:00,24.8,77.2,20.0,994.0,AS,Depression
2016230N21089,2016,UNNAMED,2016-08-20 15:00:00,24.9,76.9,,,AS,Super Cyclonic Storm
2016230N21089,2016,UNNAMED,2016-08-20 18:00:00,25.0,76.5,15.0,996.0,AS,Low Pressure Area
2016295N13089,2016,KYANT,2016-10-21 00:00:00,13.5,88.5,25.0,1003.0,BB,Depression
2016295N13089,2016,KYANT,2016-10-21 03:00:00,13.6,88.8,25.0,1003.0,BB,Depression
2016295N13089,2016,KYANT,2016-10-21 06:00:00,13.7,89.3,25.0,1003.0,BB,Depression
2016295N13089,2016,KYANT,2016-10-21 09:00:00,13.8,89.6,,,BB,Super Cyclonic Storm
2016295N13089,2016,KYANT,2016-10-21 12:00:00,13.9,89.8,25.0,1003.0,BB,Depression
2016295N13089,2016,KYANT,2016-10-21 15:00:00,13.9,89.9,,,BB,Super Cyclonic Storm
2016295N13089,2016,KYANT,2016-10-21 18:00:00,13.9,89.9,25.0,1003.0,BB,Depression
2016295N13089,2016,KYANT,2016-10-21 21:00:00,13.9,89.9,,,BB,Super Cyclonic Storm
2016295N13089,2016,KYANT,2016-10-22 00:00:00,13.9,90.1,25.0,1002.0,BB,Depression
2016295N13089,2016,KYANT,2016-10-22 03:00:00,14.1,90.7,25.0,1002.0,BB,Depression
2016295N13089,2016,KYANT,2016-10-22 06:00:00,14.5,91.4,25.0,1002.0,BB,Depression
2016295N13089,2016,KYANT,2016-10-22 09:00:00,14.8,91.8,,,BB,Super Cyclonic Storm
2016295N13089,2016,KYANT,2016-10-22 12:00:00,14.9,92.1,25.0,1002.0,BB,Depression
2016295N13089,2016,KYANT,2016-10-22 15:00:00,15.1,92.3,,,BB,Super Cyclonic Storm
2016295N13089,2016,KYANT,2016-10-22 18:00:00,15.3,92.5,25.0,1002.0,BB,Depression
2016295N13089,2016,KYANT,2016-10-22 21:00:00,15.4,92.6,,,BB,Super Cyclonic Storm
2016295N13089,2016,KYANT,2016-10-23 00:00:00,15.5,92.8,25.0,1002.0,BB,Depression
2016295N13089,2016,KYANT,2016-10-23 03:00:00,15.6,92.8,30.0,1000.0,BB,Deep Depression
2016295N13089,2016,KYANT,2016-10-23 06:00:00,15.6,92.8,30.0,1000.0,BB,Deep Depression
2016295N13089,2016,KYANT,2016-10-23 09:00:00,15.7,92.9,,,BB,Super Cyclonic Storm
2016295N13089,2016,KYANT,2016-10-23 12:00:00,15.8,93.0,30.0,1000.0,BB,Deep Depression
2016295N13089,2016,KYANT,2016-10-23 15:00:00,15.9,93.0,,,BB,Super Cyclonic Storm
2016295N13089,2016,KYANT,2016-10-23 18:00:00,16.0,93.1,30.0,1000.0,BB,Deep Depression
2016295N13089,2016,KYANT,2016-10-23 21:00:00,16.1,93.1,,,BB,Super Cyclonic Storm
2016295N13089,2016,KYANT,2016-10-24 00:00:00,16.3,93.1,30.0,1000.0,BB,Deep Depression
2016295N13089,2016,KYANT,2016-10-24 03:00:00,16.3,93.1,30.0,1000.0,BB,Deep Depression
2016295N13089,2016,KYANT,2016-10-24 06:00:00,16.5,93.1,30.0,1000.0,BB,Deep Depression
2016295N13089,2016,KYANT,2016-10-24 09:00:00,16.7,92.8,,,BB,Super Cyclonic Storm
2016295N13089,2016,KYANT,2016-10-24 12:00:00,16.7,92.5,30.0,1000.0,BB,Deep Depression
2016295N13089,2016,KYANT,2016-10-24 15:00:00,16.7,92.3,,,BB,Super Cyclonic Storm
2016295N13089,2016,KYANT,2016-10-24 18:00:00,16.7,92.2,30.0,1000.0,BB,Deep Depression
2016295N13089,2016,KYANT,2016-10-24 21:00:00,16.7,92.0,,,BB,Super Cyclonic Storm
2016295N13089,2016,KYANT,2016-10-25 00:00:00,16.8,91.7,30.0,1000.0,BB,Deep Depression
2016295N13089,2016,KYANT,2016-10-25 03:00:00,16.8,91.4,35.0,998.0,BB,Cyclonic Storm
2016295N13089,2016,KYANT,2016-10-25 06:00:00,16.8,91.1,35.0,998.0,BB,Cyclonic Storm
2016295N13089,2016,KYANT,2016-10-25 09:00:00,16.7,90.8,35.0,998.0,BB,Cyclonic Storm
2016295N13089,2016,KYANT,2016-10-25 12:00:00,16.8,90.6,35.0,998.0,BB,Cyclonic Storm
2016295N13089,2016,KYANT,2016-10-25 15:00:00,16.6,90.2,35.0,998.0,BB,Cyclonic Storm
2016295N13089,2016,KYANT,2016-10-25 18:00:00,16.6,89.8,35.0,998.0,BB,Cyclonic Storm
2016295N13089,2016,KYANT,2016-10-25 21:00:00,16.4,89.5,35.0,997.0,BB,Cyclonic Storm
2016295N13089,2016,KYANT,2016-10-26 00:00:00,16.4,89.0,40.0,996.0,BB,Cyclonic Storm
2016295N13089,2016,KYANT,2016-10-26 03:00:00,16.3,88.5,40.0,996.0,BB,Cyclonic Storm
2016295N13089,2016,KYANT,2016-10-26 06:00:00,16.3,87.9,40.0,996.0,BB,Cyclonic Storm
2016295N13089,2016,KYANT,2016-10-26 09:00:00,16.2,87.4,40.0,996.0,BB,Cyclonic Storm
2016295N13089,2016,KYANT,2016-10-26 12:00:00,16.2,87.0,40.0,996.0,BB,Cyclonic Storm
2016295N13089,2016,KYANT,2016-10-26 15:00:00,16.1,86.6,40.0,997.0,BB,Cyclonic Storm
2016295N13089,2016,KYANT,2016-10-26 18:00:00,16.0,86.3,35.0,998.0,BB,Cyclonic Storm
2016295N13089,2016,KYANT,2016-10-26 21:00:00,15.9,85.8,30.0,1000.0,BB,Deep Depression
2016295N13089,2016,KYANT,2016-10-27 00:00:00,15.8,85.4,30.0,1002.0,BB,Deep Depression
2016295N13089,2016,KYANT,2016-10-27 03:00:00,15.7,84.8,30.0,1002.0,BB,Deep Depression
2016295N13089,2016,KYANT,2016-10-27 06:00:00,15.7,84.4,30.0,1003.0,BB,Deep Depression
2016295N13089,2016,KYANT,2016-10-27 09:00:00,15.6,83.9,,,BB,Super Cyclonic Storm
2016295N13089,2016,KYANT,2016-10-27 12:00:00,15.6,83.6,30.0,1004.0,BB,Deep Depression
2016295N13089,2016,KYANT,2016-10-27 15:00:00,15.4,83.3,,,BB,Super Cyclonic Storm
2016295N13089,2016,KYANT,2016-10-27 18:00:00,15.3,83.0,25.0,1004.0,BB,Depression
2016295N13089,2016,KYANT,2016-10-27 21:00:00,15.2,82.8,,,BB,Super Cyclonic Storm
2016295N13089,2016,KYANT,2016-10-28 00:00:00,15.1,82.6,,,BB,Super Cyclonic Storm
2016295N13089,2016,KYANT,2016-10-28 03:00:00,15.0,82.4,,,BB,Super Cyclonic Storm
2016295N13089,2016,KYANT,2016-10-28 06:00:00,14.9,82.1,,,BB,Super Cyclonic Storm
2016295N13089,2016,KYANT,2016-10-28 09:00:00,14.8,81.9,,,BB,Super Cyclonic Storm
2016295N13089,2016,KYANT,2016-10-28 12:00:00,14.6,81.7,,,BB,Super Cyclonic Storm
2016295N13089,2016,KYANT,2016-10-28 15:00:00,14.4,81.5,,,BB,Super Cyclonic Storm
2016295N13089,2016,KYANT,2016-10-28 18:00:00,14.3,81.3,,,BB,Super Cyclonic Storm
2016295N13089,2016,KYANT,2016-10-28 21:00:00,14.2,81.2,,,BB,Super Cyclonic Storm
2016295N13089,2016,KYANT,2016-10-29 00:00:00,14.2,81.2,,,BB,Super Cyclonic Storm
2016295N13089,2016,KYANT,2016-10-29 03:00:00,14.1,81.1,,,BB,Super Cyclonic Storm
2016295N13089,2016,KYANT,2016-10-29 06:00:00,14.0,81.0,,,BB,Super Cyclonic Storm
2016308N13088,2016,UNNAMED,2016-11-02 18:00:00,12.7,88.0,25.0,1004.0,BB,Depression
2016308N13088,2016,UNNAMED,2016-11-02 21:00:00,12.8,87.5,,,BB,Super Cyclonic Storm
2016308N13088,2016,UNNAMED,2016-11-03 00:00:00,13.0,87.0,25.0,1004.0,BB,Depression
2016308N13088,2016,UNNAMED,2016-11-03 03:00:00,13.4,86.5,25.0,1004.0,BB,Depression
2016308N13088,2016,UNNAMED,2016-11-03 06:00:00,13.7,86.0,25.0,1004.0,BB,Depression
2016308N13088,2016,UNNAMED,2016-11-03 09:00:00,14.0,85.7,,,BB,Super Cyclonic Storm
2016308N13088,2016,UNNAMED,2016-11-03 12:00:00,14.2,85.5,25.0,1004.0,BB,Depression
2016308N13088,2016,UNNAMED,2016-11-03 15:00:00,14.4,85.2,,,BB,Super Cyclonic Storm
2016308N13088,2016,UNNAMED,2016-11-03 18:00:00,14.6,85.0,25.0,1004.0,BB,Depression
2016308N13088,2016,UNNAMED,2016-11-03 21:00:00,15.0,84.9,,,BB,Super Cyclonic Storm
2016308N13088,2016,UNNAMED,2016-11-04 00:00:00,15.5,84.8,25.0,1002.0,BB,Depression
2016308N13088,2016,UNNAMED,2016-11-04 03:00:00,16.0,84.7,25.0,1002.0,BB,Depression
2016308N13088,2016,UNNAMED,2016-11-04 06:00:00,16.0,84.7,25.0,1000.0,BB,Depression
2016308N13088,2016,UNNAMED,2016-11-04 09:00:00,16.1,84.7,,,BB,Super Cyclonic Storm
2016308N13088,2016,UNNAMED,2016-11-04 12:00:00,16.3,84.7,25.0,1000.0,BB,Depression
2016308N13088,2016,UNNAMED,2016-11-04 15:00:00,16.6,84.8,,,BB,Super Cyclonic Storm
2016308N13088,2016,UNNAMED,2016-11-04 18:00:00,16.9,85.0,25.0,1000.0,BB,Depression
2016308N13088,2016,UNNAMED,2016-11-04 21:00:00,17.2,85.4,,,BB,Super Cyclonic Storm
2016308N13088,2016,UNNAMED,2016-11-05 00:00:00,17.7,86.0,25.0,1000.0,BB,Depression
2016308N13088,2016,UNNAMED,2016-11-05 03:00:00,18.3,87.0,25.0,1000.0,BB,Depression
2016308N13088,2016,UNNAMED,2016-11-05 06:00:00,18.5,87.0,25.0,1000.0,BB,Depression
2016308N13088,2016,UNNAMED,2016-11-05 09:00:00,18.7,87.7,,,BB,Super Cyclonic Storm
2016308N13088,2016,UNNAMED,2016-11-05 12:00:00,19.0,88.7,25.0,1000.0,BB,Depression
2016308N13088,2016,UNNAMED,2016-11-05 15:00:00,19.2,89.1,,,BB,Super Cyclonic Storm
2016308N13088,2016,UNNAMED,2016-11-05 18:00:00,19.5,89.5,25.0,1000.0,BB,Depression
2016308N13088,2016,UNNAMED,2016-11-05 21:00:00,20.0,90.3,,,BB,Super Cyclonic Storm
2016308N13088,2016,UNNAMED,2016-11-06 00:00:00,20.5,91.0,25.0,1000.0,BB,Depression
2016308N13088,2016,UNNAMED,2016-11-06 03:00:00,21.0,91.5,25.0,1000.0,BB,Depression
2016308N13088,2016,UNNAMED,2016-11-06 06:00:00,21.5,91.8,25.0,1002.0,BB,Depression
2016308N13088,2016,UNNAMED,2016-11-06 09:00:00,21.6,91.9,25.0,1003.0,BB,Depression
2016335N07088,2016,NADA,2016-11-29 12:00:00,6.8,87.7,25.0,1004.0,BB,Depression
2016335N07088,2016,NADA,2016-11-29 15:00:00,7.2,87.3,,,BB,Super Cyclonic Storm
2016335N07088,2016,NADA,2016-11-29 18:00:00,7.5,86.8,25.0,1003.0,BB,Depression
2016335N07088,2016,NADA,2016-11-29 21:00:00,7.8,86.3,,,BB,Super Cyclonic Storm
2016335N07088,2016,NADA,2016-11-30 00:00:00,8.2,85.9,30.0,1002.0,BB,Deep Depression
2016335N07088,2016,NADA,2016-11-30 03:00:00,8.6,85.3,35.0,1002.0,BB,Cyclonic Storm
2016335N07088,2016,NADA,2016-11-30 06:00:00,9.0,84.9,35.0,1002.0,BB,Cyclonic Storm
2016335N07088,2016,NADA,2016-11-30 09:00:00,9.6,84.3,35.0,1002.0,BB,Cyclonic Storm
2016335N07088,2016,NADA,2016-11-30 12:00:00,9.8,83.9,40.0,1000.0,BB,Cyclonic Storm
2016335N07088,2016,NADA,2016-11-30 15:00:00,10.0,83.4,40.0,1000.0,BB,Cyclonic Storm
2016335N07088,2016,NADA,2016-11-30 18:00:00,10.3,83.0,40.0,1000.0,BB,Cyclonic Storm
2016335N07088,2016,NADA,2016-11-30 21:00:00,10.3,82.2,40.0,1000.0,BB,Cyclonic Storm
2016335N07088,2016,NADA,2016-12-01 00:00:00,10.4,82.0,35.0,1000.0,BB,Cyclonic Storm
2016335N07088,2016,NADA,2016-12-01 03:00:00,10.4,81.7,30.0,1001.0,BB,Deep Depression
2016335N07088,2016,NADA,2016-12-01 06:00:00,10.5,81.3,30.0,1003.0,BB,Deep Depression
2016335N07088,2016,NADA,2016-12-01 09:00:00,10.6,80.9,,,BB,Super Cyclonic Storm
2016335N07088,2016,NADA,2016-12-01 12:00:00,10.8,80.6,30.0,1004.0,BB,Deep Depression
2016335N07088,2016,NADA,2016-12-01 15:00:00,10.8,80.4,,,BB,Super Cyclonic Storm
2016335N07088,2016,NADA,2016-12-01 18:00:00,10.8,80.1,25.0,1006.0,BB,Depression
2016335N07088,2016,NADA,2016-12-01 21:00:00,10.8,79.9,,,BB,Super Cyclonic Storm
2016335N07088,2016,NADA,2016-12-02 00:00:00,10.9,79.6,25.0,1006.0,BB,Depression
2016335N07088,2016,NADA,2016-12-02 03:00:00,11.0,79.3,,,BB,Super Cyclonic Storm
2016335N07088,2016,NADA,2016-12-02 06:00:00,11.0,78.9,,,BB,Super Cyclonic Storm
2016341N08092,2016,VARDAH,2016-12-06 06:00:00,7.8,91.7,,,BB,Super Cyclonic Storm
2016341N08092,2016,VARDAH,2016-12-06 09:00:00,8.2,91.3,25.0,1002.0,BB,Depression
2016341N08092,2016,VARDAH,2016-12-06 12:00:00,8.4,91.0,25.0,1002.0,BB,Depression
2016341N08092,2016,VARDAH,2016-12-06 15:00:00,8.7,91.0,,,BB,Super Cyclonic Storm
2016341N08092,2016,VARDAH,2016-12-06 18:00:00,9.1,91.0,25.0,1002.0,BB,Depression
2016341N08092,2016,VARDAH,2016-12-06 21:00:00,9.4,91.0,,,BB,Super Cyclonic Storm
2016341N08092,2016,VARDAH,2016-12-07 00:00:00,9.6,91.0,25.0,1002.0,BB,Depression
2016341N08092,2016,VARDAH,2016-12-07 03:00:00,9.8,91.1,25.0,1002.0,BB,Depression
2016341N08092,2016,VARDAH,2016-12-07 06:00:00,9.9,91.2,25.0,1002.0,BB,Depression
2016341N08092,2016,VARDAH,2016-12-07 09:00:00,10.1,91.2,,,BB,Super Cyclonic Storm
2016341N08092,2016,VARDAH,2016-12-07 12:00:00,10.3,91.3,25.0,1002.0,BB,Depression
2016341N08092,2016,VARDAH,2016-12-07 15:00:00,10.5,91.3,,,BB,Super Cyclonic Storm
2016341N08092,2016,VARDAH,2016-12-07 18:00:00,10.8,91.3,30.0,1000.0,BB,Deep Depression
2016341N08092,2016,VARDAH,2016-12-07 21:00:00,11.0,91.3,,,BB,Super Cyclonic Storm
2016341N08092,2016,VARDAH,2016-12-08 00:00:00,11.1,91.3,35.0,998.0,BB,Cyclonic Storm
2016341N08092,2016,VARDAH,2016-12-08 03:00:00,11.3,91.3,35.0,998.0,BB,Cyclonic Storm
2016341N08092,2016,VARDAH,2016-12-08 06:00:00,11.4,91.3,35.0,998.0,BB,Cyclonic Storm
2016341N08092,2016,VARDAH,2016-12-08 09:00:00,11.4,91.2,35.0,998.0,BB,Cyclonic Storm
2016341N08092,2016,VARDAH,2016-12-08 12:00:00,11.4,91.2,40.0,997.0,BB,Cyclonic Storm
2016341N08092,2016,VARDAH,2016-12-08 15:00:00,11.5,91.1,40.0,997.0,BB,Cyclonic Storm
2016341N08092,2016,VARDAH,2016-12-08 18:00:00,11.6,91.0,40.0,997.0,BB,Cyclonic Storm
2016341N08092,2016,VARDAH,2016-12-08 21:00:00,11.7,90.9,40.0,997.0,BB,Cyclonic Storm
2016341N08092,2016,VARDAH,2016-12-09 00:00:00,11.8,90.7,45.0,996.0,BB,Cyclonic Storm
2016341N08092,2016,VARDAH,2016-12-09 03:00:00,11.9,90.6,45.0,996.0,BB,Cyclonic Storm
2016341N08092,2016,VARDAH,2016-12-09 06:00:00,12.0,90.5,45.0,996.0,BB,Cyclonic Storm
2016341N08092,2016,VARDAH,2016-12-09 09:00:00,12.1,90.3,45.0,996.0,BB,Cyclonic Storm
2016341N08092,2016,VARDAH,2016-12-09 12:00:00,12.2,90.0,45.0,996.0,BB,Cyclonic Storm
2016341N08092,2016,VARDAH,2016-12-09 15:00:00,12.2,89.7,45.0,994.0,BB,Cyclonic Storm
2016341N08092,2016,VARDAH,2016-12-09 18:00:00,12.3,89.4,50.0,992.0,BB,Severe Cyclonic Storm
2016341N08092,2016,VARDAH,2016-12-09 21:00:00,12.5,88.8,55.0,990.0,BB,Severe Cyclonic Storm
2016341N08092,2016,VARDAH,2016-12-10 00:00:00,12.6,88.3,55.0,990.0,BB,Severe Cyclonic Storm
2016341N08092,2016,VARDAH,2016-12-10 03:00:00,12.7,87.8,55.0,990.0,BB,Severe Cyclonic Storm
2016341N08092,2016,VARDAH,2016-12-10 06:00:00,12.9,87.3,55.0,990.0,BB,Severe Cyclonic Storm
2016341N08092,2016,VARDAH,2016-12-10 09:00:00,13.0,86.7,60.0,988.0,BB,Severe Cyclonic Storm
2016341N08092,2016,VARDAH,2016-12-10 12:00:00,13.0,86.4,65.0,984.0,BB,Very Severe Cyclonic Storm
2016341N08092,2016,VARDAH,2016-12-10 15:00:00,13.1,85.9,65.0,984.0,BB,Very Severe Cyclonic Storm
2016341N08092,2016,VARDAH,2016-12-10 18:00:00,13.1,85.4,65.0,984.0,BB,Very Severe Cyclonic Storm
2016341N08092,2016,VARDAH,2016-12-10 21:00:00,13.0,85.1,65.0,982.0,BB,Very Severe Cyclonic Storm
2016341N08092,2016,VARDAH,2016-12-11 00:00:00,13.1,84.8,70.0,980.0,BB,Very Severe Cyclonic Storm
2016341N08092,2016,VARDAH,2016-12-11 03:00:00,13.0,84.4,70.0,980.0,BB,Very Severe Cyclonic Storm
2016341N08092,2016,VARDAH,2016-12-11 06:00:00,13.1,83.8,70.0,980.0,BB,Very Severe Cyclonic Storm
2016341N08092,2016,VARDAH,2016-12-11 09:00:00,13.1,83.4,70.0,980.0,BB,Very Severe Cyclonic Storm
2016341N08092,2016,VARDAH,2016-12-11 12:00:00,13.2,83.2,70.0,980.0,BB,Very Severe Cyclonic Storm
2016341N08092,2016,VARDAH,2016-12-11 15:00:00,13.2,82.7,70.0,980.0,BB,Very Severe Cyclonic Storm
2016341N08092,2016,VARDAH,2016-12-11 18:00:00,13.1,82.4,70.0,980.0,BB,Very Severe Cyclonic Storm
2016341N08092,2016,VARDAH,2016-12-11 21:00:00,13.2,82.0,70.0,978.0,BB,Very Severe Cyclonic Storm
2016341N08092,2016,VARDAH,2016-12-12 00:00:00,13.2,81.7,70.0,975.0,BB,Very Severe Cyclonic Storm
2016341N08092,2016,VARDAH,2016-12-12 03:00:00,13.2,81.3,70.0,975.0,BB,Very Severe Cyclonic Storm
2016341N08092,2016,VARDAH,2016-12-12 06:00:00,13.2,80.8,70.0,975.0,BB,Very Severe Cyclonic Storm
2016341N08092,2016,VARDAH,2016-12-12 09:00:00,13.2,80.3,60.0,975.0,BB,Severe Cyclonic Storm
2016341N08092,2016,VARDAH,2016-12-12 12:00:00,13.1,79.9,50.0,984.0,BB,Severe Cyclonic Storm
2016341N08092,2016,VARDAH,2016-12-12 15:00:00,13.1,79.4,40.0,994.0,BB,Cyclonic Storm
2016341N08092,2016,VARDAH,2016-12-12 18:00:00,13.0,78.9,30.0,1002.0,BB,Deep Depression
2016341N08092,2016,VARDAH,2016-12-12 21:00:00,13.0,78.4,,,BB,Super Cyclonic Storm
2016341N08092,2016,VARDAH,2016-12-13 00:00:00,13.0,77.8,20.0,1003.0,AS,Depression
2016341N08092,2016,VARDAH,2016-12-13 03:00:00,13.0,77.4,,,AS,Super Cyclonic Storm
2016341N08092,2016,VARDAH,2016-12-13 06:00:00,13.0,77.0,,,AS,Super Cyclonic Storm
2016341N08092,2016,VARDAH,2016-12-13 09:00:00,13.0,76.5,,,AS,Super Cyclonic Storm
2016341N08092,2016,VARDAH,2016-12-13 12:00:00,13.1,76.0,,,AS,Super Cyclonic Storm
2016341N08092,2016,VARDAH,2016-12-13 15:00:00,13.2,75.6,,,AS,Super Cyclonic Storm
2016341N08092,2016,VARDAH,2016-12-13 18:00:00,13.2,75.1,,,AS,Super Cyclonic Storm
2016341N08092,2016,VARDAH,2016-12-13 21:00:00,13.2,74.5,,,AS,Super Cyclonic Storm
2016341N08092,2016,VARDAH,2016-12-14 00:00:00,13.2,74.0,,,AS,Super Cyclonic Storm
2016341N08092,2016,VARDAH,2016-12-14 03:00:00,13.2,73.6,,,AS,Super Cyclonic Storm
2016341N08092,2016,VARDAH,2016-12-14 06:00:00,13.1,73.2,,,AS,Super Cyclonic Storm
2016341N08092,2016,VARDAH,2016-12-14 09:00:00,13.0,72.9,,,AS,Super Cyclonic Storm
2016341N08092,2016,VARDAH,2016-12-14 12:00:00,12.9,72.6,,,AS,Super Cyclonic Storm
2016341N08092,2016,VARDAH,2016-12-14 15:00:00,12.8,72.2,,,AS,Super Cyclonic Storm
2016341N08092,2016,VARDAH,2016-12-14 18:00:00,12.6,71.8,,,AS,Super Cyclonic Storm
2016341N08092,2016,VARDAH,2016-12-14 21:00:00,12.4,71.4,,,AS,Super Cyclonic Storm
2016341N08092,2016,VARDAH,2016-12-15 00:00:00,12.2,71.0,,,AS,Super Cyclonic Storm
2016341N08092,2016,VARDAH,2016-12-15 03:00:00,12.0,70.6,,,AS,Super Cyclonic Storm
2016341N08092,2016,VARDAH,2016-12-15 06:00:00,11.8,70.2,,,AS,Super Cyclonic Storm
2016341N08092,2016,VARDAH,2016-12-15 09:00:00,11.6,69.9,,,AS,Super Cyclonic Storm
2016341N08092,2016,VARDAH,2016-12-15 12:00:00,11.4,69.5,,,AS,Super Cyclonic Storm
2016341N08092,2016,VARDAH,2016-12-15 15:00:00,11.2,69.0,,,AS,Super Cyclonic Storm
2016341N08092,2016,VARDAH,2016-12-15 18:00:00,11.1,68.5,,,AS,Super Cyclonic Storm
2016341N08092,2016,VARDAH,2016-12-15 21:00:00,11.1,68.0,,,AS,Super Cyclonic Storm
2016341N08092,2016,VARDAH,2016-12-16 00:00:00,11.2,67.5,,,AS,Super Cyclonic Storm
2016341N08092,2016,VARDAH,2016-12-16 03:00:00,11.2,66.9,,,AS,Super Cyclonic Storm
2016341N08092,2016,VARDAH,2016-12-16 06:00:00,11.2,66.4,,,AS,Super Cyclonic Storm
2016341N08092,2016,VARDAH,2016-12-16 09:00:00,11.2,65.9,,,AS,Super Cyclonic Storm
2016341N08092,2016,VARDAH,2016-12-16 12:00:00,11.2,65.4,,,AS,Super Cyclonic Storm
2016341N08092,2016,VARDAH,2016-12-16 15:00:00,11.2,64.9,,,AS,Super Cyclonic Storm
2016341N08092,2016,VARDAH,2016-12-16 18:00:00,11.1,64.2,,,AS,Super Cyclonic Storm
2016341N08092,2016,VARDAH,2016-12-16 21:00:00,11.0,63.1,25.0,998.0,AS,Depression
2016341N08092,2016,VARDAH,2016-12-17 00:00:00,11.1,62.1,25.0,998.0,AS,Depression
2016341N08092,2016,VARDAH,2016-12-17 03:00:00,11.2,61.4,,,AS,Super Cyclonic Storm
2016341N08092,2016,VARDAH,2016-12-17 06:00:00,11.0,60.8,25.0,998.0,AS,Depression
2016341N08092,2016,VARDAH,2016-12-17 09:00:00,10.8,60.3,,,AS,Super Cyclonic Storm
2016341N08092,2016,VARDAH,2016-12-17 12:00:00,10.6,59.8,25.0,998.0,AS,Depression
2016341N08092,2016,VARDAH,2016-12-17 15:00:00,10.2,59.1,,,AS,Super Cyclonic Storm
2016341N08092,2016,VARDAH,2016-12-17 18:00:00,9.8,58.3,25.0,996.0,AS,Depression
2016341N08092,2016,VARDAH,2016-12-17 21:00:00,9.5,57.4,20.0,994.0,AS,Depression
2016341N08092,2016,VARDAH,2016-12-18 00:00:00,9.4,56.8,,,AS,Super Cyclonic Storm
2016341N08092,2016,VARDAH,2016-12-18 03:00:00,9.3,56.1,,,AS,Super Cyclonic Storm
2016341N08092,2016,VARDAH,2016-12-18 06:00:00,9.3,55.4,,,AS,Super Cyclonic Storm
2016341N08092,2016,VARDAH,2016-12-18 09:00:00,9.3,54.6,,,AS,Super Cyclonic Storm
2016341N08092,2016,VARDAH,2016-12-18 12:00:00,9.3,53.7,,,AS,Super Cyclonic Storm
2016341N08092,2016,VARDAH,2016-12-18 15:00:00,9.3,52.9,,,AS,Super Cyclonic Storm
2016341N08092,2016,VARDAH,2016-12-18 18:00:00,9.2,52.1,,,AS,Super Cyclonic Storm
2016341N08092,2016,VARDAH,2016-12-18 21:00:00,9.1,51.5,,,AS,Super Cyclonic Storm
2016341N08092,2016,VARDAH,2016-12-19 00:00:00,8.9,51.0,,,AS,Super Cyclonic Storm
2017104N08085,2017,MAARUTHA,2017-04-14 00:00:00,8.2,85.3,,,BB,Super Cyclonic Storm
2017104N08085,2017,MAARUTHA,2017-04-14 03:00:00,8.8,85.7,,,BB,Super Cyclonic Storm
2017104N08085,2017,MAARUTHA,2017-04-14 06:00:00,9.4,86.1,,,BB,Super Cyclonic Storm
2017104N08085,2017,MAARUTHA,2017-04-14 09:00:00,10.0,86.5,,,BB,Super Cyclonic Storm
2017104N08085,2017,MAARUTHA,2017-04-14 12:00:00,10.5,86.9,,,BB,Super Cyclonic Storm
2017104N08085,2017,MAARUTHA,2017-04-14 15:00:00,10.9,87.3,,,BB,Super Cyclonic Storm
2017104N08085,2017,MAARUTHA,2017-04-14 18:00:00,11.3,87.6,,,BB,Super Cyclonic Storm
2017104N08085,2017,MAARUTHA,2017-04-14 21:00:00,11.8,88.0,,,BB,Super Cyclonic Storm
2017104N08085,2017,MAARUTHA,2017-04-15 00:00:00,12.2,88.3,25.0,1001.0,BB,Depression
2017104N08085,2017,MAARUTHA,2017-04-15 03:00:00,12.7,88.7,25.0,1001.0,BB,Depression
2017104N08085,2017,MAARUTHA,2017-04-15 06:00:00,13.3,89.2,25.0,1000.0,BB,Depression
2017104N08085,2017,MAARUTHA,2017-04-15 09:00:00,13.8,89.7,30.0,999.0,BB,Deep Depression
2017104N08085,2017,MAARUTHA,2017-04-15 12:00:00,14.3,90.2,30.0,999.0,BB,Deep Depression
2017104N08085,2017,MAARUTHA,2017-04-15 15:00:00,14.7,90.7,,,BB,Super Cyclonic Storm
2017104N08085,2017,MAARUTHA,2017-04-15 18:00:00,15.1,91.1,35.0,998.0,BB,Cyclonic Storm
2017104N08085,2017,MAARUTHA,2017-04-15 21:00:00,15.4,91.3,40.0,996.0,BB,Cyclonic Storm
2017104N08085,2017,MAARUTHA,2017-04-16 00:00:00,16.0,92.0,40.0,996.0,BB,Cyclonic Storm
2017104N08085,2017,MAARUTHA,2017-04-16 03:00:00,16.6,92.5,40.0,996.0,BB,Cyclonic Storm
2017104N08085,2017,MAARUTHA,2017-04-16 06:00:00,17.2,92.9,40.0,996.0,BB,Cyclonic Storm
2017104N08085,2017,MAARUTHA,2017-04-16 09:00:00,17.7,93.2,40.0,996.0,BB,Cyclonic Storm
2017104N08085,2017,MAARUTHA,2017-04-16 12:00:00,18.1,93.6,40.0,996.0,BB,Cyclonic Storm
2017104N08085,2017,MAARUTHA,2017-04-16 15:00:00,18.5,93.9,40.0,996.0,BB,Cyclonic Storm
2017104N08085,2017,MAARUTHA,2017-04-16 18:00:00,18.8,94.3,40.0,996.0,BB,Cyclonic Storm
2017104N08085,2017,MAARUTHA,2017-04-16 21:00:00,19.3,94.8,30.0,1000.0,BB,Deep Depression
2017104N08085,2017,MAARUTHA,2017-04-17 00:00:00,19.8,95.4,20.0,1002.0,BB,Depression
2017147N14087,2017,MORA,2017-05-27 06:00:00,13.9,87.4,,,BB,Super Cyclonic Storm
2017147N14087,2017,MORA,2017-05-27 09:00:00,13.8,87.9,,,BB,Super Cyclonic Storm
2017147N14087,2017,MORA,2017-05-27 12:00:00,13.8,88.4,,,BB,Super Cyclonic Storm
2017147N14087,2017,MORA,2017-05-27 15:00:00,13.8,88.8,,,BB,Super Cyclonic Storm
2017147N14087,2017,MORA,2017-05-27 18:00:00,13.9,89.2,,,BB,Super Cyclonic Storm
2017147N14087,2017,MORA,2017-05-27 21:00:00,14.0,89.6,,,BB,Super Cyclonic Storm
2017147N14087,2017,MORA,2017-05-28 00:00:00,14.2,89.7,25.0,998.0,BB,Depression
2017147N14087,2017,MORA,2017-05-28 03:00:00,14.7,90.1,25.0,998.0,BB,Depression
2017147N14087,2017,MORA,2017-05-28 06:00:00,15.1,90.5,25.0,997.0,BB,Depression
2017147N14087,2017,MORA,2017-05-28 09:00:00,15.5,90.7,30.0,996.0,BB,Deep Depression
2017147N14087,2017,MORA,2017-05-28 12:00:00,15.8,90.9,30.0,995.0,BB,Deep Depression
2017147N14087,2017,MORA,2017-05-28 15:00:00,16.0,91.0,35.0,994.0,BB,Cyclonic Storm
2017147N14087,2017,MORA,2017-05-28 18:00:00,16.3,91.1,35.0,994.0,BB,Cyclonic Storm
2017147N14087,2017,MORA,2017-05-28 21:00:00,16.6,91.2,40.0,992.0,BB,Cyclonic Storm
2017147N14087,2017,MORA,2017-05-29 00:00:00,17.0,91.3,45.0,990.0,BB,Cyclonic Storm
2017147N14087,2017,MORA,2017-05-29 03:00:00,17.3,91.3,45.0,990.0,BB,Cyclonic Storm
2017147N14087,2017,MORA,2017-05-29 06:00:00,17.8,91.5,45.0,988.0,BB,Cyclonic Storm
2017147N14087,2017,MORA,2017-05-29 09:00:00,18.2,91.6,45.0,986.0,BB,Cyclonic Storm
2017147N14087,2017,MORA,2017-05-29 12:00:00,18.7,91.6,50.0,984.0,BB,Severe Cyclonic Storm
2017147N14087,2017,MORA,2017-05-29 15:00:00,19.0,91.6,55.0,980.0,BB,Severe Cyclonic Storm
2017147N14087,2017,MORA,2017-05-29 18:00:00,19.8,91.7,55.0,980.0,BB,Severe Cyclonic Storm
2017147N14087,2017,MORA,2017-05-29 21:00:00,20.3,91.7,60.0,978.0,BB,Severe Cyclonic Storm
2017147N14087,2017,MORA,2017-05-30 00:00:00,21.0,91.9,60.0,978.0,BB,Severe Cyclonic Storm
2017147N14087,2017,MORA,2017-05-30 03:00:00,21.9,92.0,60.0,978.0,BB,Severe Cyclonic Storm
2017147N14087,2017,MORA,2017-05-30 06:00:00,23.0,92.0,55.0,982.0,BB,Severe Cyclonic Storm
2017147N14087,2017,MORA,2017-05-30 09:00:00,23.9,92.2,40.0,988.0,BB,Cyclonic Storm
2017147N14087,2017,MORA,2017-05-30 12:00:00,24.7,92.4,30.0,990.0,BB,Deep Depression
2017147N14087,2017,MORA,2017-05-30 15:00:00,25.2,92.6,,,BB,Super Cyclonic Storm
2017147N14087,2017,MORA,2017-05-30 18:00:00,25.7,92.9,20.0,994.0,BB,Depression
2017163N20090,2017,UNNAMED,2017-06-11 12:00:00,20.5,89.5,25.0,990.0,BB,Depression
2017163N20090,2017,UNNAMED,2017-06-11 15:00:00,21.0,89.7,,,BB,Super Cyclonic Storm
2017163N20090,2017,UNNAMED,2017-06-11 18:00:00,21.5,90.0,25.0,988.0,BB,Depression
2017163N20090,2017,UNNAMED,2017-06-11 21:00:00,22.0,90.3,,,BB,Super Cyclonic Storm
2017163N20090,2017,UNNAMED,2017-06-12 00:00:00,22.5,90.5,30.0,988.0,BB,Deep Depression
2017163N20090,2017,UNNAMED,2017-06-12 03:00:00,23.0,90.5,30.0,990.0,BB,Deep Depression
2017163N20090,2017,UNNAMED,2017-06-12 06:00:00,23.5,90.7,30.0,990.0,BB,Deep Depression
2017163N20090,2017,UNNAMED,2017-06-12 09:00:00,23.8,90.8,,,BB,Super Cyclonic Storm
2017163N20090,2017,UNNAMED,2017-06-12 12:00:00,24.0,91.0,30.0,990.0,BB,Deep Depression
2017163N20090,2017,UNNAMED,2017-06-12 15:00:00,24.2,91.2,,,BB,Super Cyclonic Storm
2017163N20090,2017,UNNAMED,2017-06-12 18:00:00,24.5,91.5,25.0,995.0,BB,Depression
2017199N19086,2017,UNNAMED,2017-07-18 00:00:00,19.0,86.0,25.0,992.0,BB,Depression
2017199N19086,2017,UNNAMED,2017-07-18 03:00:00,19.0,86.0,25.0,992.0,BB,Depression
2017199N19086,2017,UNNAMED,2017-07-18 06:00:00,19.5,85.5,25.0,992.0,BB,Depression
2017199N19086,2017,UNNAMED,2017-07-18 09:00:00,19.8,85.3,,,BB,Super Cyclonic Storm
2017199N19086,2017,UNNAMED,2017-07-18 12:00:00,19.9,85.3,25.0,992.0,BB,Depression
2017199N19086,2017,UNNAMED,2017-07-18 15:00:00,19.9,85.3,,,BB,Super Cyclonic Storm
2017199N19086,2017,UNNAMED,2017-07-18 18:00:00,19.9,85.3,25.0,994.0,BB,Depression
2017199N19086,2017,UNNAMED,2017-07-18 21:00:00,20.0,85.3,,,BB,Super Cyclonic Storm
2017199N19086,2017,UNNAMED,2017-07-19 00:00:00,20.1,85.2,25.0,994.0,BB,Depression
2017207N24085,2017,UNNAMED,2017-07-26 00:00:00,24.0,85.0,25.0,993.0,BB,Depression
2017207N24085,2017,UNNAMED,2017-07-26 03:00:00,24.0,85.0,25.0,994.0,BB,Depression
2017207N24085,2017,UNNAMED,2017-07-26 06:00:00,24.0,85.0,25.0,994.0,BB,Depression
2017207N24085,2017,UNNAMED,2017-07-26 09:00:00,24.0,85.0,,,BB,Super Cyclonic Storm
2017207N24085,2017,UNNAMED,2017-07-26 12:00:00,24.0,85.0,20.0,994.0,BB,Depression
2017207N24085,2017,UNNAMED,2017-07-26 15:00:00,24.0,85.0,,,BB,Super Cyclonic Storm
2017207N24085,2017,UNNAMED,2017-07-26 18:00:00,24.0,85.0,20.0,995.0,BB,Depression
2017207N24085,2017,UNNAMED,2017-07-26 21:00:00,24.0,85.0,,,BB,Super Cyclonic Storm
2017207N24085,2017,UNNAMED,2017-07-27 00:00:00,24.0,85.0,20.0,995.0,BB,Depression
2017232N19130,2017,HATO,2017-08-19 12:00:00,19.1,130.1,,1006.0,MM,Super Cyclonic Storm
2017232N19130,2017,HATO,2017-08-19 15:00:00,19.3,129.6,,,MM,Super Cyclonic Storm
2017232N19130,2017,HATO,2017-08-19 18:00:00,19.0,129.6,,1004.0,MM,Super Cyclonic Storm
2017232N19130,2017,HATO,2017-08-19 21:00:00,19.1,129.2,,,MM,Super Cyclonic Storm
2017232N19130,2017,HATO,2017-08-20 00:00:00,19.3,128.8,,1004.0,MM,Super Cyclonic Storm
2017232N19130,2017,HATO,2017-08-20 03:00:00,19.4,128.3,,,MM,Super Cyclonic Storm
2017232N19130,2017,HATO,2017-08-20 06:00:00,19.5,127.7,,1002.0,MM,Super Cyclonic Storm
2017232N19130,2017,HATO,2017-08-20 09:00:00,19.6,127.2,,,MM,Super Cyclonic Storm
2017232N19130,2017,HATO,2017-08-20 12:00:00,19.6,126.7,35.0,998.0,MM,Cyclonic Storm
2017232N19130,2017,HATO,2017-08-20 15:00:00,19.7,126.3,,,MM,Super Cyclonic Storm
2017232N19130,2017,HATO,2017-08-20 18:00:00,19.8,125.9,35.0,996.0,MM,Cyclonic Storm
2017232N19130,2017,HATO,2017-08-20 21:00:00,19.9,125.6,,,MM,Super Cyclonic Storm
2017232N19130,2017,HATO,2017-08-21 00:00:00,20.1,125.1,35.0,994.0,MM,Cyclonic Storm
2017232N19130,2017,HATO,2017-08-21 03:00:00,20.2,124.6,,,MM,Super Cyclonic Storm
2017232N19130,2017,HATO,2017-08-21 06:00:00,20.3,124.1,35.0,994.0,MM,Cyclonic Storm
2017232N19130,2017,HATO,2017-08-21 09:00:00,20.4,123.6,,,MM,Super Cyclonic Storm
2017232N19130,2017,HATO,2017-08-21 12:00:00,20.3,122.9,40.0,990.0,MM,Cyclonic Storm
2017232N19130,2017,HATO,2017-08-21 15:00:00,20.2,122.1,,,MM,Super Cyclonic Storm
2017232N19130,2017,HATO,2017-08-21 18:00:00,20.1,121.3,40.0,990.0,MM,Cyclonic Storm
2017232N19130,2017,HATO,2017-08-21 21:00:00,20.2,120.6,,,MM,Super Cyclonic Storm
2017232N19130,2017,HATO,2017-08-22 00:00:00,20.3,120.0,45.0,985.0,MM,Cyclonic Storm
2017232N19130,2017,HATO,2017-08-22 03:00:00,20.4,119.4,,,MM,Super Cyclonic Storm
2017232N19130,2017,HATO,2017-08-22 06:00:00,20.4,118.7,60.0,975.0,MM,Severe Cyclonic Storm
2017232N19130,2017,HATO,2017-08-22 09:00:00,20.5,118.0,,,MM,Super Cyclonic Storm
2017232N19130,2017,HATO,2017-08-22 12:00:00,20.6,117.3,60.0,975.0,MM,Severe Cyclonic Storm
2017232N19130,2017,HATO,2017-08-22 15:00:00,20.8,116.7,,,MM,Super Cyclonic Storm
2017232N19130,2017,HATO,2017-08-22 18:00:00,21.0,116.0,65.0,970.0,MM,Very Severe Cyclonic Storm
2017232N19130,2017,HATO,2017-08-22 21:00:00,21.2,115.2,,,MM,Super Cyclonic Storm
2017232N19130,2017,HATO,2017-08-23 00:00:00,21.5,114.5,75.0,965.0,MM,Very Severe Cyclonic Storm
2017232N19130,2017,HATO,2017-08-23 03:00:00,21.9,113.7,,,MM,Super Cyclonic Storm
2017232N19130,2017,HATO,2017-08-23 06:00:00,22.2,112.9,75.0,965.0,MM,Very Severe Cyclonic Storm
2017232N19130,2017,HATO,2017-08-23 09:00:00,22.5,111.9,,,MM,Super Cyclonic Storm
2017232N19130,2017,HATO,2017-08-23 12:00:00,22.7,110.9,50.0,985.0,MM,Severe Cyclonic Storm
2017232N19130,2017,HATO,2017-08-23 15:00:00,22.9,110.0,,,MM,Super Cyclonic Storm
2017232N19130,2017,HATO,2017-08-23 18:00:00,23.1,109.1,40.0,994.0,MM,Cyclonic Storm
2017232N19130,2017,HATO,2017-08-23 21:00:00,23.3,108.3,,,MM,Super Cyclonic Storm
2017232N19130,2017,HATO,2017-08-24 00:00:00,23.4,107.6,35.0,996.0,MM,Cyclonic Storm
2017232N19130,2017,HATO,2017-08-24 03:00:00,23.6,106.9,,,MM,Super Cyclonic Storm
2017232N19130,2017,HATO,2017-08-24 06:00:00,23.7,106.2,35.0,996.0,MM,Cyclonic Storm
2017232N19130,2017,HATO,2017-08-24 09:00:00,23.7,105.5,,,MM,Super Cyclonic Storm
2017232N19130,2017,HATO,2017-08-24 12:00:00,23.8,104.7,,998.0,MM,Super Cyclonic Storm
2017232N19130,2017,HATO,2017-08-24 15:00:00,23.7,103.6,,,MM,Super Cyclonic Storm
2017232N19130,2017,HATO,2017-08-24 18:00:00,23.7,102.4,,1000.0,MM,Super Cyclonic Storm
2017232N19130,2017,HATO,2017-08-24 21:00:00,23.7,101.0,,,MM,Super Cyclonic Storm
2017232N19130,2017,HATO,2017-08-25 00:00:00,23.7,99.7,,,BB,Super Cyclonic Storm
2017282N22088,2017,UNNAMED,2017-10-09 00:00:00,22.4,88.4,25.0,996.0,BB,Depression
2017282N22088,2017,UNNAMED,2017-10-09 03:00:00,22.5,88.4,30.0,996.0,BB,Deep Depression
2017282N22088,2017,UNNAMED,2017-10-09 06:00:00,22.6,88.3,30.0,996.0,BB,Deep Depression
2017282N22088,2017,UNNAMED,2017-10-09 09:00:00,22.7,88.2,,,BB,Super Cyclonic Storm
2017282N22088,2017,UNNAMED,2017-10-09 12:00:00,22.9,88.1,30.0,997.0,BB,Deep Depression
2017282N22088,2017,UNNAMED,2017-10-09 15:00:00,23.0,88.0,,,BB,Super Cyclonic Storm
2017282N22088,2017,UNNAMED,2017-10-09 18:00:00,23.1,87.8,30.0,997.0,BB,Deep Depression
2017282N22088,2017,UNNAMED,2017-10-09 21:00:00,23.1,87.5,,,BB,Super Cyclonic Storm
2017282N22088,2017,UNNAMED,2017-10-10 00:00:00,23.2,87.1,30.0,998.0,BB,Deep Depression
2017282N22088,2017,UNNAMED,2017-10-10 03:00:00,23.5,86.7,30.0,1000.0,BB,Deep Depression
2017282N22088,2017,UNNAMED,2017-10-10 06:00:00,23.8,86.6,25.0,1000.0,BB,Depression
2017292N17087,2017,UNNAMED,2017-10-19 00:00:00,16.5,86.5,25.0,999.0,BB,Depression
2017292N17087,2017,UNNAMED,2017-10-19 03:00:00,16.8,86.5,25.0,998.0,BB,Depression
2017292N17087,2017,UNNAMED,2017-10-19 06:00:00,17.3,86.3,25.0,998.0,BB,Depression
2017292N17087,2017,UNNAMED,2017-10-19 09:00:00,18.4,86.3,,,BB,Super Cyclonic Storm
2017292N17087,2017,UNNAMED,2017-10-19 12:00:00,20.0,86.5,25.0,998.0,BB,Depression
2017307N07102,2017,UNNAMED,2017-11-03 00:00:00,7.2,102.4,,,MM,Super Cyclonic Storm
2017307N07102,2017,UNNAMED,2017-11-03 03:00:00,7.3,102.0,,,MM,Super Cyclonic Storm
2017307N07102,2017,UNNAMED,2017-11-03 06:00:00,7.3,101.8,,,MM,Super Cyclonic Storm
2017307N07102,2017,UNNAMED,2017-11-03 09:00:00,7.2,101.7,,,MM,Super Cyclonic Storm
2017307N07102,2017,UNNAMED,2017-11-03 12:00:00,7.0,101.7,,,MM,Super Cyclonic Storm
2017307N07102,2017,UNNAMED,2017-11-03 15:00:00,6.8,101.5,,,MM,Super Cyclonic Storm
2017307N07102,2017,UNNAMED,2017-11-03 18:00:00,6.6,101.3,,,MM,Super Cyclonic Storm
2017307N07102,2017,UNNAMED,2017-11-03 21:00:00,6.5,101.0,,,MM,Super Cyclonic Storm
2017307N07102,2017,UNNAMED,2017-11-04 00:00:00,6.4,100.7,,,MM,Super Cyclonic Storm
2017307N07102,2017,UNNAMED,2017-11-04 03:00:00,6.2,100.5,,,MM,Super Cyclonic Storm
2017307N07102,2017,UNNAMED,2017-11-04 06:00:00,6.0,100.4,,,MM,Super Cyclonic Storm
2017307N07102,2017,UNNAMED,2017-11-04 09:00:00,5.8,100.3,,,MM,Super Cyclonic Storm
2017307N07102,2017,UNNAMED,2017-11-04 12:00:00,5.6,100.3,,,MM,Super Cyclonic Storm
2017307N07102,2017,UNNAMED,2017-11-04 15:00:00,5.4,100.3,,,MM,Super Cyclonic Storm
2017307N07102,2017,UNNAMED,2017-11-04 18:00:00,5.2,100.4,,,MM,Super Cyclonic Storm
2017307N07102,2017,UNNAMED,2017-11-04 21:00:00,5.1,100.6,,,MM,Super Cyclonic Storm
2017307N07102,2017,UNNAMED,2017-11-05 00:00:00,5.1,100.9,,,MM,Super Cyclonic Storm
2017307N07102,2017,UNNAMED,2017-11-05 03:00:00,5.1,101.3,,,MM,Super Cyclonic Storm
2017307N07102,2017,UNNAMED,2017-11-05 06:00:00,5.2,101.6,,,MM,Super Cyclonic Storm
2017307N07102,2017,UNNAMED,2017-11-05 09:00:00,5.5,101.8,,,MM,Super Cyclonic Storm
2017307N07102,2017,UNNAMED,2017-11-05 12:00:00,5.8,102.0,,,MM,Super Cyclonic Storm
2017307N07102,2017,UNNAMED,2017-11-05 15:00:00,6.1,102.3,,,MM,Super Cyclonic Storm
2017307N07102,2017,UNNAMED,2017-11-05 18:00:00,6.5,102.6,,,MM,Super Cyclonic Storm
2017307N07102,2017,UNNAMED,2017-11-05 21:00:00,7.0,102.6,,,MM,Super Cyclonic Storm
2017307N07102,2017,UNNAMED,2017-11-06 00:00:00,7.5,102.6,,,MM,Super Cyclonic Storm
2017307N07102,2017,UNNAMED,2017-11-06 03:00:00,7.9,102.6,,,MM,Super Cyclonic Storm
2017307N07102,2017,UNNAMED,2017-11-06 06:00:00,8.3,102.6,,,MM,Super Cyclonic Storm
2017307N07102,2017,UNNAMED,2017-11-06 09:00:00,8.6,102.6,,,MM,Super Cyclonic Storm
2017307N07102,2017,UNNAMED,2017-11-06 12:00:00,8.8,102.5,,,MM,Super Cyclonic Storm
2017307N07102,2017,UNNAMED,2017-11-06 15:00:00,9.0,102.3,,,MM,Super Cyclonic Storm
2017307N07102,2017,UNNAMED,2017-11-06 18:00:00,9.3,102.0,,,MM,Super Cyclonic Storm
2017307N07102,2017,UNNAMED,2017-11-06 21:00:00,9.6,101.7,,,MM,Super Cyclonic Storm
2017307N07102,2017,UNNAMED,2017-11-07 00:00:00,9.9,101.4,,,MM,Super Cyclonic Storm
2017307N07102,2017,UNNAMED,2017-11-07 03:00:00,10.2,101.0,,,MM,Super Cyclonic Storm
2017307N07102,2017,UNNAMED,2017-11-07 06:00:00,10.5,100.7,,,MM,Super Cyclonic Storm
2017307N07102,2017,UNNAMED,2017-11-07 09:00:00,10.7,100.6,,,MM,Super Cyclonic Storm
2017307N07102,2017,UNNAMED,2017-11-07 12:00:00,10.9,100.5,,,MM,Super Cyclonic Storm
2017307N07102,2017,UNNAMED,2017-11-07 15:00:00,11.0,100.3,,,MM,Super Cyclonic Storm
2017307N07102,2017,UNNAMED,2017-11-07 18:00:00,11.1,100.0,,,MM,Super Cyclonic Storm
2017307N07102,2017,UNNAMED,2017-11-07 21:00:00,11.2,99.8,,,BB,Super Cyclonic Storm
2017307N07102,2017,UNNAMED,2017-11-08 00:00:00,11.3,99.6,,,BB,Super Cyclonic Storm
2017319N15083,2017,UNNAMED,2017-11-15 03:00:00,15.0,83.0,25.0,1004.0,BB,Depression
2017319N15083,2017,UNNAMED,2017-11-15 06:00:00,15.5,83.0,25.0,1004.0,BB,Depression
2017319N15083,2017,UNNAMED,2017-11-15 09:00:00,15.9,83.1,,,BB,Super Cyclonic Storm
2017319N15083,2017,UNNAMED,2017-11-15 12:00:00,16.2,83.3,25.0,1001.0,BB,Depression
2017319N15083,2017,UNNAMED,2017-11-15 15:00:00,16.6,83.5,,,BB,Super Cyclonic Storm
2017319N15083,2017,UNNAMED,2017-11-15 18:00:00,17.0,83.8,25.0,1002.0,BB,Depression
2017319N15083,2017,UNNAMED,2017-11-15 21:00:00,17.3,84.0,,,BB,Super Cyclonic Storm
2017319N15083,2017,UNNAMED,2017-11-16 00:00:00,17.5,84.1,25.0,1004.0,BB,Depression
2017319N15083,2017,UNNAMED,2017-11-16 03:00:00,17.7,84.3,25.0,1004.0,BB,Depression
2017319N15083,2017,UNNAMED,2017-11-16 06:00:00,17.7,84.3,25.0,1004.0,BB,Depression
2017319N15083,2017,UNNAMED,2017-11-16 09:00:00,17.9,84.6,,,BB,Super Cyclonic Storm
2017319N15083,2017,UNNAMED,2017-11-16 12:00:00,18.1,85.0,25.0,1004.0,BB,Depression
2017319N15083,2017,UNNAMED,2017-11-16 15:00:00,18.3,85.3,,,BB,Super Cyclonic Storm
2017319N15083,2017,UNNAMED,2017-11-16 18:00:00,18.5,85.5,25.0,1004.0,BB,Depression
2017319N15083,2017,UNNAMED,2017-11-16 21:00:00,18.5,85.6,,,BB,Super Cyclonic Storm
2017319N15083,2017,UNNAMED,2017-11-17 00:00:00,18.8,85.8,25.0,1004.0,BB,Depression
2017319N15083,2017,UNNAMED,2017-11-17 03:00:00,19.5,86.3,25.0,1006.0,BB,Depression
2017333N06082,2017,OCKHI,2017-11-28 18:00:00,6.0,82.2,,,BB,Super Cyclonic Storm
2017333N06082,2017,OCKHI,2017-11-28 21:00:00,5.9,82.0,,,BB,Super Cyclonic Storm
2017333N06082,2017,OCKHI,2017-11-29 00:00:00,5.9,81.7,,,BB,Super Cyclonic Storm
2017333N06082,2017,OCKHI,2017-11-29 03:00:00,6.0,81.4,25.0,1004.0,BB,Depression
2017333N06082,2017,OCKHI,2017-11-29 06:00:00,6.1,80.7,25.0,1004.0,BB,Depression
2017333N06082,2017,OCKHI,2017-11-29 09:00:00,6.2,80.1,,,BB,Super Cyclonic Storm
2017333N06082,2017,OCKHI,2017-11-29 12:00:00,6.2,79.9,25.0,1002.0,BB,Depression
2017333N06082,2017,OCKHI,2017-11-29 15:00:00,6.3,79.5,,,BB,Super Cyclonic Storm
2017333N06082,2017,OCKHI,2017-11-29 18:00:00,6.5,79.0,25.0,1002.0,BB,Depression
2017333N06082,2017,OCKHI,2017-11-29 21:00:00,6.7,78.5,30.0,1001.0,BB,Deep Depression
2017333N06082,2017,OCKHI,2017-11-30 00:00:00,7.0,78.1,30.0,1000.0,BB,Deep Depression
2017333N06082,2017,OCKHI,2017-11-30 03:00:00,7.5,77.4,35.0,999.0,AS,Cyclonic Storm
2017333N06082,2017,OCKHI,2017-11-30 06:00:00,7.8,76.8,40.0,998.0,AS,Cyclonic Storm
2017333N06082,2017,OCKHI,2017-11-30 09:00:00,7.9,76.3,45.0,996.0,AS,Cyclonic Storm
2017333N06082,2017,OCKHI,2017-11-30 12:00:00,8.2,75.8,45.0,996.0,AS,Cyclonic Storm
2017333N06082,2017,OCKHI,2017-11-30 15:00:00,8.3,75.4,45.0,996.0,AS,Cyclonic Storm
2017333N06082,2017,OCKHI,2017-11-30 18:00:00,8.5,74.9,45.0,994.0,AS,Cyclonic Storm
2017333N06082,2017,OCKHI,2017-11-30 21:00:00,8.6,74.5,45.0,994.0,AS,Cyclonic Storm
2017333N06082,2017,OCKHI,2017-12-01 00:00:00,8.8,74.1,50.0,992.0,AS,Severe Cyclonic Storm
2017333N06082,2017,OCKHI,2017-12-01 03:00:00,8.8,73.8,55.0,990.0,AS,Severe Cyclonic Storm
2017333N06082,2017,OCKHI,2017-12-01 06:00:00,8.9,73.4,60.0,989.0,AS,Severe Cyclonic Storm
2017333N06082,2017,OCKHI,2017-12-01 09:00:00,8.9,73.0,65.0,988.0,AS,Very Severe Cyclonic Storm
2017333N06082,2017,OCKHI,2017-12-01 12:00:00,9.0,72.8,65.0,986.0,AS,Very Severe Cyclonic Storm
2017333N06082,2017,OCKHI,2017-12-01 15:00:00,9.1,72.5,65.0,984.0,AS,Very Severe Cyclonic Storm
2017333N06082,2017,OCKHI,2017-12-01 18:00:00,9.2,72.1,70.0,982.0,AS,Very Severe Cyclonic Storm
2017333N06082,2017,OCKHI,2017-12-01 21:00:00,9.3,71.8,75.0,980.0,AS,Very Severe Cyclonic Storm
2017333N06082,2017,OCKHI,2017-12-02 00:00:00,9.5,71.5,80.0,978.0,AS,Very Severe Cyclonic Storm
2017333N06082,2017,OCKHI,2017-12-02 03:00:00,9.6,71.2,80.0,978.0,AS,Very Severe Cyclonic Storm
2017333N06082,2017,OCKHI,2017-12-02 06:00:00,9.8,71.0,85.0,976.0,AS,Very Severe Cyclonic Storm
2017333N06082,2017,OCKHI,2017-12-02 09:00:00,10.2,70.6,85.0,976.0,AS,Very Severe Cyclonic Storm
2017333N06082,2017,OCKHI,2017-12-02 12:00:00,10.5,70.3,85.0,976.0,AS,Very Severe Cyclonic Storm
2017333N06082,2017,OCKHI,2017-12-02 15:00:00,10.7,70.0,85.0,976.0,AS,Very Severe Cyclonic Storm
2017333N06082,2017,OCKHI,2017-12-02 18:00:00,11.0,69.7,85.0,976.0,AS,Very Severe Cyclonic Storm
2017333N06082,2017,OCKHI,2017-12-02 21:00:00,11.2,69.5,85.0,976.0,AS,Very Severe Cyclonic Storm
2017333N06082,2017,OCKHI,2017-12-03 00:00:00,11.5,69.3,85.0,976.0,AS,Very Severe Cyclonic Storm
2017333N06082,2017,OCKHI,2017-12-03 03:00:00,11.9,69.0,80.0,977.0,AS,Very Severe Cyclonic Storm
2017333N06082,2017,OCKHI,2017-12-03 06:00:00,12.2,68.9,75.0,978.0,AS,Very Severe Cyclonic Storm
2017333N06082,2017,OCKHI,2017-12-03 09:00:00,12.4,68.8,75.0,980.0,AS,Very Severe Cyclonic Storm
2017333N06082,2017,OCKHI,2017-12-03 12:00:00,12.9,68.7,75.0,982.0,AS,Very Severe Cyclonic Storm
2017333N06082,2017,OCKHI,2017-12-03 15:00:00,13.1,68.6,75.0,982.0,AS,Very Severe Cyclonic Storm
2017333N06082,2017,OCKHI,2017-12-03 18:00:00,13.5,68.5,75.0,982.0,AS,Very Severe Cyclonic Storm
2017333N06082,2017,OCKHI,2017-12-03 21:00:00,13.9,68.5,75.0,982.0,AS,Very Severe Cyclonic Storm
2017333N06082,2017,OCKHI,2017-12-04 00:00:00,14.3,68.5,70.0,984.0,AS,Very Severe Cyclonic Storm
2017333N06082,2017,OCKHI,2017-12-04 03:00:00,14.5,68.5,65.0,986.0,AS,Very Severe Cyclonic Storm
2017333N06082,2017,OCKHI,2017-12-04 06:00:00,14.8,68.7,65.0,986.0,AS,Very Severe Cyclonic Storm
2017333N06082,2017,OCKHI,2017-12-04 09:00:00,15.1,69.0,65.0,986.0,AS,Very Severe Cyclonic Storm
2017333N06082,2017,OCKHI,2017-12-04 12:00:00,15.6,69.2,60.0,988.0,AS,Severe Cyclonic Storm
2017333N06082,2017,OCKHI,2017-12-04 15:00:00,16.1,69.5,60.0,988.0,AS,Severe Cyclonic Storm
2017333N06082,2017,OCKHI,2017-12-04 18:00:00,16.6,69.9,55.0,990.0,AS,Severe Cyclonic Storm
2017333N06082,2017,OCKHI,2017-12-04 21:00:00,17.0,70.3,55.0,992.0,AS,Severe Cyclonic Storm
2017333N06082,2017,OCKHI,2017-12-05 00:00:00,17.5,70.7,50.0,994.0,AS,Severe Cyclonic Storm
2017333N06082,2017,OCKHI,2017-12-05 03:00:00,17.9,71.0,45.0,996.0,AS,Cyclonic Storm
2017333N06082,2017,OCKHI,2017-12-05 06:00:00,18.2,71.2,40.0,998.0,AS,Cyclonic Storm
2017333N06082,2017,OCKHI,2017-12-05 09:00:00,18.3,71.4,30.0,1000.0,AS,Deep Depression
2017333N06082,2017,OCKHI,2017-12-05 12:00:00,18.5,71.5,30.0,1002.0,AS,Deep Depression
2017333N06082,2017,OCKHI,2017-12-05 15:00:00,18.8,71.6,25.0,1003.0,AS,Depression
2017333N06082,2017,OCKHI,2017-12-05 18:00:00,19.2,71.9,20.0,1004.0,AS,Depression
2017340N09089,2017,UNNAMED,2017-12-06 03:00:00,8.5,88.5,25.0,1004.0,BB,Depression
2017340N09089,2017,UNNAMED,2017-12-06 06:00:00,8.8,88.3,25.0,1004.0,BB,Depression
2017340N09089,2017,UNNAMED,2017-12-06 09:00:00,9.3,88.1,,,BB,Super Cyclonic Storm
2017340N09089,2017,UNNAMED,2017-12-06 12:00:00,9.8,88.0,25.0,1004.0,BB,Depression
2017340N09089,2017,UNNAMED,2017-12-06 15:00:00,9.9,88.0,,,BB,Super Cyclonic Storm
2017340N09089,2017,UNNAMED,2017-12-06 18:00:00,10.0,88.0,25.0,1004.0,BB,Depression
2017340N09089,2017,UNNAMED,2017-12-06 21:00:00,10.4,88.0,,,BB,Super Cyclonic Storm
2017340N09089,2017,UNNAMED,2017-12-07 00:00:00,11.1,88.0,25.0,1004.0,BB,Depression
2017340N09089,2017,UNNAMED,2017-12-07 03:00:00,12.0,88.0,25.0,1004.0,BB,Depression
2017340N09089,2017,UNNAMED,2017-12-07 06:00:00,12.2,87.9,25.0,1004.0,BB,Depression
2017340N09089,2017,UNNAMED,2017-12-07 09:00:00,12.5,87.8,,,BB,Super Cyclonic Storm
2017340N09089,2017,UNNAMED,2017-12-07 12:00:00,12.8,87.7,25.0,1004.0,BB,Depression
2017340N09089,2017,UNNAMED,2017-12-07 15:00:00,13.1,87.7,,,BB,Super Cyclonic Storm
2017340N09089,2017,UNNAMED,2017-12-07 18:00:00,13.4,87.6,25.0,1004.0,BB,Depression
2017340N09089,2017,UNNAMED,2017-12-07 21:00:00,13.8,87.3,,,BB,Super Cyclonic Storm
2017340N09089,2017,UNNAMED,2017-12-08 00:00:00,14.3,87.0,30.0,1002.0,BB,Deep Depression
2017340N09089,2017,UNNAMED,2017-12-08 03:00:00,15.0,86.8,30.0,1002.0,BB,Deep Depression
2017340N09089,2017,UNNAMED,2017-12-08 06:00:00,15.8,86.6,30.0,1002.0,BB,Deep Depression
2017340N09089,2017,UNNAMED,2017-12-08 09:00:00,16.5,86.5,,,BB,Super Cyclonic Storm
2017340N09089,2017,UNNAMED,2017-12-08 12:00:00,17.0,86.3,30.0,1002.0,BB,Deep Depression
2017340N09089,2017,UNNAMED,2017-12-08 15:00:00,17.6,86.3,,,BB,Super Cyclonic Storm
2017340N09089,2017,UNNAMED,2017-12-08 18:00:00,18.1,86.4,25.0,1004.0,BB,Depression
2017340N09089,2017,UNNAMED,2017-12-08 21:00:00,18.4,86.4,,,BB,Super Cyclonic Storm
2017340N09089,2017,UNNAMED,2017-12-09 00:00:00,18.7,86.5,25.0,1004.0,BB,Depression
2017340N09089,2017,UNNAMED,2017-12-09 03:00:00,18.8,86.7,25.0,1004.0,BB,Depression
2017340N09089,2017,UNNAMED,2017-12-09 06:00:00,19.0,86.9,25.0,1004.0,BB,Depression
2017340N09089,2017,UNNAMED,2017-12-09 09:00:00,19.1,87.1,,,BB,Super Cyclonic Storm
2017340N09089,2017,UNNAMED,2017-12-09 12:00:00,19.3,87.3,,,BB,Super Cyclonic Storm
2017340N09089,2017,UNNAMED,2017-12-09 15:00:00,19.5,87.4,,,BB,Super Cyclonic Storm
2017340N09089,2017,UNNAMED,2017-12-09 18:00:00,19.8,87.6,,,BB,Super Cyclonic Storm
2017340N09089,2017,UNNAMED,2017-12-09 21:00:00,20.1,87.8,,,BB,Super Cyclonic Storm
2017340N09089,2017,UNNAMED,2017-12-10 00:00:00,20.4,88.1,,,BB,Super Cyclonic Storm
2017340N09089,2017,UNNAMED,2017-12-10 03:00:00,20.7,88.4,,,BB,Super Cyclonic Storm
2017340N09089,2017,UNNAMED,2017-12-10 06:00:00,21.1,88.7,,,BB,Super Cyclonic Storm
2018072N05076,2018,UNNAMED,2018-03-13 03:00:00,5.0,76.0,25.0,1006.0,AS,Depression
2018072N05076,2018,UNNAMED,2018-03-13 06:00:00,5.5,75.8,25.0,1006.0,AS,Depression
2018072N05076,2018,UNNAMED,2018-03-13 09:00:00,6.1,75.4,,,AS,Super Cyclonic Storm
2018072N05076,2018,UNNAMED,2018-03-13 12:00:00,6.5,75.0,25.0,1006.0,AS,Depression
2018072N05076,2018,UNNAMED,2018-03-13 15:00:00,6.7,74.9,,,AS,Super Cyclonic Storm
2018072N05076,2018,UNNAMED,2018-03-13 18:00:00,6.7,74.8,25.0,1006.0,AS,Depression
2018072N05076,2018,UNNAMED,2018-03-13 21:00:00,6.8,74.7,,,AS,Super Cyclonic Storm
2018072N05076,2018,UNNAMED,2018-03-14 00:00:00,7.0,74.5,25.0,1006.0,AS,Depression
2018072N05076,2018,UNNAMED,2018-03-14 03:00:00,7.5,74.0,25.0,1006.0,AS,Depression
2018072N05076,2018,UNNAMED,2018-03-14 06:00:00,8.0,73.5,25.0,1006.0,AS,Depression
2018072N05076,2018,UNNAMED,2018-03-14 09:00:00,8.4,73.1,,,AS,Super Cyclonic Storm
2018072N05076,2018,UNNAMED,2018-03-14 12:00:00,8.7,72.8,25.0,1006.0,AS,Depression
2018072N05076,2018,UNNAMED,2018-03-14 15:00:00,8.9,72.6,,,AS,Super Cyclonic Storm
2018072N05076,2018,UNNAMED,2018-03-14 18:00:00,9.1,72.5,25.0,1006.0,AS,Depression
2018136N11054,2018,SAGAR,2018-05-15 18:00:00,11.3,53.7,,,AS,Super Cyclonic Storm
2018136N11054,2018,SAGAR,2018-05-15 21:00:00,11.6,53.2,,,AS,Super Cyclonic Storm
2018136N11054,2018,SAGAR,2018-05-16 00:00:00,12.0,52.7,,,AS,Super Cyclonic Storm
2018136N11054,2018,SAGAR,2018-05-16 03:00:00,12.4,52.2,,,AS,Super Cyclonic Storm
2018136N11054,2018,SAGAR,2018-05-16 06:00:00,12.7,51.6,,,AS,Super Cyclonic Storm
2018136N11054,2018,SAGAR,2018-05-16 09:00:00,12.9,51.1,,,AS,Super Cyclonic Storm
2018136N11054,2018,SAGAR,2018-05-16 12:00:00,13.1,50.5,25.0,1001.0,AS,Depression
2018136N11054,2018,SAGAR,2018-05-16 15:00:00,13.2,50.0,,,AS,Super Cyclonic Storm
2018136N11054,2018,SAGAR,2018-05-16 18:00:00,13.2,49.7,30.0,1001.0,AS,Deep Depression
2018136N11054,2018,SAGAR,2018-05-16 21:00:00,13.2,49.4,,,AS,Super Cyclonic Storm
2018136N11054,2018,SAGAR,2018-05-17 00:00:00,13.2,49.2,30.0,999.0,AS,Deep Depression
2018136N11054,2018,SAGAR,2018-05-17 03:00:00,13.2,48.9,35.0,997.0,AS,Cyclonic Storm
2018136N11054,2018,SAGAR,2018-05-17 06:00:00,13.1,48.7,35.0,997.0,AS,Cyclonic Storm
2018136N11054,2018,SAGAR,2018-05-17 09:00:00,13.1,48.4,35.0,997.0,AS,Cyclonic Storm
2018136N11054,2018,SAGAR,2018-05-17 12:00:00,13.0,48.1,40.0,996.0,AS,Cyclonic Storm
2018136N11054,2018,SAGAR,2018-05-17 15:00:00,12.9,47.7,40.0,996.0,AS,Cyclonic Storm
2018136N11054,2018,SAGAR,2018-05-17 18:00:00,12.6,47.3,40.0,996.0,AS,Cyclonic Storm
2018136N11054,2018,SAGAR,2018-05-17 21:00:00,12.4,46.9,40.0,996.0,AS,Cyclonic Storm
2018136N11054,2018,SAGAR,2018-05-18 00:00:00,12.2,46.5,45.0,996.0,AS,Cyclonic Storm
2018136N11054,2018,SAGAR,2018-05-18 03:00:00,12.0,46.2,45.0,994.0,AS,Cyclonic Storm
2018136N11054,2018,SAGAR,2018-05-18 06:00:00,11.9,46.0,45.0,994.0,AS,Cyclonic Storm
2018136N11054,2018,SAGAR,2018-05-18 09:00:00,11.7,45.6,45.0,994.0,AS,Cyclonic Storm
2018136N11054,2018,SAGAR,2018-05-18 12:00:00,11.5,45.5,45.0,994.0,AS,Cyclonic Storm
2018136N11054,2018,SAGAR,2018-05-18 15:00:00,11.4,45.3,45.0,994.0,AS,Cyclonic Storm
2018136N11054,2018,SAGAR,2018-05-18 18:00:00,11.3,45.1,45.0,994.0,AS,Cyclonic Storm
2018136N11054,2018,SAGAR,2018-05-18 21:00:00,11.1,45.0,45.0,994.0,AS,Cyclonic Storm
2018136N11054,2018,SAGAR,2018-05-19 00:00:00,11.0,44.8,45.0,994.0,AS,Cyclonic Storm
2018136N11054,2018,SAGAR,2018-05-19 03:00:00,10.8,44.5,45.0,994.0,AS,Cyclonic Storm
2018136N11054,2018,SAGAR,2018-05-19 06:00:00,10.7,44.2,40.0,996.0,AS,Cyclonic Storm
2018136N11054,2018,SAGAR,2018-05-19 09:00:00,10.5,44.0,40.0,998.0,AS,Cyclonic Storm
2018136N11054,2018,SAGAR,2018-05-19 12:00:00,10.4,43.8,35.0,1000.0,AS,Cyclonic Storm
2018136N11054,2018,SAGAR,2018-05-19 15:00:00,10.2,43.6,,,AS,Super Cyclonic Storm
2018136N11054,2018,SAGAR,2018-05-19 18:00:00,10.1,43.4,30.0,1001.0,AS,Deep Depression
2018136N11054,2018,SAGAR,2018-05-19 21:00:00,10.0,43.2,,,AS,Super Cyclonic Storm
2018136N11054,2018,SAGAR,2018-05-20 00:00:00,9.9,42.8,25.0,1003.0,AS,Depression
2018136N11054,2018,SAGAR,2018-05-20 03:00:00,9.9,42.3,,,AS,Super Cyclonic Storm
2018136N11054,2018,SAGAR,2018-05-20 06:00:00,9.8,41.8,,,AS,Super Cyclonic Storm
2018141N08059,2018,MEKUNU,2018-05-21 06:00:00,7.9,58.6,,,AS,Super Cyclonic Storm
2018141N08059,2018,MEKUNU,2018-05-21 09:00:00,8.1,58.4,,,AS,Super Cyclonic Storm
2018141N08059,2018,MEKUNU,2018-05-21 12:00:00,8.4,58.3,25.0,1004.0,AS,Depression
2018141N08059,2018,MEKUNU,2018-05-21 15:00:00,8.5,58.1,,,AS,Super Cyclonic Storm
2018141N08059,2018,MEKUNU,2018-05-21 18:00:00,8.7,57.9,25.0,1003.0,AS,Depression
2018141N08059,2018,MEKUNU,2018-05-21 21:00:00,8.9,57.7,,,AS,Super Cyclonic Storm
2018141N08059,2018,MEKUNU,2018-05-22 00:00:00,9.1,57.5,25.0,1002.0,AS,Depression
2018141N08059,2018,MEKUNU,2018-05-22 03:00:00,9.3,57.3,30.0,1001.0,AS,Deep Depression
2018141N08059,2018,MEKUNU,2018-05-22 06:00:00,9.6,57.1,30.0,1000.0,AS,Deep Depression
2018141N08059,2018,MEKUNU,2018-05-22 09:00:00,9.9,56.9,,,AS,Super Cyclonic Storm
2018141N08059,2018,MEKUNU,2018-05-22 12:00:00,10.2,56.8,35.0,998.0,AS,Cyclonic Storm
2018141N08059,2018,MEKUNU,2018-05-22 15:00:00,10.5,56.6,35.0,998.0,AS,Cyclonic Storm
2018141N08059,2018,MEKUNU,2018-05-22 18:00:00,10.7,56.4,40.0,996.0,AS,Cyclonic Storm
2018141N08059,2018,MEKUNU,2018-05-22 21:00:00,10.8,56.2,40.0,996.0,AS,Cyclonic Storm
2018141N08059,2018,MEKUNU,2018-05-23 00:00:00,11.0,56.1,45.0,994.0,AS,Cyclonic Storm
2018141N08059,2018,MEKUNU,2018-05-23 03:00:00,11.2,56.0,55.0,984.0,AS,Severe Cyclonic Storm
2018141N08059,2018,MEKUNU,2018-05-23 06:00:00,11.4,56.1,60.0,980.0,AS,Severe Cyclonic Storm
2018141N08059,2018,MEKUNU,2018-05-23 09:00:00,11.7,56.0,65.0,978.0,AS,Very Severe Cyclonic Storm
2018141N08059,2018,MEKUNU,2018-05-23 12:00:00,12.0,56.0,65.0,978.0,AS,Very Severe Cyclonic Storm
2018141N08059,2018,MEKUNU,2018-05-23 15:00:00,12.3,55.9,70.0,976.0,AS,Very Severe Cyclonic Storm
2018141N08059,2018,MEKUNU,2018-05-23 18:00:00,12.5,55.8,70.0,976.0,AS,Very Severe Cyclonic Storm
2018141N08059,2018,MEKUNU,2018-05-23 21:00:00,12.8,55.7,70.0,976.0,AS,Very Severe Cyclonic Storm
2018141N08059,2018,MEKUNU,2018-05-24 00:00:00,13.0,55.7,70.0,974.0,AS,Very Severe Cyclonic Storm
2018141N08059,2018,MEKUNU,2018-05-24 03:00:00,13.3,55.5,75.0,972.0,AS,Very Severe Cyclonic Storm
2018141N08059,2018,MEKUNU,2018-05-24 06:00:00,13.7,55.5,80.0,970.0,AS,Very Severe Cyclonic Storm
2018141N08059,2018,MEKUNU,2018-05-24 09:00:00,14.0,55.4,80.0,970.0,AS,Very Severe Cyclonic Storm
2018141N08059,2018,MEKUNU,2018-05-24 12:00:00,14.3,55.3,80.0,970.0,AS,Very Severe Cyclonic Storm
2018141N08059,2018,MEKUNU,2018-05-24 15:00:00,14.6,55.2,80.0,970.0,AS,Very Severe Cyclonic Storm
2018141N08059,2018,MEKUNU,2018-05-24 18:00:00,14.9,54.9,80.0,970.0,AS,Very Severe Cyclonic Storm
2018141N08059,2018,MEKUNU,2018-05-24 21:00:00,15.1,54.7,80.0,970.0,AS,Very Severe Cyclonic Storm
2018141N08059,2018,MEKUNU,2018-05-25 00:00:00,15.2,54.6,85.0,968.0,AS,Very Severe Cyclonic Storm
2018141N08059,2018,MEKUNU,2018-05-25 03:00:00,15.4,54.6,90.0,964.0,AS,Extremely Severe Cyclonic Storm
2018141N08059,2018,MEKUNU,2018-05-25 06:00:00,15.8,54.5,90.0,964.0,AS,Extremely Severe Cyclonic Storm
2018141N08059,2018,MEKUNU,2018-05-25 09:00:00,16.1,54.4,90.0,962.0,AS,Extremely Severe Cyclonic Storm
2018141N08059,2018,MEKUNU,2018-05-25 12:00:00,16.3,54.3,95.0,960.0,AS,Extremely Severe Cyclonic Storm
2018141N08059,2018,MEKUNU,2018-05-25 15:00:00,16.5,54.1,95.0,960.0,AS,Extremely Severe Cyclonic Storm
2018141N08059,2018,MEKUNU,2018-05-25 18:00:00,16.7,53.9,95.0,960.0,AS,Extremely Severe Cyclonic Storm
2018141N08059,2018,MEKUNU,2018-05-25 21:00:00,17.0,53.6,90.0,964.0,AS,Extremely Severe Cyclonic Storm
2018141N08059,2018,MEKUNU,2018-05-26 00:00:00,17.2,53.5,75.0,976.0,AS,Very Severe Cyclonic Storm
2018141N08059,2018,MEKUNU,2018-05-26 03:00:00,17.5,53.4,60.0,986.0,AS,Severe Cyclonic Storm
2018141N08059,2018,MEKUNU,2018-05-26 06:00:00,17.8,53.3,50.0,988.0,AS,Severe Cyclonic Storm
2018141N08059,2018,MEKUNU,2018-05-26 09:00:00,18.2,53.2,45.0,990.0,AS,Cyclonic Storm
2018141N08059,2018,MEKUNU,2018-05-26 12:00:00,18.5,53.1,40.0,992.0,AS,Cyclonic Storm
2018141N08059,2018,MEKUNU,2018-05-26 15:00:00,18.6,52.9,35.0,994.0,AS,Cyclonic Storm
2018141N08059,2018,MEKUNU,2018-05-26 18:00:00,18.8,52.7,30.0,996.0,AS,Deep Depression
2018141N08059,2018,MEKUNU,2018-05-26 21:00:00,18.9,52.6,,,AS,Super Cyclonic Storm
2018141N08059,2018,MEKUNU,2018-05-27 00:00:00,19.0,52.4,25.0,1000.0,AS,Depression
2018141N08059,2018,MEKUNU,2018-05-27 03:00:00,19.0,52.1,,,AS,Super Cyclonic Storm
2018141N08059,2018,MEKUNU,2018-05-27 06:00:00,19.0,52.0,,,AS,Super Cyclonic Storm
2018148N17090,2018,UNNAMED,2018-05-28 00:00:00,16.5,90.2,,,BB,Super Cyclonic Storm
2018148N17090,2018,UNNAMED,2018-05-28 03:00:00,16.7,90.4,,,BB,Super Cyclonic Storm
2018148N17090,2018,UNNAMED,2018-05-28 06:00:00,16.9,90.6,,,BB,Super Cyclonic Storm
2018148N17090,2018,UNNAMED,2018-05-28 09:00:00,17.1,90.8,,,BB,Super Cyclonic Storm
2018148N17090,2018,UNNAMED,2018-05-28 12:00:00,17.3,91.0,,,BB,Super Cyclonic Storm
2018148N17090,2018,UNNAMED,2018-05-28 15:00:00,17.5,91.2,,,BB,Super Cyclonic Storm
2018148N17090,2018,UNNAMED,2018-05-28 18:00:00,17.8,91.5,,,BB,Super Cyclonic Storm
2018148N17090,2018,UNNAMED,2018-05-28 21:00:00,18.0,91.7,,,BB,Super Cyclonic Storm
2018148N17090,2018,UNNAMED,2018-05-29 00:00:00,18.3,92.0,,,BB,Super Cyclonic Storm
2018148N17090,2018,UNNAMED,2018-05-29 03:00:00,18.5,92.3,,,BB,Super Cyclonic Storm
2018148N17090,2018,UNNAMED,2018-05-29 06:00:00,18.7,92.5,25.0,998.0,BB,Depression
2018148N17090,2018,UNNAMED,2018-05-29 09:00:00,19.0,92.9,,,BB,Super Cyclonic Storm
2018148N17090,2018,UNNAMED,2018-05-29 12:00:00,19.4,93.3,30.0,992.0,BB,Deep Depression
2018148N17090,2018,UNNAMED,2018-05-29 15:00:00,19.7,93.6,,,BB,Super Cyclonic Storm
2018148N17090,2018,UNNAMED,2018-05-29 18:00:00,20.0,94.0,30.0,994.0,BB,Deep Depression
2018148N17090,2018,UNNAMED,2018-05-29 21:00:00,20.6,94.7,,,BB,Super Cyclonic Storm
2018148N17090,2018,UNNAMED,2018-05-30 00:00:00,21.3,95.4,25.0,996.0,BB,Depression
2018148N17090,2018,UNNAMED,2018-05-30 03:00:00,21.8,95.8,20.0,998.0,BB,Depression
2018161N22092,2018,UNNAMED,2018-06-10 06:00:00,22.3,91.5,25.0,990.0,BB,Depression
2018161N22092,2018,UNNAMED,2018-06-10 09:00:00,22.5,91.5,,,BB,Super Cyclonic Storm
2018161N22092,2018,UNNAMED,2018-06-10 12:00:00,22.7,91.4,25.0,988.0,BB,Depression
2018161N22092,2018,UNNAMED,2018-06-10 15:00:00,22.9,91.4,,,BB,Super Cyclonic Storm
2018161N22092,2018,UNNAMED,2018-06-10 18:00:00,23.0,91.3,20.0,990.0,BB,Depression
2018202N21088,2018,UNNAMED,2018-07-21 03:00:00,21.0,88.0,25.0,989.0,BB,Depression
2018202N21088,2018,UNNAMED,2018-07-21 06:00:00,21.4,87.7,25.0,989.0,BB,Depression
2018202N21088,2018,UNNAMED,2018-07-21 09:00:00,21.5,87.6,30.0,988.0,BB,Deep Depression
2018202N21088,2018,UNNAMED,2018-07-21 12:00:00,21.7,87.4,30.0,988.0,BB,Deep Depression
2018202N21088,2018,UNNAMED,2018-07-21 15:00:00,21.9,87.2,,,BB,Super Cyclonic Storm
2018202N21088,2018,UNNAMED,2018-07-21 18:00:00,22.0,87.0,25.0,990.0,BB,Depression
2018202N21088,2018,UNNAMED,2018-07-21 21:00:00,22.0,87.0,,,BB,Super Cyclonic Storm
2018202N21088,2018,UNNAMED,2018-07-22 00:00:00,22.2,86.8,25.0,992.0,BB,Depression
2018202N21088,2018,UNNAMED,2018-07-22 03:00:00,22.6,86.2,25.0,992.0,BB,Depression
2018202N21088,2018,UNNAMED,2018-07-22 06:00:00,22.7,86.1,25.0,992.0,BB,Depression
2018202N21088,2018,UNNAMED,2018-07-22 09:00:00,22.8,85.7,,,BB,Super Cyclonic Storm
2018202N21088,2018,UNNAMED,2018-07-22 12:00:00,23.0,85.1,25.0,992.0,BB,Depression
2018202N21088,2018,UNNAMED,2018-07-22 15:00:00,23.2,84.8,,,BB,Super Cyclonic Storm
2018202N21088,2018,UNNAMED,2018-07-22 18:00:00,23.5,84.5,20.0,993.0,BB,Depression
2018202N21088,2018,UNNAMED,2018-07-22 21:00:00,23.7,84.3,,,BB,Super Cyclonic Storm
2018202N21088,2018,UNNAMED,2018-07-23 00:00:00,23.9,84.0,20.0,993.0,BB,Depression
2018219N21088,2018,UNNAMED,2018-08-07 09:00:00,21.5,87.5,25.0,992.0,BB,Depression
2018219N21088,2018,UNNAMED,2018-08-07 12:00:00,21.5,87.0,25.0,994.0,BB,Depression
2018219N21088,2018,UNNAMED,2018-08-07 15:00:00,21.5,86.5,,,BB,Super Cyclonic Storm
2018219N21088,2018,UNNAMED,2018-08-07 18:00:00,21.6,86.0,25.0,995.0,BB,Depression
2018219N21088,2018,UNNAMED,2018-08-07 21:00:00,21.7,85.3,,,BB,Super Cyclonic Storm
2018219N21088,2018,UNNAMED,2018-08-08 00:00:00,21.7,84.5,20.0,996.0,BB,Depression
2018227N20086,2018,UNNAMED,2018-08-15 03:00:00,20.0,86.0,25.0,993.0,BB,Depression
2018227N20086,2018,UNNAMED,2018-08-15 06:00:00,20.1,85.6,25.0,993.0,BB,Depression
2018227N20086,2018,UNNAMED,2018-08-15 09:00:00,20.2,85.3,,,BB,Super Cyclonic Storm
2018227N20086,2018,UNNAMED,2018-08-15 12:00:00,20.2,85.0,25.0,993.0,BB,Depression
2018227N20086,2018,UNNAMED,2018-08-15 15:00:00,20.2,84.6,,,BB,Super Cyclonic Storm
2018227N20086,2018,UNNAMED,2018-08-15 18:00:00,20.3,84.0,25.0,993.0,BB,Depression
2018227N20086,2018,UNNAMED,2018-08-15 21:00:00,20.4,83.1,,,BB,Super Cyclonic Storm
2018227N20086,2018,UNNAMED,2018-08-16 00:00:00,20.5,82.0,25.0,994.0,BB,Depression
2018227N20086,2018,UNNAMED,2018-08-16 03:00:00,20.6,81.0,20.0,994.0,BB,Depression
2018227N20086,2018,UNNAMED,2018-08-16 06:00:00,20.7,80.5,20.0,994.0,BB,Depression
2018227N20086,2018,UNNAMED,2018-08-16 09:00:00,20.9,79.4,,,BB,Super Cyclonic Storm
2018227N20086,2018,UNNAMED,2018-08-16 12:00:00,21.1,78.3,20.0,994.0,BB,Depression
2018227N20086,2018,UNNAMED,2018-08-16 15:00:00,21.1,77.9,,,AS,Super Cyclonic Storm
2018227N20086,2018,UNNAMED,2018-08-16 18:00:00,21.2,77.5,20.0,994.0,AS,Depression
2018227N20086,2018,UNNAMED,2018-08-16 21:00:00,21.4,76.8,,,AS,Super Cyclonic Storm
2018227N20086,2018,UNNAMED,2018-08-17 00:00:00,21.8,75.8,20.0,994.0,AS,Depression
2018249N22088,2018,UNNAMED,2018-09-06 00:00:00,21.8,88.0,25.0,992.0,BB,Depression
2018249N22088,2018,UNNAMED,2018-09-06 03:00:00,21.8,87.9,30.0,990.0,BB,Deep Depression
2018249N22088,2018,UNNAMED,2018-09-06 06:00:00,21.8,87.6,30.0,990.0,BB,Deep Depression
2018249N22088,2018,UNNAMED,2018-09-06 09:00:00,21.7,87.2,,,BB,Super Cyclonic Storm
2018249N22088,2018,UNNAMED,2018-09-06 12:00:00,21.7,86.8,30.0,990.0,BB,Deep Depression
2018249N22088,2018,UNNAMED,2018-09-06 15:00:00,21.8,86.5,,,BB,Super Cyclonic Storm
2018249N22088,2018,UNNAMED,2018-09-06 18:00:00,21.9,86.0,30.0,990.0,BB,Deep Depression
2018249N22088,2018,UNNAMED,2018-09-06 21:00:00,21.9,85.0,,,BB,Super Cyclonic Storm
2018249N22088,2018,UNNAMED,2018-09-07 00:00:00,22.2,84.0,25.0,991.0,BB,Depression
2018249N22088,2018,UNNAMED,2018-09-07 03:00:00,22.9,83.3,20.0,992.0,BB,Depression
2018263N17089,2018,DAYE,2018-09-19 15:00:00,17.2,89.0,25.0,997.0,BB,Depression
2018263N17089,2018,DAYE,2018-09-19 18:00:00,17.2,88.3,25.0,996.0,BB,Depression
2018263N17089,2018,DAYE,2018-09-19 21:00:00,17.2,87.8,,,BB,Super Cyclonic Storm
2018263N17089,2018,DAYE,2018-09-20 00:00:00,17.2,87.4,25.0,996.0,BB,Depression
2018263N17089,2018,DAYE,2018-09-20 03:00:00,17.3,87.1,30.0,995.0,BB,Deep Depression
2018263N17089,2018,DAYE,2018-09-20 06:00:00,17.6,87.0,30.0,995.0,BB,Deep Depression
2018263N17089,2018,DAYE,2018-09-20 09:00:00,17.9,86.6,,,BB,Super Cyclonic Storm
2018263N17089,2018,DAYE,2018-09-20 12:00:00,18.3,86.1,30.0,994.0,BB,Deep Depression
2018263N17089,2018,DAYE,2018-09-20 15:00:00,18.6,85.8,35.0,992.0,BB,Cyclonic Storm
2018263N17089,2018,DAYE,2018-09-20 18:00:00,19.1,85.2,35.0,992.0,BB,Cyclonic Storm
2018263N17089,2018,DAYE,2018-09-20 21:00:00,19.4,84.4,35.0,993.0,BB,Cyclonic Storm
2018263N17089,2018,DAYE,2018-09-21 00:00:00,19.8,83.6,30.0,994.0,BB,Deep Depression
2018263N17089,2018,DAYE,2018-09-21 03:00:00,20.1,82.5,30.0,994.0,BB,Deep Depression
2018263N17089,2018,DAYE,2018-09-21 06:00:00,20.5,81.5,30.0,995.0,BB,Deep Depression
2018263N17089,2018,DAYE,2018-09-21 09:00:00,20.9,80.7,,,BB,Super Cyclonic Storm
2018263N17089,2018,DAYE,2018-09-21 12:00:00,21.2,80.1,25.0,996.0,BB,Depression
2018263N17089,2018,DAYE,2018-09-21 15:00:00,21.4,79.5,,,BB,Super Cyclonic Storm
2018263N17089,2018,DAYE,2018-09-21 18:00:00,21.4,78.7,25.0,996.0,BB,Depression
2018263N17089,2018,DAYE,2018-09-21 21:00:00,21.8,77.8,,,AS,Super Cyclonic Storm
2018263N17089,2018,DAYE,2018-09-22 00:00:00,22.3,76.9,25.0,997.0,AS,Depression
2018263N17089,2018,DAYE,2018-09-22 03:00:00,22.9,76.3,20.0,998.0,AS,Depression
2018263N17089,2018,DAYE,2018-09-22 06:00:00,22.9,76.3,20.0,999.0,AS,Depression
2018279N11069,2018,LUBAN,2018-10-05 18:00:00,11.2,68.9,,,AS,Super Cyclonic Storm
2018279N11069,2018,LUBAN,2018-10-05 21:00:00,11.1,68.4,,,AS,Super Cyclonic Storm
2018279N11069,2018,LUBAN,2018-10-06 00:00:00,11.0,67.9,,,AS,Super Cyclonic Storm
2018279N11069,2018,LUBAN,2018-10-06 03:00:00,11.0,67.5,,,AS,Super Cyclonic Storm
2018279N11069,2018,LUBAN,2018-10-06 06:00:00,11.0,67.1,,,AS,Super Cyclonic Storm
2018279N11069,2018,LUBAN,2018-10-06 09:00:00,11.0,66.9,25.0,1003.0,AS,Depression
2018279N11069,2018,LUBAN,2018-10-06 12:00:00,11.1,66.8,25.0,1002.0,AS,Depression
2018279N11069,2018,LUBAN,2018-10-06 15:00:00,11.2,66.6,,,AS,Super Cyclonic Storm
2018279N11069,2018,LUBAN,2018-10-06 18:00:00,11.4,66.4,25.0,1002.0,AS,Depression
2018279N11069,2018,LUBAN,2018-10-06 21:00:00,11.4,66.2,,,AS,Super Cyclonic Storm
2018279N11069,2018,LUBAN,2018-10-07 00:00:00,11.5,66.0,25.0,1002.0,AS,Depression
2018279N11069,2018,LUBAN,2018-10-07 03:00:00,11.7,65.7,25.0,1002.0,AS,Depression
2018279N11069,2018,LUBAN,2018-10-07 06:00:00,11.8,65.3,25.0,1002.0,AS,Depression
2018279N11069,2018,LUBAN,2018-10-07 09:00:00,11.8,64.8,30.0,1001.0,AS,Deep Depression
2018279N11069,2018,LUBAN,2018-10-07 12:00:00,12.0,64.3,30.0,1001.0,AS,Deep Depression
2018279N11069,2018,LUBAN,2018-10-07 15:00:00,12.0,63.9,,,AS,Super Cyclonic Storm
2018279N11069,2018,LUBAN,2018-10-07 18:00:00,12.0,63.5,30.0,1000.0,AS,Deep Depression
2018279N11069,2018,LUBAN,2018-10-07 21:00:00,12.0,63.0,,,AS,Super Cyclonic Storm
2018279N11069,2018,LUBAN,2018-10-08 00:00:00,12.1,62.5,35.0,999.0,AS,Cyclonic Storm
2018279N11069,2018,LUBAN,2018-10-08 03:00:00,12.1,62.1,40.0,998.0,AS,Cyclonic Storm
2018279N11069,2018,LUBAN,2018-10-08 06:00:00,12.2,61.9,40.0,997.0,AS,Cyclonic Storm
2018279N11069,2018,LUBAN,2018-10-08 09:00:00,12.3,61.6,45.0,996.0,AS,Cyclonic Storm
2018279N11069,2018,LUBAN,2018-10-08 12:00:00,12.4,61.3,45.0,996.0,AS,Cyclonic Storm
2018279N11069,2018,LUBAN,2018-10-08 15:00:00,12.5,61.1,45.0,996.0,AS,Cyclonic Storm
2018279N11069,2018,LUBAN,2018-10-08 18:00:00,12.6,60.9,45.0,994.0,AS,Cyclonic Storm
2018279N11069,2018,LUBAN,2018-10-08 21:00:00,12.7,60.6,45.0,994.0,AS,Cyclonic Storm
2018279N11069,2018,LUBAN,2018-10-09 00:00:00,12.8,60.5,45.0,994.0,AS,Cyclonic Storm
2018279N11069,2018,LUBAN,2018-10-09 03:00:00,12.9,60.4,45.0,994.0,AS,Cyclonic Storm
2018279N11069,2018,LUBAN,2018-10-09 06:00:00,13.0,60.4,45.0,994.0,AS,Cyclonic Storm
2018279N11069,2018,LUBAN,2018-10-09 09:00:00,13.1,60.3,50.0,992.0,AS,Severe Cyclonic Storm
2018279N11069,2018,LUBAN,2018-10-09 12:00:00,13.2,60.1,55.0,990.0,AS,Severe Cyclonic Storm
2018279N11069,2018,LUBAN,2018-10-09 15:00:00,13.4,59.8,55.0,990.0,AS,Severe Cyclonic Storm
2018279N11069,2018,LUBAN,2018-10-09 18:00:00,13.6,59.6,55.0,990.0,AS,Severe Cyclonic Storm
2018279N11069,2018,LUBAN,2018-10-09 21:00:00,13.7,59.3,60.0,988.0,AS,Severe Cyclonic Storm
2018279N11069,2018,LUBAN,2018-10-10 00:00:00,14.0,59.2,65.0,985.0,AS,Very Severe Cyclonic Storm
2018279N11069,2018,LUBAN,2018-10-10 03:00:00,14.1,59.1,65.0,984.0,AS,Very Severe Cyclonic Storm
2018279N11069,2018,LUBAN,2018-10-10 06:00:00,14.2,59.0,75.0,978.0,AS,Very Severe Cyclonic Storm
2018279N11069,2018,LUBAN,2018-10-10 09:00:00,14.4,58.7,75.0,978.0,AS,Very Severe Cyclonic Storm
2018279N11069,2018,LUBAN,2018-10-10 12:00:00,14.4,58.6,75.0,978.0,AS,Very Severe Cyclonic Storm
2018279N11069,2018,LUBAN,2018-10-10 15:00:00,14.5,58.5,75.0,978.0,AS,Very Severe Cyclonic Storm
2018279N11069,2018,LUBAN,2018-10-10 18:00:00,14.5,58.4,75.0,978.0,AS,Very Severe Cyclonic Storm
2018279N11069,2018,LUBAN,2018-10-10 21:00:00,14.5,58.4,75.0,978.0,AS,Very Severe Cyclonic Storm
2018279N11069,2018,LUBAN,2018-10-11 00:00:00,14.6,58.2,75.0,978.0,AS,Very Severe Cyclonic Storm
2018279N11069,2018,LUBAN,2018-10-11 03:00:00,14.4,58.0,70.0,980.0,AS,Very Severe Cyclonic Storm
2018279N11069,2018,LUBAN,2018-10-11 06:00:00,14.5,57.9,70.0,980.0,AS,Very Severe Cyclonic Storm
2018279N11069,2018,LUBAN,2018-10-11 09:00:00,14.5,57.9,70.0,980.0,AS,Very Severe Cyclonic Storm
2018279N11069,2018,LUBAN,2018-10-11 12:00:00,14.5,57.8,70.0,980.0,AS,Very Severe Cyclonic Storm
2018279N11069,2018,LUBAN,2018-10-11 15:00:00,14.5,57.8,70.0,980.0,AS,Very Severe Cyclonic Storm
2018279N11069,2018,LUBAN,2018-10-11 18:00:00,14.6,57.7,70.0,980.0,AS,Very Severe Cyclonic Storm
2018279N11069,2018,LUBAN,2018-10-11 21:00:00,14.7,57.7,65.0,980.0,AS,Very Severe Cyclonic Storm
2018279N11069,2018,LUBAN,2018-10-12 00:00:00,14.7,57.6,60.0,984.0,AS,Severe Cyclonic Storm
2018279N11069,2018,LUBAN,2018-10-12 03:00:00,14.6,57.5,55.0,987.0,AS,Severe Cyclonic Storm
2018279N11069,2018,LUBAN,2018-10-12 06:00:00,14.7,57.4,50.0,990.0,AS,Severe Cyclonic Storm
2018279N11069,2018,LUBAN,2018-10-12 09:00:00,14.6,57.2,50.0,990.0,AS,Severe Cyclonic Storm
2018279N11069,2018,LUBAN,2018-10-12 12:00:00,14.7,57.0,50.0,991.0,AS,Severe Cyclonic Storm
2018279N11069,2018,LUBAN,2018-10-12 15:00:00,14.7,56.8,50.0,992.0,AS,Severe Cyclonic Storm
2018279N11069,2018,LUBAN,2018-10-12 18:00:00,14.8,56.5,45.0,994.0,AS,Cyclonic Storm
2018279N11069,2018,LUBAN,2018-10-12 21:00:00,14.8,56.2,45.0,994.0,AS,Cyclonic Storm
2018279N11069,2018,LUBAN,2018-10-13 00:00:00,14.8,55.9,45.0,994.0,AS,Cyclonic Storm
2018279N11069,2018,LUBAN,2018-10-13 03:00:00,14.8,55.6,40.0,994.0,AS,Cyclonic Storm
2018279N11069,2018,LUBAN,2018-10-13 06:00:00,14.9,55.3,40.0,994.0,AS,Cyclonic Storm
2018279N11069,2018,LUBAN,2018-10-13 09:00:00,14.9,54.9,40.0,994.0,AS,Cyclonic Storm
2018279N11069,2018,LUBAN,2018-10-13 12:00:00,14.9,54.5,40.0,994.0,AS,Cyclonic Storm
2018279N11069,2018,LUBAN,2018-10-13 15:00:00,14.9,54.1,40.0,994.0,AS,Cyclonic Storm
2018279N11069,2018,LUBAN,2018-10-13 18:00:00,15.1,53.7,40.0,996.0,AS,Cyclonic Storm
2018279N11069,2018,LUBAN,2018-10-13 21:00:00,15.2,53.3,40.0,996.0,AS,Cyclonic Storm
2018279N11069,2018,LUBAN,2018-10-14 00:00:00,15.4,52.8,40.0,998.0,AS,Cyclonic Storm
2018279N11069,2018,LUBAN,2018-10-14 03:00:00,15.6,52.5,40.0,998.0,AS,Cyclonic Storm
2018279N11069,2018,LUBAN,2018-10-14 06:00:00,15.9,52.2,35.0,999.0,AS,Cyclonic Storm
2018279N11069,2018,LUBAN,2018-10-14 09:00:00,15.9,51.8,30.0,1000.0,AS,Deep Depression
2018279N11069,2018,LUBAN,2018-10-14 12:00:00,16.0,51.4,30.0,1001.0,AS,Deep Depression
2018279N11069,2018,LUBAN,2018-10-14 15:00:00,16.1,51.1,,,AS,Super Cyclonic Storm
2018279N11069,2018,LUBAN,2018-10-14 18:00:00,16.3,50.8,25.0,1002.0,AS,Depression
2018279N11069,2018,LUBAN,2018-10-14 21:00:00,16.2,50.0,,,AS,Super Cyclonic Storm
2018279N11069,2018,LUBAN,2018-10-15 00:00:00,16.2,49.0,25.0,1003.0,AS,Depression
2018281N14088,2018,TITLI,2018-10-08 00:00:00,14.2,88.4,,,BB,Super Cyclonic Storm
2018281N14088,2018,TITLI,2018-10-08 03:00:00,14.1,88.4,25.0,1002.0,BB,Depression
2018281N14088,2018,TITLI,2018-10-08 06:00:00,14.1,88.3,25.0,1002.0,BB,Depression
2018281N14088,2018,TITLI,2018-10-08 09:00:00,14.2,88.1,,,BB,Super Cyclonic Storm
2018281N14088,2018,TITLI,2018-10-08 12:00:00,14.3,87.9,25.0,1002.0,BB,Depression
2018281N14088,2018,TITLI,2018-10-08 15:00:00,14.4,87.7,,,BB,Super Cyclonic Storm
2018281N14088,2018,TITLI,2018-10-08 18:00:00,14.5,87.5,30.0,1000.0,BB,Deep Depression
2018281N14088,2018,TITLI,2018-10-08 21:00:00,14.6,87.3,,,BB,Super Cyclonic Storm
2018281N14088,2018,TITLI,2018-10-09 00:00:00,14.7,87.1,30.0,1000.0,BB,Deep Depression
2018281N14088,2018,TITLI,2018-10-09 03:00:00,14.7,86.9,30.0,999.0,BB,Deep Depression
2018281N14088,2018,TITLI,2018-10-09 06:00:00,14.8,86.8,35.0,998.0,BB,Cyclonic Storm
2018281N14088,2018,TITLI,2018-10-09 09:00:00,14.9,86.7,35.0,997.0,BB,Cyclonic Storm
2018281N14088,2018,TITLI,2018-10-09 12:00:00,15.1,86.6,40.0,996.0,BB,Cyclonic Storm
2018281N14088,2018,TITLI,2018-10-09 15:00:00,15.3,86.5,40.0,995.0,BB,Cyclonic Storm
2018281N14088,2018,TITLI,2018-10-09 18:00:00,15.6,86.3,45.0,996.0,BB,Cyclonic Storm
2018281N14088,2018,TITLI,2018-10-09 21:00:00,15.8,86.1,50.0,994.0,BB,Severe Cyclonic Storm
2018281N14088,2018,TITLI,2018-10-10 00:00:00,16.1,86.0,55.0,990.0,BB,Severe Cyclonic Storm
2018281N14088,2018,TITLI,2018-10-10 03:00:00,16.5,85.9,60.0,988.0,BB,Severe Cyclonic Storm
2018281N14088,2018,TITLI,2018-10-10 06:00:00,17.0,85.6,70.0,982.0,BB,Very Severe Cyclonic Storm
2018281N14088,2018,TITLI,2018-10-10 09:00:00,17.3,85.4,75.0,976.0,BB,Very Severe Cyclonic Storm
2018281N14088,2018,TITLI,2018-10-10 12:00:00,17.6,85.3,80.0,972.0,BB,Very Severe Cyclonic Storm
2018281N14088,2018,TITLI,2018-10-10 15:00:00,17.8,85.1,80.0,972.0,BB,Very Severe Cyclonic Storm
2018281N14088,2018,TITLI,2018-10-10 18:00:00,18.3,85.0,80.0,972.0,BB,Very Severe Cyclonic Storm
2018281N14088,2018,TITLI,2018-10-10 21:00:00,18.6,84.6,80.0,972.0,BB,Very Severe Cyclonic Storm
2018281N14088,2018,TITLI,2018-10-11 00:00:00,18.8,84.4,80.0,972.0,BB,Very Severe Cyclonic Storm
2018281N14088,2018,TITLI,2018-10-11 03:00:00,18.9,84.1,65.0,985.0,BB,Very Severe Cyclonic Storm
2018281N14088,2018,TITLI,2018-10-11 06:00:00,19.2,83.9,60.0,988.0,BB,Severe Cyclonic Storm
2018281N14088,2018,TITLI,2018-10-11 09:00:00,19.4,83.8,50.0,994.0,BB,Severe Cyclonic Storm
2018281N14088,2018,TITLI,2018-10-11 12:00:00,19.7,83.8,45.0,996.0,BB,Cyclonic Storm
2018281N14088,2018,TITLI,2018-10-11 15:00:00,19.9,83.9,40.0,998.0,BB,Cyclonic Storm
2018281N14088,2018,TITLI,2018-10-11 18:00:00,20.1,84.2,30.0,999.0,BB,Deep Depression
2018281N14088,2018,TITLI,2018-10-11 21:00:00,20.3,84.4,,,BB,Super Cyclonic Storm
2018281N14088,2018,TITLI,2018-10-12 00:00:00,20.5,84.7,30.0,1000.0,BB,Deep Depression
2018281N14088,2018,TITLI,2018-10-12 03:00:00,20.7,85.0,30.0,1001.0,BB,Deep Depression
2018281N14088,2018,TITLI,2018-10-12 06:00:00,20.9,85.3,30.0,1001.0,BB,Deep Depression
2018281N14088,2018,TITLI,2018-10-12 09:00:00,20.9,85.5,25.0,1002.0,BB,Depression
2018281N14088,2018,TITLI,2018-10-12 12:00:00,21.2,86.1,25.0,1002.0,BB,Depression
2018281N14088,2018,TITLI,2018-10-12 15:00:00,21.6,86.7,,,BB,Super Cyclonic Storm
2018281N14088,2018,TITLI,2018-10-12 18:00:00,21.9,87.2,25.0,1003.0,BB,Depression
2018281N14088,2018,TITLI,2018-10-12 21:00:00,22.1,87.5,20.0,1004.0,BB,Depression
2018314N12093,2018,GAJA,2018-11-10 03:00:00,11.7,92.5,25.0,1003.0,BB,Depression
2018314N12093,2018,GAJA,2018-11-10 06:00:00,12.0,92.0,25.0,1002.0,BB,Depression
2018314N12093,2018,GAJA,2018-11-10 09:00:00,12.3,91.4,,,BB,Super Cyclonic Storm
2018314N12093,2018,GAJA,2018-11-10 12:00:00,12.7,90.7,30.0,1001.0,BB,Deep Depression
2018314N12093,2018,GAJA,2018-11-10 15:00:00,12.9,90.2,,,BB,Super Cyclonic Storm
2018314N12093,2018,GAJA,2018-11-10 18:00:00,13.1,89.8,30.0,1000.0,BB,Deep Depression
2018314N12093,2018,GAJA,2018-11-10 21:00:00,13.2,89.5,,,BB,Super Cyclonic Storm
2018314N12093,2018,GAJA,2018-11-11 00:00:00,13.4,89.2,35.0,999.0,BB,Cyclonic Storm
2018314N12093,2018,GAJA,2018-11-11 03:00:00,13.4,88.8,35.0,999.0,BB,Cyclonic Storm
2018314N12093,2018,GAJA,2018-11-11 06:00:00,13.4,88.5,40.0,998.0,BB,Cyclonic Storm
2018314N12093,2018,GAJA,2018-11-11 09:00:00,13.4,88.0,40.0,998.0,BB,Cyclonic Storm
2018314N12093,2018,GAJA,2018-11-11 12:00:00,13.3,87.7,40.0,998.0,BB,Cyclonic Storm
2018314N12093,2018,GAJA,2018-11-11 15:00:00,13.2,87.5,40.0,998.0,BB,Cyclonic Storm
2018314N12093,2018,GAJA,2018-11-11 18:00:00,13.1,87.3,40.0,998.0,BB,Cyclonic Storm
2018314N12093,2018,GAJA,2018-11-11 21:00:00,13.1,87.2,40.0,998.0,BB,Cyclonic Storm
2018314N12093,2018,GAJA,2018-11-12 00:00:00,12.9,87.2,40.0,998.0,BB,Cyclonic Storm
2018314N12093,2018,GAJA,2018-11-12 03:00:00,12.7,87.2,40.0,998.0,BB,Cyclonic Storm
2018314N12093,2018,GAJA,2018-11-12 06:00:00,12.6,87.3,40.0,998.0,BB,Cyclonic Storm
2018314N12093,2018,GAJA,2018-11-12 09:00:00,12.7,87.3,40.0,998.0,BB,Cyclonic Storm
2018314N12093,2018,GAJA,2018-11-12 12:00:00,12.8,87.6,40.0,998.0,BB,Cyclonic Storm
2018314N12093,2018,GAJA,2018-11-12 15:00:00,13.0,87.6,40.0,998.0,BB,Cyclonic Storm
2018314N12093,2018,GAJA,2018-11-12 18:00:00,13.3,87.6,45.0,996.0,BB,Cyclonic Storm
2018314N12093,2018,GAJA,2018-11-12 21:00:00,13.4,87.4,45.0,996.0,BB,Cyclonic Storm
2018314N12093,2018,GAJA,2018-11-13 00:00:00,13.6,87.2,40.0,998.0,BB,Cyclonic Storm
2018314N12093,2018,GAJA,2018-11-13 03:00:00,13.6,87.0,40.0,998.0,BB,Cyclonic Storm
2018314N12093,2018,GAJA,2018-11-13 06:00:00,13.7,86.6,40.0,998.0,BB,Cyclonic Storm
2018314N12093,2018,GAJA,2018-11-13 09:00:00,13.6,86.3,40.0,998.0,BB,Cyclonic Storm
2018314N12093,2018,GAJA,2018-11-13 12:00:00,13.5,86.1,40.0,998.0,BB,Cyclonic Storm
2018314N12093,2018,GAJA,2018-11-13 15:00:00,13.4,85.9,40.0,998.0,BB,Cyclonic Storm
2018314N12093,2018,GAJA,2018-11-13 18:00:00,13.3,85.7,40.0,998.0,BB,Cyclonic Storm
2018314N12093,2018,GAJA,2018-11-13 21:00:00,13.2,85.5,40.0,998.0,BB,Cyclonic Storm
2018314N12093,2018,GAJA,2018-11-14 00:00:00,13.1,85.4,40.0,998.0,BB,Cyclonic Storm
2018314N12093,2018,GAJA,2018-11-14 03:00:00,13.0,85.2,40.0,998.0,BB,Cyclonic Storm
2018314N12093,2018,GAJA,2018-11-14 06:00:00,12.8,85.0,45.0,996.0,BB,Cyclonic Storm
2018314N12093,2018,GAJA,2018-11-14 09:00:00,12.6,84.7,45.0,996.0,BB,Cyclonic Storm
2018314N12093,2018,GAJA,2018-11-14 12:00:00,12.4,84.4,45.0,996.0,BB,Cyclonic Storm
2018314N12093,2018,GAJA,2018-11-14 15:00:00,12.2,84.2,45.0,996.0,BB,Cyclonic Storm
2018314N12093,2018,GAJA,2018-11-14 18:00:00,12.0,83.9,45.0,996.0,BB,Cyclonic Storm
2018314N12093,2018,GAJA,2018-11-14 21:00:00,11.8,83.5,45.0,996.0,BB,Cyclonic Storm
2018314N12093,2018,GAJA,2018-11-15 00:00:00,11.5,83.1,45.0,996.0,BB,Cyclonic Storm
2018314N12093,2018,GAJA,2018-11-15 03:00:00,11.4,82.7,50.0,994.0,BB,Severe Cyclonic Storm
2018314N12093,2018,GAJA,2018-11-15 06:00:00,11.3,82.2,55.0,990.0,BB,Severe Cyclonic Storm
2018314N12093,2018,GAJA,2018-11-15 09:00:00,11.1,81.6,55.0,989.0,BB,Severe Cyclonic Storm
2018314N12093,2018,GAJA,2018-11-15 12:00:00,10.9,81.2,60.0,988.0,BB,Severe Cyclonic Storm
2018314N12093,2018,GAJA,2018-11-15 15:00:00,10.7,80.7,65.0,984.0,BB,Very Severe Cyclonic Storm
2018314N12093,2018,GAJA,2018-11-15 18:00:00,10.6,80.3,70.0,976.0,BB,Very Severe Cyclonic Storm
2018314N12093,2018,GAJA,2018-11-15 21:00:00,10.5,79.7,70.0,976.0,BB,Very Severe Cyclonic Storm
2018314N12093,2018,GAJA,2018-11-16 00:00:00,10.5,79.1,55.0,990.0,BB,Severe Cyclonic Storm
2018314N12093,2018,GAJA,2018-11-16 03:00:00,10.4,78.5,45.0,996.0,BB,Cyclonic Storm
2018314N12093,2018,GAJA,2018-11-16 06:00:00,10.5,77.6,30.0,1000.0,AS,Deep Depression
2018314N12093,2018,GAJA,2018-11-16 09:00:00,10.3,76.9,,,AS,Super Cyclonic Storm
2018314N12093,2018,GAJA,2018-11-16 12:00:00,10.0,76.3,25.0,1002.0,AS,Depression
2018314N12093,2018,GAJA,2018-11-16 15:00:00,9.9,75.8,,,AS,Super Cyclonic Storm
2018314N12093,2018,GAJA,2018-11-16 18:00:00,9.8,75.3,25.0,1002.0,AS,Depression
2018314N12093,2018,GAJA,2018-11-16 21:00:00,9.7,74.7,,,AS,Super Cyclonic Storm
2018314N12093,2018,GAJA,2018-11-17 00:00:00,9.7,74.2,30.0,1003.0,AS,Deep Depression
2018314N12093,2018,GAJA,2018-11-17 03:00:00,9.7,73.5,30.0,1003.0,AS,Deep Depression
2018314N12093,2018,GAJA,2018-11-17 06:00:00,9.8,73.0,30.0,1003.0,AS,Deep Depression
2018314N12093,2018,GAJA,2018-11-17 09:00:00,9.9,72.4,,,AS,Super Cyclonic Storm
2018314N12093,2018,GAJA,2018-11-17 12:00:00,10.0,71.8,30.0,1003.0,AS,Deep Depression
2018314N12093,2018,GAJA,2018-11-17 15:00:00,10.1,71.2,,,AS,Super Cyclonic Storm
2018314N12093,2018,GAJA,2018-11-17 18:00:00,10.2,70.7,30.0,1003.0,AS,Deep Depression
2018314N12093,2018,GAJA,2018-11-17 21:00:00,10.3,70.2,,,AS,Super Cyclonic Storm
2018314N12093,2018,GAJA,2018-11-18 00:00:00,10.4,69.8,30.0,1003.0,AS,Deep Depression
2018314N12093,2018,GAJA,2018-11-18 03:00:00,10.5,69.5,30.0,1003.0,AS,Deep Depression
2018314N12093,2018,GAJA,2018-11-18 06:00:00,10.5,69.1,30.0,1003.0,AS,Deep Depression
2018314N12093,2018,GAJA,2018-11-18 09:00:00,10.6,68.8,,,AS,Super Cyclonic Storm
2018314N12093,2018,GAJA,2018-11-18 12:00:00,10.6,68.5,30.0,1003.0,AS,Deep Depression
2018314N12093,2018,GAJA,2018-11-18 15:00:00,10.6,68.0,,,AS,Super Cyclonic Storm
2018314N12093,2018,GAJA,2018-11-18 18:00:00,10.7,67.5,30.0,1003.0,AS,Deep Depression
2018314N12093,2018,GAJA,2018-11-18 21:00:00,10.7,67.1,,,AS,Super Cyclonic Storm
2018314N12093,2018,GAJA,2018-11-19 00:00:00,10.8,66.6,30.0,1003.0,AS,Deep Depression
2018314N12093,2018,GAJA,2018-11-19 03:00:00,10.9,66.3,30.0,1003.0,AS,Deep Depression
2018314N12093,2018,GAJA,2018-11-19 06:00:00,11.0,65.8,25.0,1004.0,AS,Depression
2018314N12093,2018,GAJA,2018-11-19 09:00:00,11.2,65.4,,,AS,Super Cyclonic Storm
2018314N12093,2018,GAJA,2018-11-19 12:00:00,11.2,65.0,25.0,1004.0,AS,Depression
2018347N07089,2018,PHETHAI,2018-12-13 00:00:00,6.5,88.7,25.0,1004.0,BB,Depression
2018347N07089,2018,PHETHAI,2018-12-13 03:00:00,6.7,88.6,25.0,1004.0,BB,Depression
2018347N07089,2018,PHETHAI,2018-12-13 06:00:00,6.8,88.5,25.0,1003.0,BB,Depression
2018347N07089,2018,PHETHAI,2018-12-13 09:00:00,7.0,88.4,,,BB,Super Cyclonic Storm
2018347N07089,2018,PHETHAI,2018-12-13 12:00:00,7.2,88.3,25.0,1003.0,BB,Depression
2018347N07089,2018,PHETHAI,2018-12-13 15:00:00,7.4,88.2,,,BB,Super Cyclonic Storm
2018347N07089,2018,PHETHAI,2018-12-13 18:00:00,7.5,88.0,30.0,1002.0,BB,Deep Depression
2018347N07089,2018,PHETHAI,2018-12-13 21:00:00,7.7,87.8,,,BB,Super Cyclonic Storm
2018347N07089,2018,PHETHAI,2018-12-14 00:00:00,7.9,87.6,30.0,1002.0,BB,Deep Depression
2018347N07089,2018,PHETHAI,2018-12-14 03:00:00,8.1,87.5,30.0,1002.0,BB,Deep Depression
2018347N07089,2018,PHETHAI,2018-12-14 06:00:00,8.2,87.4,30.0,1002.0,BB,Deep Depression
2018347N07089,2018,PHETHAI,2018-12-14 09:00:00,8.2,87.1,,,BB,Super Cyclonic Storm
2018347N07089,2018,PHETHAI,2018-12-14 12:00:00,8.3,86.8,30.0,1002.0,BB,Deep Depression
2018347N07089,2018,PHETHAI,2018-12-14 15:00:00,8.5,86.5,,,BB,Super Cyclonic Storm
2018347N07089,2018,PHETHAI,2018-12-14 18:00:00,8.7,86.3,30.0,1002.0,BB,Deep Depression
2018347N07089,2018,PHETHAI,2018-12-14 21:00:00,8.8,86.0,,,BB,Super Cyclonic Storm
2018347N07089,2018,PHETHAI,2018-12-15 00:00:00,9.0,85.7,30.0,1002.0,BB,Deep Depression
2018347N07089,2018,PHETHAI,2018-12-15 03:00:00,9.3,85.4,30.0,1001.0,BB,Deep Depression
2018347N07089,2018,PHETHAI,2018-12-15 06:00:00,9.5,85.3,30.0,1001.0,BB,Deep Depression
2018347N07089,2018,PHETHAI,2018-12-15 09:00:00,9.9,85.1,,,BB,Super Cyclonic Storm
2018347N07089,2018,PHETHAI,2018-12-15 12:00:00,10.2,84.9,35.0,1000.0,BB,Cyclonic Storm
2018347N07089,2018,PHETHAI,2018-12-15 15:00:00,10.5,84.7,35.0,1000.0,BB,Cyclonic Storm
2018347N07089,2018,PHETHAI,2018-12-15 18:00:00,10.8,84.6,35.0,1000.0,BB,Cyclonic Storm
2018347N07089,2018,PHETHAI,2018-12-15 21:00:00,11.0,84.4,35.0,1000.0,BB,Cyclonic Storm
2018347N07089,2018,PHETHAI,2018-12-16 00:00:00,11.3,84.3,40.0,998.0,BB,Cyclonic Storm
2018347N07089,2018,PHETHAI,2018-12-16 03:00:00,11.8,84.1,45.0,996.0,BB,Cyclonic Storm
2018347N07089,2018,PHETHAI,2018-12-16 06:00:00,12.3,83.9,45.0,996.0,BB,Cyclonic Storm
2018347N07089,2018,PHETHAI,2018-12-16 09:00:00,12.4,83.5,50.0,994.0,BB,Severe Cyclonic Storm
2018347N07089,2018,PHETHAI,2018-12-16 12:00:00,13.4,83.1,55.0,992.0,BB,Severe Cyclonic Storm
2018347N07089,2018,PHETHAI,2018-12-16 15:00:00,13.8,82.8,55.0,992.0,BB,Severe Cyclonic Storm
2018347N07089,2018,PHETHAI,2018-12-16 18:00:00,14.1,82.7,55.0,992.0,BB,Severe Cyclonic Storm
2018347N07089,2018,PHETHAI,2018-12-16 21:00:00,14.5,82.4,55.0,992.0,BB,Severe Cyclonic Storm
2018347N07089,2018,PHETHAI,2018-12-17 00:00:00,15.0,82.4,50.0,994.0,BB,Severe Cyclonic Storm
2018347N07089,2018,PHETHAI,2018-12-17 03:00:00,15.5,82.3,45.0,997.0,BB,Cyclonic Storm
2018347N07089,2018,PHETHAI,2018-12-17 06:00:00,16.0,82.3,45.0,997.0,BB,Cyclonic Storm
2018347N07089,2018,PHETHAI,2018-12-17 09:00:00,16.5,82.3,40.0,998.0,BB,Cyclonic Storm
2018347N07089,2018,PHETHAI,2018-12-17 12:00:00,16.8,82.5,30.0,1001.0,BB,Deep Depression
2018347N07089,2018,PHETHAI,2018-12-17 15:00:00,17.4,82.6,30.0,1004.0,BB,Deep Depression
2018347N07089,2018,PHETHAI,2018-12-17 18:00:00,17.8,82.8,25.0,1006.0,BB,Depression
2018365N08115,2018,PABUK,2018-12-30 12:00:00,8.3,115.1,,,MM,Super Cyclonic Storm
2018365N08115,2018,PABUK,2018-12-30 15:00:00,8.4,114.7,,,MM,Super Cyclonic Storm
2018365N08115,2018,PABUK,2018-12-30 18:00:00,8.5,114.3,,,MM,Super Cyclonic Storm
2018365N08115,2018,PABUK,2018-12-30 21:00:00,8.6,113.8,,,MM,Super Cyclonic Storm
2018365N08115,2018,PABUK,2018-12-31 00:00:00,8.6,113.3,,,MM,Super Cyclonic Storm
2018365N08115,2018,PABUK,2018-12-31 03:00:00,8.4,112.7,,,MM,Super Cyclonic Storm
2018365N08115,2018,PABUK,2018-12-31 06:00:00,7.9,112.1,,1004.0,MM,Super Cyclonic Storm
2018365N08115,2018,PABUK,2018-12-31 09:00:00,7.6,111.7,,,MM,Super Cyclonic Storm
2018365N08115,2018,PABUK,2018-12-31 12:00:00,7.4,111.5,,1004.0,MM,Super Cyclonic Storm
2018365N08115,2018,PABUK,2018-12-31 15:00:00,7.2,111.3,,,MM,Super Cyclonic Storm
2018365N08115,2018,PABUK,2018-12-31 18:00:00,7.1,111.1,,1004.0,MM,Super Cyclonic Storm
2018365N08115,2018,PABUK,2018-12-31 21:00:00,6.8,111.0,,,MM,Super Cyclonic Storm
2018365N08115,2018,PABUK,2019-01-01 00:00:00,6.6,110.8,,1004.0,MM,Super Cyclonic Storm
2018365N08115,2018,PABUK,2019-01-01 03:00:00,6.4,110.5,,,MM,Super Cyclonic Storm
2018365N08115,2018,PABUK,2019-01-01 06:00:00,6.2,110.2,35.0,1000.0,MM,Cyclonic Storm
2018365N08115,2018,PABUK,2019-01-01 09:00:00,6.0,110.0,,,MM,Super Cyclonic Storm
2018365N08115,2018,PABUK,2019-01-01 12:00:00,5.9,109.8,35.0,1000.0,MM,Cyclonic Storm
2018365N08115,2018,PABUK,2019-01-01 15:00:00,5.9,109.5,,,MM,Super Cyclonic Storm
2018365N08115,2018,PABUK,2019-01-01 18:00:00,5.8,109.3,35.0,1000.0,MM,Cyclonic Storm
2018365N08115,2018,PABUK,2019-01-01 21:00:00,5.8,109.0,,,MM,Super Cyclonic Storm
2018365N08115,2018,PABUK,2019-01-02 00:00:00,5.9,108.6,35.0,1000.0,MM,Cyclonic Storm
2018365N08115,2018,PABUK,2019-01-02 03:00:00,6.0,108.3,,,MM,Super Cyclonic Storm
2018365N08115,2018,PABUK,2019-01-02 06:00:00,6.1,107.9,35.0,1000.0,MM,Cyclonic Storm
2018365N08115,2018,PABUK,2019-01-02 09:00:00,6.2,107.5,,,MM,Super Cyclonic Storm
2018365N08115,2018,PABUK,2019-01-02 12:00:00,6.2,107.0,35.0,1000.0,MM,Cyclonic Storm
2018365N08115,2018,PABUK,2019-01-02 15:00:00,6.1,106.5,,,MM,Super Cyclonic Storm
2018365N08115,2018,PABUK,2019-01-02 18:00:00,6.1,105.9,35.0,1000.0,MM,Cyclonic Storm
2018365N08115,2018,PABUK,2019-01-02 21:00:00,6.1,105.4,,,MM,Super Cyclonic Storm
2018365N08115,2018,PABUK,2019-01-03 00:00:00,6.1,105.0,35.0,1000.0,MM,Cyclonic Storm
2018365N08115,2018,PABUK,2019-01-03 03:00:00,6.1,104.6,,,MM,Super Cyclonic Storm
2018365N08115,2018,PABUK,2019-01-03 06:00:00,6.2,104.3,35.0,1000.0,MM,Cyclonic Storm
2018365N08115,2018,PABUK,2019-01-03 09:00:00,6.3,104.0,,,MM,Super Cyclonic Storm
2018365N08115,2018,PABUK,2019-01-03 12:00:00,6.5,103.6,40.0,998.0,MM,Cyclonic Storm
2018365N08115,2018,PABUK,2019-01-03 15:00:00,6.8,103.2,,,MM,Super Cyclonic Storm
2018365N08115,2018,PABUK,2019-01-03 18:00:00,7.2,102.7,45.0,996.0,MM,Cyclonic Storm
2018365N08115,2018,PABUK,2019-01-03 21:00:00,7.6,102.2,,,MM,Super Cyclonic Storm
2018365N08115,2018,PABUK,2019-01-04 00:00:00,7.9,101.6,45.0,996.0,MM,Cyclonic Storm
2018365N08115,2018,PABUK,2019-01-04 03:00:00,8.1,101.1,,,MM,Super Cyclonic Storm
2018365N08115,2018,PABUK,2019-01-04 06:00:00,8.2,100.6,45.0,996.0,MM,Cyclonic Storm
2018365N08115,2018,PABUK,2019-01-04 09:00:00,8.3,100.2,,,MM,Super Cyclonic Storm
2018365N08115,2018,PABUK,2019-01-04 12:00:00,8.3,99.8,40.0,1000.0,BB,Cyclonic Storm
2018365N08115,2018,PABUK,2019-01-04 15:00:00,8.4,99.3,45.0,998.0,BB,Cyclonic Storm
2018365N08115,2018,PABUK,2019-01-04 18:00:00,8.5,98.9,45.0,998.0,BB,Cyclonic Storm
2018365N08115,2018,PABUK,2019-01-04 21:00:00,8.7,98.7,45.0,998.0,BB,Cyclonic Storm
2018365N08115,2018,PABUK,2019-01-05 00:00:00,8.8,98.5,40.0,1000.0,BB,Cyclonic Storm
2018365N08115,2018,PABUK,2019-01-05 03:00:00,9.1,98.2,40.0,1000.0,BB,Cyclonic Storm
2018365N08115,2018,PABUK,2019-01-05 06:00:00,9.3,98.0,40.0,1000.0,BB,Cyclonic Storm
2018365N08115,2018,PABUK,2019-01-05 09:00:00,9.5,97.7,40.0,1000.0,BB,Cyclonic Storm
2018365N08115,2018,PABUK,2019-01-05 12:00:00,9.8,97.4,40.0,1000.0,BB,Cyclonic Storm
2018365N08115,2018,PABUK,2019-01-05 15:00:00,10.1,96.9,40.0,1000.0,BB,Cyclonic Storm
2018365N08115,2018,PABUK,2019-01-05 18:00:00,10.4,96.4,35.0,1001.0,BB,Cyclonic Storm
2018365N08115,2018,PABUK,2019-01-05 21:00:00,10.5,95.9,35.0,1001.0,BB,Cyclonic Storm
2018365N08115,2018,PABUK,2019-01-06 00:00:00,10.7,95.3,35.0,1001.0,BB,Cyclonic Storm
2018365N08115,2018,PABUK,2019-01-06 03:00:00,10.8,94.4,35.0,1001.0,BB,Cyclonic Storm
2018365N08115,2018,PABUK,2019-01-06 06:00:00,11.0,93.6,30.0,1002.0,BB,Deep Depression
2018365N08115,2018,PABUK,2019-01-06 09:00:00,11.1,92.9,,,BB,Super Cyclonic Storm
2018365N08115,2018,PABUK,2019-01-06 12:00:00,11.3,92.4,30.0,1003.0,BB,Deep Depression
2018365N08115,2018,PABUK,2019-01-06 15:00:00,11.5,92.0,,,BB,Super Cyclonic Storm
2018365N08115,2018,PABUK,2019-01-06 18:00:00,11.7,91.7,30.0,1003.0,BB,Deep Depression
2018365N08115,2018,PABUK,2019-01-06 21:00:00,12.0,91.2,,,BB,Super Cyclonic Storm
2018365N08115,2018,PABUK,2019-01-07 00:00:00,12.3,91.0,25.0,1004.0,BB,Depression
2018365N08115,2018,PABUK,2019-01-07 03:00:00,12.5,91.1,25.0,1004.0,BB,Depression
2018365N08115,2018,PABUK,2019-01-07 06:00:00,12.6,91.4,25.0,1004.0,BB,Depression
2018365N08115,2018,PABUK,2019-01-07 09:00:00,12.9,92.0,,,BB,Super Cyclonic Storm
2018365N08115,2018,PABUK,2019-01-07 12:00:00,13.1,92.0,25.0,1004.0,BB,Depression
2018365N08115,2018,PABUK,2019-01-07 15:00:00,13.1,92.0,,,BB,Super Cyclonic Storm
2018365N08115,2018,PABUK,2019-01-07 18:00:00,13.1,92.0,20.0,1005.0,BB,Depression
2019116N02090,2019,FANI,2019-04-25 18:00:00,1.9,90.2,,,BB,Super Cyclonic Storm
2019116N02090,2019,FANI,2019-04-25 21:00:00,2.1,90.1,,,BB,Super Cyclonic Storm
2019116N02090,2019,FANI,2019-04-26 00:00:00,2.2,90.0,,,BB,Super Cyclonic Storm
2019116N02090,2019,FANI,2019-04-26 03:00:00,2.3,89.8,,,BB,Super Cyclonic Storm
2019116N02090,2019,FANI,2019-04-26 06:00:00,2.5,89.7,,,BB,Super Cyclonic Storm
2019116N02090,2019,FANI,2019-04-26 09:00:00,2.8,89.8,,,BB,Super Cyclonic Storm
2019116N02090,2019,FANI,2019-04-26 12:00:00,3.2,89.8,25.0,998.0,BB,Depression
2019116N02090,2019,FANI,2019-04-26 15:00:00,3.5,89.7,,,BB,Super Cyclonic Storm
2019116N02090,2019,FANI,2019-04-26 18:00:00,3.8,89.5,25.0,998.0,BB,Depression
2019116N02090,2019,FANI,2019-04-26 21:00:00,4.2,89.4,,,BB,Super Cyclonic Storm
2019116N02090,2019,FANI,2019-04-27 00:00:00,4.6,89.4,30.0,997.0,BB,Deep Depression
2019116N02090,2019,FANI,2019-04-27 03:00:00,4.9,89.4,30.0,996.0,BB,Deep Depression
2019116N02090,2019,FANI,2019-04-27 06:00:00,5.1,89.4,35.0,995.0,BB,Cyclonic Storm
2019116N02090,2019,FANI,2019-04-27 09:00:00,5.5,89.3,40.0,994.0,BB,Cyclonic Storm
2019116N02090,2019,FANI,2019-04-27 12:00:00,6.0,89.2,45.0,992.0,BB,Cyclonic Storm
2019116N02090,2019,FANI,2019-04-27 15:00:00,6.4,88.9,45.0,992.0,BB,Cyclonic Storm
2019116N02090,2019,FANI,2019-04-27 18:00:00,6.6,88.5,45.0,992.0,BB,Cyclonic Storm
2019116N02090,2019,FANI,2019-04-27 21:00:00,6.8,88.2,45.0,992.0,BB,Cyclonic Storm
2019116N02090,2019,FANI,2019-04-28 00:00:00,7.1,88.1,45.0,992.0,BB,Cyclonic Storm
2019116N02090,2019,FANI,2019-04-28 03:00:00,7.2,88.1,45.0,992.0,BB,Cyclonic Storm
2019116N02090,2019,FANI,2019-04-28 06:00:00,7.4,88.1,45.0,992.0,BB,Cyclonic Storm
2019116N02090,2019,FANI,2019-04-28 09:00:00,7.6,87.9,45.0,992.0,BB,Cyclonic Storm
2019116N02090,2019,FANI,2019-04-28 12:00:00,8.0,87.6,45.0,992.0,BB,Cyclonic Storm
2019116N02090,2019,FANI,2019-04-28 15:00:00,8.1,87.5,45.0,992.0,BB,Cyclonic Storm
2019116N02090,2019,FANI,2019-04-28 18:00:00,8.2,87.5,45.0,992.0,BB,Cyclonic Storm
2019116N02090,2019,FANI,2019-04-28 21:00:00,8.4,87.4,45.0,992.0,BB,Cyclonic Storm
2019116N02090,2019,FANI,2019-04-29 00:00:00,8.6,87.4,45.0,992.0,BB,Cyclonic Storm
2019116N02090,2019,FANI,2019-04-29 03:00:00,8.8,87.2,45.0,992.0,BB,Cyclonic Storm
2019116N02090,2019,FANI,2019-04-29 06:00:00,9.3,87.2,45.0,992.0,BB,Cyclonic Storm
2019116N02090,2019,FANI,2019-04-29 09:00:00,9.8,87.1,45.0,992.0,BB,Cyclonic Storm
2019116N02090,2019,FANI,2019-04-29 12:00:00,10.2,87.1,55.0,986.0,BB,Severe Cyclonic Storm
2019116N02090,2019,FANI,2019-04-29 15:00:00,10.5,86.9,55.0,986.0,BB,Severe Cyclonic Storm
2019116N02090,2019,FANI,2019-04-29 18:00:00,10.9,86.8,55.0,986.0,BB,Severe Cyclonic Storm
2019116N02090,2019,FANI,2019-04-29 21:00:00,11.3,86.6,65.0,982.0,BB,Very Severe Cyclonic Storm
2019116N02090,2019,FANI,2019-04-30 00:00:00,11.8,86.5,70.0,980.0,BB,Very Severe Cyclonic Storm
2019116N02090,2019,FANI,2019-04-30 03:00:00,12.3,86.2,75.0,974.0,BB,Very Severe Cyclonic Storm
2019116N02090,2019,FANI,2019-04-30 06:00:00,12.7,85.8,80.0,970.0,BB,Very Severe Cyclonic Storm
2019116N02090,2019,FANI,2019-04-30 09:00:00,13.0,85.3,85.0,966.0,BB,Very Severe Cyclonic Storm
2019116N02090,2019,FANI,2019-04-30 12:00:00,13.3,84.8,90.0,962.0,BB,Extremely Severe Cyclonic Storm
2019116N02090,2019,FANI,2019-04-30 15:00:00,13.4,84.6,95.0,957.0,BB,Extremely Severe Cyclonic Storm
2019116N02090,2019,FANI,2019-04-30 18:00:00,13.5,84.4,95.0,957.0,BB,Extremely Severe Cyclonic Storm
2019116N02090,2019,FANI,2019-04-30 21:00:00,13.6,84.2,95.0,957.0,BB,Extremely Severe Cyclonic Storm
2019116N02090,2019,FANI,2019-05-01 00:00:00,13.9,84.1,95.0,957.0,BB,Extremely Severe Cyclonic Storm
2019116N02090,2019,FANI,2019-05-01 03:00:00,14.1,84.0,95.0,957.0,BB,Extremely Severe Cyclonic Storm
2019116N02090,2019,FANI,2019-05-01 06:00:00,14.2,84.0,95.0,957.0,BB,Extremely Severe Cyclonic Storm
2019116N02090,2019,FANI,2019-05-01 09:00:00,14.5,84.1,95.0,955.0,BB,Extremely Severe Cyclonic Storm
2019116N02090,2019,FANI,2019-05-01 12:00:00,14.9,84.1,100.0,950.0,BB,Extremely Severe Cyclonic Storm
2019116N02090,2019,FANI,2019-05-01 15:00:00,15.0,84.2,100.0,950.0,BB,Extremely Severe Cyclonic Storm
2019116N02090,2019,FANI,2019-05-01 18:00:00,15.2,84.2,100.0,950.0,BB,Extremely Severe Cyclonic Storm
2019116N02090,2019,FANI,2019-05-01 21:00:00,15.5,84.3,100.0,950.0,BB,Extremely Severe Cyclonic Storm
2019116N02090,2019,FANI,2019-05-02 00:00:00,15.9,84.6,105.0,945.0,BB,Extremely Severe Cyclonic Storm
2019116N02090,2019,FANI,2019-05-02 03:00:00,16.2,84.7,105.0,945.0,BB,Extremely Severe Cyclonic Storm
2019116N02090,2019,FANI,2019-05-02 06:00:00,16.8,84.8,110.0,940.0,BB,Extremely Severe Cyclonic Storm
2019116N02090,2019,FANI,2019-05-02 09:00:00,17.2,84.8,115.0,932.0,BB,Extremely Severe Cyclonic Storm
2019116N02090,2019,FANI,2019-05-02 12:00:00,17.6,84.8,115.0,932.0,BB,Extremely Severe Cyclonic Storm
2019116N02090,2019,FANI,2019-05-02 15:00:00,17.9,84.9,115.0,934.0,BB,Extremely Severe Cyclonic Storm
2019116N02090,2019,FANI,2019-05-02 18:00:00,18.3,85.0,115.0,934.0,BB,Extremely Severe Cyclonic Storm
2019116N02090,2019,FANI,2019-05-02 21:00:00,18.6,85.2,115.0,934.0,BB,Extremely Severe Cyclonic Storm
2019116N02090,2019,FANI,2019-05-03 00:00:00,19.1,85.5,105.0,945.0,BB,Extremely Severe Cyclonic Storm
2019116N02090,2019,FANI,2019-05-03 03:00:00,19.6,85.7,100.0,952.0,BB,Extremely Severe Cyclonic Storm
2019116N02090,2019,FANI,2019-05-03 06:00:00,20.2,85.9,85.0,966.0,BB,Very Severe Cyclonic Storm
2019116N02090,2019,FANI,2019-05-03 09:00:00,20.7,86.1,75.0,970.0,BB,Very Severe Cyclonic Storm
2019116N02090,2019,FANI,2019-05-03 12:00:00,21.2,86.5,70.0,976.0,BB,Very Severe Cyclonic Storm
2019116N02090,2019,FANI,2019-05-03 15:00:00,21.6,86.9,60.0,980.0,BB,Severe Cyclonic Storm
2019116N02090,2019,FANI,2019-05-03 18:00:00,22.1,87.4,55.0,984.0,BB,Severe Cyclonic Storm
2019116N02090,2019,FANI,2019-05-03 21:00:00,22.6,88.1,50.0,986.0,BB,Severe Cyclonic Storm
2019116N02090,2019,FANI,2019-05-04 00:00:00,23.2,88.5,40.0,994.0,BB,Cyclonic Storm
2019116N02090,2019,FANI,2019-05-04 03:00:00,23.7,89.0,30.0,996.0,BB,Deep Depression
2019116N02090,2019,FANI,2019-05-04 06:00:00,24.4,89.5,25.0,998.0,BB,Depression
2019116N02090,2019,FANI,2019-05-04 09:00:00,24.8,89.9,,,BB,Super Cyclonic Storm
2019116N02090,2019,FANI,2019-05-04 12:00:00,25.2,90.7,20.0,1000.0,BB,Depression
2019160N11073,2019,VAYU,2019-06-08 18:00:00,10.5,72.7,,,AS,Super Cyclonic Storm
2019160N11073,2019,VAYU,2019-06-08 21:00:00,10.2,72.3,,,AS,Super Cyclonic Storm
2019160N11073,2019,VAYU,2019-06-09 00:00:00,10.1,71.9,,,AS,Super Cyclonic Storm
2019160N11073,2019,VAYU,2019-06-09 03:00:00,10.2,71.6,,,AS,Super Cyclonic Storm
2019160N11073,2019,VAYU,2019-06-09 06:00:00,10.4,71.4,,,AS,Super Cyclonic Storm
2019160N11073,2019,VAYU,2019-06-09 09:00:00,10.6,71.2,,,AS,Super Cyclonic Storm
2019160N11073,2019,VAYU,2019-06-09 12:00:00,10.9,71.1,,,AS,Super Cyclonic Storm
2019160N11073,2019,VAYU,2019-06-09 15:00:00,11.2,71.1,,,AS,Super Cyclonic Storm
2019160N11073,2019,VAYU,2019-06-09 18:00:00,11.5,71.2,,,AS,Super Cyclonic Storm
2019160N11073,2019,VAYU,2019-06-09 21:00:00,11.8,71.1,,,AS,Super Cyclonic Storm
2019160N11073,2019,VAYU,2019-06-10 00:00:00,12.0,71.0,25.0,998.0,AS,Depression
2019160N11073,2019,VAYU,2019-06-10 03:00:00,12.4,70.9,25.0,998.0,AS,Depression
2019160N11073,2019,VAYU,2019-06-10 06:00:00,12.6,70.8,30.0,997.0,AS,Deep Depression
2019160N11073,2019,VAYU,2019-06-10 09:00:00,12.9,70.8,,,AS,Super Cyclonic Storm
2019160N11073,2019,VAYU,2019-06-10 12:00:00,13.3,70.7,30.0,996.0,AS,Deep Depression
2019160N11073,2019,VAYU,2019-06-10 15:00:00,13.6,70.6,,,AS,Super Cyclonic Storm
2019160N11073,2019,VAYU,2019-06-10 18:00:00,13.9,70.6,35.0,995.0,AS,Cyclonic Storm
2019160N11073,2019,VAYU,2019-06-10 21:00:00,14.2,70.6,35.0,994.0,AS,Cyclonic Storm
2019160N11073,2019,VAYU,2019-06-11 00:00:00,14.6,70.7,40.0,993.0,AS,Cyclonic Storm
2019160N11073,2019,VAYU,2019-06-11 03:00:00,14.9,70.7,40.0,992.0,AS,Cyclonic Storm
2019160N11073,2019,VAYU,2019-06-11 06:00:00,15.2,70.8,45.0,990.0,AS,Cyclonic Storm
2019160N11073,2019,VAYU,2019-06-11 09:00:00,15.6,70.8,45.0,988.0,AS,Cyclonic Storm
2019160N11073,2019,VAYU,2019-06-11 12:00:00,16.1,70.8,55.0,986.0,AS,Severe Cyclonic Storm
2019160N11073,2019,VAYU,2019-06-11 15:00:00,16.6,70.7,60.0,983.0,AS,Severe Cyclonic Storm
2019160N11073,2019,VAYU,2019-06-11 18:00:00,17.0,70.6,65.0,980.0,AS,Very Severe Cyclonic Storm
2019160N11073,2019,VAYU,2019-06-11 21:00:00,17.4,70.5,70.0,977.0,AS,Very Severe Cyclonic Storm
2019160N11073,2019,VAYU,2019-06-12 00:00:00,17.7,70.3,75.0,975.0,AS,Very Severe Cyclonic Storm
2019160N11073,2019,VAYU,2019-06-12 03:00:00,18.0,70.2,75.0,973.0,AS,Very Severe Cyclonic Storm
2019160N11073,2019,VAYU,2019-06-12 06:00:00,18.4,70.0,75.0,971.0,AS,Very Severe Cyclonic Storm
2019160N11073,2019,VAYU,2019-06-12 09:00:00,18.8,69.9,80.0,970.0,AS,Very Severe Cyclonic Storm
2019160N11073,2019,VAYU,2019-06-12 12:00:00,19.1,69.9,80.0,970.0,AS,Very Severe Cyclonic Storm
2019160N11073,2019,VAYU,2019-06-12 15:00:00,19.4,69.8,80.0,970.0,AS,Very Severe Cyclonic Storm
2019160N11073,2019,VAYU,2019-06-12 18:00:00,19.7,69.7,80.0,970.0,AS,Very Severe Cyclonic Storm
2019160N11073,2019,VAYU,2019-06-12 21:00:00,19.9,69.6,80.0,970.0,AS,Very Severe Cyclonic Storm
2019160N11073,2019,VAYU,2019-06-13 00:00:00,20.1,69.6,80.0,970.0,AS,Very Severe Cyclonic Storm
2019160N11073,2019,VAYU,2019-06-13 03:00:00,20.3,69.5,80.0,970.0,AS,Very Severe Cyclonic Storm
2019160N11073,2019,VAYU,2019-06-13 06:00:00,20.5,69.4,80.0,970.0,AS,Very Severe Cyclonic Storm
2019160N11073,2019,VAYU,2019-06-13 09:00:00,20.7,69.2,80.0,970.0,AS,Very Severe Cyclonic Storm
2019160N11073,2019,VAYU,2019-06-13 12:00:00,20.8,69.1,80.0,970.0,AS,Very Severe Cyclonic Storm
2019160N11073,2019,VAYU,2019-06-13 15:00:00,20.9,68.9,80.0,970.0,AS,Very Severe Cyclonic Storm
2019160N11073,2019,VAYU,2019-06-13 18:00:00,20.9,68.9,80.0,970.0,AS,Very Severe Cyclonic Storm
2019160N11073,2019,VAYU,2019-06-13 21:00:00,20.9,68.7,80.0,970.0,AS,Very Severe Cyclonic Storm
2019160N11073,2019,VAYU,2019-06-14 00:00:00,21.0,68.6,80.0,970.0,AS,Very Severe Cyclonic Storm
2019160N11073,2019,VAYU,2019-06-14 03:00:00,21.0,68.4,75.0,973.0,AS,Very Severe Cyclonic Storm
2019160N11073,2019,VAYU,2019-06-14 06:00:00,21.0,68.4,75.0,973.0,AS,Very Severe Cyclonic Storm
2019160N11073,2019,VAYU,2019-06-14 09:00:00,20.9,68.3,75.0,973.0,AS,Very Severe Cyclonic Storm
2019160N11073,2019,VAYU,2019-06-14 12:00:00,20.8,68.2,70.0,976.0,AS,Very Severe Cyclonic Storm
2019160N11073,2019,VAYU,2019-06-14 15:00:00,20.8,68.1,70.0,976.0,AS,Very Severe Cyclonic Storm
2019160N11073,2019,VAYU,2019-06-14 18:00:00,20.8,67.9,65.0,978.0,AS,Very Severe Cyclonic Storm
2019160N11073,2019,VAYU,2019-06-14 21:00:00,20.7,67.7,65.0,978.0,AS,Very Severe Cyclonic Storm
2019160N11073,2019,VAYU,2019-06-15 00:00:00,20.7,67.5,65.0,978.0,AS,Very Severe Cyclonic Storm
2019160N11073,2019,VAYU,2019-06-15 03:00:00,20.6,67.3,65.0,979.0,AS,Very Severe Cyclonic Storm
2019160N11073,2019,VAYU,2019-06-15 06:00:00,20.6,66.9,65.0,979.0,AS,Very Severe Cyclonic Storm
2019160N11073,2019,VAYU,2019-06-15 09:00:00,20.6,66.7,65.0,980.0,AS,Very Severe Cyclonic Storm
2019160N11073,2019,VAYU,2019-06-15 12:00:00,20.7,66.4,65.0,980.0,AS,Very Severe Cyclonic Storm
2019160N11073,2019,VAYU,2019-06-15 15:00:00,20.7,66.2,65.0,980.0,AS,Very Severe Cyclonic Storm
2019160N11073,2019,VAYU,2019-06-15 18:00:00,20.7,66.0,65.0,981.0,AS,Very Severe Cyclonic Storm
2019160N11073,2019,VAYU,2019-06-15 21:00:00,20.7,65.8,65.0,981.0,AS,Very Severe Cyclonic Storm
2019160N11073,2019,VAYU,2019-06-16 00:00:00,20.8,65.5,60.0,983.0,AS,Severe Cyclonic Storm
2019160N11073,2019,VAYU,2019-06-16 03:00:00,20.8,65.2,55.0,985.0,AS,Severe Cyclonic Storm
2019160N11073,2019,VAYU,2019-06-16 06:00:00,20.8,65.1,55.0,985.0,AS,Severe Cyclonic Storm
2019160N11073,2019,VAYU,2019-06-16 09:00:00,20.7,65.1,55.0,986.0,AS,Severe Cyclonic Storm
2019160N11073,2019,VAYU,2019-06-16 12:00:00,20.8,65.2,50.0,988.0,AS,Severe Cyclonic Storm
2019160N11073,2019,VAYU,2019-06-16 15:00:00,20.8,65.6,45.0,990.0,AS,Cyclonic Storm
2019160N11073,2019,VAYU,2019-06-16 18:00:00,21.1,66.1,40.0,992.0,AS,Cyclonic Storm
2019160N11073,2019,VAYU,2019-06-16 21:00:00,21.4,66.4,40.0,993.0,AS,Cyclonic Storm
2019160N11073,2019,VAYU,2019-06-17 00:00:00,21.7,66.6,35.0,995.0,AS,Cyclonic Storm
2019160N11073,2019,VAYU,2019-06-17 03:00:00,21.8,66.8,30.0,996.0,AS,Deep Depression
2019160N11073,2019,VAYU,2019-06-17 06:00:00,21.9,67.0,30.0,997.0,AS,Deep Depression
2019160N11073,2019,VAYU,2019-06-17 09:00:00,22.2,67.4,25.0,998.0,AS,Depression
2019160N11073,2019,VAYU,2019-06-17 12:00:00,22.5,67.9,20.0,998.0,AS,Depression
2019160N11073,2019,VAYU,2019-06-17 15:00:00,22.8,68.1,,,AS,Super Cyclonic Storm
2019160N11073,2019,VAYU,2019-06-17 18:00:00,23.1,68.3,,,AS,Super Cyclonic Storm
2019160N11073,2019,VAYU,2019-06-17 21:00:00,23.2,68.6,,,AS,Super Cyclonic Storm
2019160N11073,2019,VAYU,2019-06-18 00:00:00,23.2,69.0,,,AS,Super Cyclonic Storm
2019160N11073,2019,VAYU,2019-06-18 03:00:00,23.1,69.6,,,AS,Super Cyclonic Storm
2019160N11073,2019,VAYU,2019-06-18 06:00:00,23.0,70.2,,,AS,Super Cyclonic Storm
2019218N21088,2019,UNNAMED,2019-08-06 03:00:00,20.5,88.0,25.0,990.0,BB,Depression
2019218N21088,2019,UNNAMED,2019-08-06 06:00:00,20.5,88.0,25.0,990.0,BB,Depression
2019218N21088,2019,UNNAMED,2019-08-06 09:00:00,20.6,87.9,,,BB,Super Cyclonic Storm
2019218N21088,2019,UNNAMED,2019-08-06 12:00:00,20.7,87.8,25.0,990.0,BB,Depression
2019218N21088,2019,UNNAMED,2019-08-06 15:00:00,20.7,87.7,,,BB,Super Cyclonic Storm
2019218N21088,2019,UNNAMED,2019-08-06 18:00:00,20.8,87.6,25.0,990.0,BB,Depression
2019218N21088,2019,UNNAMED,2019-08-06 21:00:00,20.9,87.5,,,BB,Super Cyclonic Storm
2019218N21088,2019,UNNAMED,2019-08-07 00:00:00,21.0,87.4,30.0,988.0,BB,Deep Depression
2019218N21088,2019,UNNAMED,2019-08-07 03:00:00,21.1,87.4,30.0,988.0,BB,Deep Depression
2019218N21088,2019,UNNAMED,2019-08-07 06:00:00,21.2,87.2,30.0,988.0,BB,Deep Depression
2019218N21088,2019,UNNAMED,2019-08-07 09:00:00,21.5,86.9,,,BB,Super Cyclonic Storm
2019218N21088,2019,UNNAMED,2019-08-07 12:00:00,21.9,86.5,30.0,988.0,BB,Deep Depression
2019218N21088,2019,UNNAMED,2019-08-07 15:00:00,22.2,86.1,,,BB,Super Cyclonic Storm
2019218N21088,2019,UNNAMED,2019-08-07 18:00:00,22.4,85.6,30.0,988.0,BB,Deep Depression
2019218N21088,2019,UNNAMED,2019-08-07 21:00:00,22.6,84.9,,,BB,Super Cyclonic Storm
2019218N21088,2019,UNNAMED,2019-08-08 00:00:00,22.8,84.0,25.0,999.0,BB,Depression
2019218N21088,2019,UNNAMED,2019-08-08 03:00:00,23.0,82.9,25.0,999.0,BB,Depression
2019218N21088,2019,UNNAMED,2019-08-08 06:00:00,23.4,81.9,25.0,999.0,BB,Depression
2019218N21088,2019,UNNAMED,2019-08-08 09:00:00,23.6,80.9,,,BB,Super Cyclonic Storm
2019218N21088,2019,UNNAMED,2019-08-08 12:00:00,23.6,80.2,25.0,999.0,BB,Depression
2019218N21088,2019,UNNAMED,2019-08-08 15:00:00,23.6,80.0,,,BB,Super Cyclonic Storm
2019218N21088,2019,UNNAMED,2019-08-08 18:00:00,23.6,79.8,25.0,1000.0,BB,Depression
2019218N21088,2019,UNNAMED,2019-08-08 21:00:00,23.6,79.4,,,BB,Super Cyclonic Storm
2019218N21088,2019,UNNAMED,2019-08-09 00:00:00,23.6,78.6,25.0,1000.0,BB,Depression
2019218N21088,2019,UNNAMED,2019-08-09 03:00:00,23.8,77.3,25.0,1000.0,AS,Depression
2019218N21088,2019,UNNAMED,2019-08-09 06:00:00,24.0,76.1,25.0,1000.0,AS,Depression
2019264N19071,2019,HIKAA:HIKKA,2019-09-20 18:00:00,19.3,71.3,,,AS,Super Cyclonic Storm
2019264N19071,2019,HIKAA:HIKKA,2019-09-20 21:00:00,19.2,71.1,,,AS,Super Cyclonic Storm
2019264N19071,2019,HIKAA:HIKKA,2019-09-21 00:00:00,19.1,70.9,,,AS,Super Cyclonic Storm
2019264N19071,2019,HIKAA:HIKKA,2019-09-21 03:00:00,19.1,70.7,,,AS,Super Cyclonic Storm
2019264N19071,2019,HIKAA:HIKKA,2019-09-21 06:00:00,19.1,70.6,,,AS,Super Cyclonic Storm
2019264N19071,2019,HIKAA:HIKKA,2019-09-21 09:00:00,19.1,70.5,,,AS,Super Cyclonic Storm
2019264N19071,2019,HIKAA:HIKKA,2019-09-21 12:00:00,19.2,70.3,,,AS,Super Cyclonic Storm
2019264N19071,2019,HIKAA:HIKKA,2019-09-21 15:00:00,19.2,70.1,,,AS,Super Cyclonic Storm
2019264N19071,2019,HIKAA:HIKKA,2019-09-21 18:00:00,19.3,69.9,,,AS,Super Cyclonic Storm
2019264N19071,2019,HIKAA:HIKKA,2019-09-21 21:00:00,19.4,69.7,,,AS,Super Cyclonic Storm
2019264N19071,2019,HIKAA:HIKKA,2019-09-22 00:00:00,19.6,69.5,,,AS,Super Cyclonic Storm
2019264N19071,2019,HIKAA:HIKKA,2019-09-22 03:00:00,19.8,69.2,25.0,1002.0,AS,Depression
2019264N19071,2019,HIKAA:HIKKA,2019-09-22 06:00:00,20.0,68.9,25.0,1000.0,AS,Depression
2019264N19071,2019,HIKAA:HIKKA,2019-09-22 09:00:00,20.2,68.5,,,AS,Super Cyclonic Storm
2019264N19071,2019,HIKAA:HIKKA,2019-09-22 12:00:00,20.4,68.1,30.0,999.0,AS,Deep Depression
2019264N19071,2019,HIKAA:HIKKA,2019-09-22 15:00:00,20.5,67.6,,,AS,Super Cyclonic Storm
2019264N19071,2019,HIKAA:HIKKA,2019-09-22 18:00:00,20.4,67.1,30.0,998.0,AS,Deep Depression
2019264N19071,2019,HIKAA:HIKKA,2019-09-22 21:00:00,20.4,66.6,,,AS,Super Cyclonic Storm
2019264N19071,2019,HIKAA:HIKKA,2019-09-23 00:00:00,20.4,66.1,35.0,997.0,AS,Cyclonic Storm
2019264N19071,2019,HIKAA:HIKKA,2019-09-23 03:00:00,20.3,65.5,40.0,996.0,AS,Cyclonic Storm
2019264N19071,2019,HIKAA:HIKKA,2019-09-23 06:00:00,20.3,64.9,45.0,994.0,AS,Cyclonic Storm
2019264N19071,2019,HIKAA:HIKKA,2019-09-23 09:00:00,20.2,64.1,55.0,988.0,AS,Severe Cyclonic Storm
2019264N19071,2019,HIKAA:HIKKA,2019-09-23 12:00:00,20.2,63.6,55.0,988.0,AS,Severe Cyclonic Storm
2019264N19071,2019,HIKAA:HIKKA,2019-09-23 15:00:00,20.2,62.9,55.0,988.0,AS,Severe Cyclonic Storm
2019264N19071,2019,HIKAA:HIKKA,2019-09-23 18:00:00,20.2,62.3,60.0,986.0,AS,Severe Cyclonic Storm
2019264N19071,2019,HIKAA:HIKKA,2019-09-23 21:00:00,20.2,61.6,60.0,986.0,AS,Severe Cyclonic Storm
2019264N19071,2019,HIKAA:HIKKA,2019-09-24 00:00:00,20.1,61.0,70.0,980.0,AS,Very Severe Cyclonic Storm
2019264N19071,2019,HIKAA:HIKKA,2019-09-24 03:00:00,20.1,60.3,75.0,978.0,AS,Very Severe Cyclonic Storm
2019264N19071,2019,HIKAA:HIKKA,2019-09-24 06:00:00,20.0,59.6,75.0,978.0,AS,Very Severe Cyclonic Storm
2019264N19071,2019,HIKAA:HIKKA,2019-09-24 09:00:00,19.9,58.9,75.0,978.0,AS,Very Severe Cyclonic Storm
2019264N19071,2019,HIKAA:HIKKA,2019-09-24 12:00:00,19.8,58.3,75.0,978.0,AS,Very Severe Cyclonic Storm
2019264N19071,2019,HIKAA:HIKKA,2019-09-24 15:00:00,19.7,57.6,60.0,986.0,AS,Severe Cyclonic Storm
2019264N19071,2019,HIKAA:HIKKA,2019-09-24 18:00:00,19.7,57.1,55.0,989.0,AS,Severe Cyclonic Storm
2019264N19071,2019,HIKAA:HIKKA,2019-09-24 21:00:00,19.6,56.5,45.0,994.0,AS,Cyclonic Storm
2019264N19071,2019,HIKAA:HIKKA,2019-09-25 00:00:00,19.6,56.0,35.0,997.0,AS,Cyclonic Storm
2019264N19071,2019,HIKAA:HIKKA,2019-09-25 03:00:00,19.4,55.5,30.0,999.0,AS,Deep Depression
2019264N19071,2019,HIKAA:HIKKA,2019-09-25 06:00:00,19.2,55.0,25.0,1002.0,AS,Depression
2019264N19071,2019,HIKAA:HIKKA,2019-09-25 09:00:00,19.2,54.5,,,AS,Super Cyclonic Storm
2019264N19071,2019,HIKAA:HIKKA,2019-09-25 12:00:00,19.2,54.0,,,AS,Super Cyclonic Storm
2019264N19071,2019,HIKAA:HIKKA,2019-09-25 15:00:00,19.1,53.4,,,AS,Super Cyclonic Storm
2019264N19071,2019,HIKAA:HIKKA,2019-09-25 18:00:00,19.0,52.8,,,AS,Super Cyclonic Storm
2019264N19071,2019,HIKAA:HIKKA,2019-09-25 21:00:00,18.9,52.3,,,AS,Super Cyclonic Storm
2019264N19071,2019,HIKAA:HIKKA,2019-09-26 00:00:00,18.9,51.7,,,AS,Super Cyclonic Storm
2019264N19071,2019,HIKAA:HIKKA,2019-09-26 03:00:00,18.9,51.1,,,AS,Super Cyclonic Storm
2019264N19071,2019,HIKAA:HIKKA,2019-09-26 06:00:00,18.8,50.5,,,AS,Super Cyclonic Storm
2019273N23070,2019,UNNAMED,2019-09-29 12:00:00,23.1,70.2,25.0,1002.0,AS,Depression
2019273N23070,2019,UNNAMED,2019-09-29 15:00:00,23.1,70.2,,,AS,Super Cyclonic Storm
2019273N23070,2019,UNNAMED,2019-09-29 18:00:00,23.1,70.2,25.0,1002.0,AS,Depression
2019273N23070,2019,UNNAMED,2019-09-29 21:00:00,23.1,70.3,,,AS,Super Cyclonic Storm
2019273N23070,2019,UNNAMED,2019-09-30 00:00:00,23.2,70.5,25.0,1002.0,AS,Depression
2019273N23070,2019,UNNAMED,2019-09-30 03:00:00,23.4,70.7,25.0,1002.0,AS,Depression
2019273N23070,2019,UNNAMED,2019-09-30 06:00:00,23.5,71.3,25.0,1002.0,AS,Depression
2019273N23070,2019,UNNAMED,2019-09-30 09:00:00,23.5,71.6,,,AS,Super Cyclonic Storm
2019273N23070,2019,UNNAMED,2019-09-30 12:00:00,23.5,71.9,25.0,1002.0,AS,Depression
2019273N23070,2019,UNNAMED,2019-09-30 15:00:00,23.6,72.2,,,AS,Super Cyclonic Storm
2019273N23070,2019,UNNAMED,2019-09-30 18:00:00,23.7,72.7,25.0,1002.0,AS,Depression
2019273N23070,2019,UNNAMED,2019-09-30 21:00:00,23.8,73.3,,,AS,Super Cyclonic Storm
2019273N23070,2019,UNNAMED,2019-10-01 00:00:00,24.0,74.1,25.0,1002.0,AS,Depression
2019296N15066,2019,KYAAR:KYARR,2019-10-22 18:00:00,14.7,66.4,,,AS,Super Cyclonic Storm
2019296N15066,2019,KYAAR:KYARR,2019-10-22 21:00:00,14.9,66.8,,,AS,Super Cyclonic Storm
2019296N15066,2019,KYAAR:KYARR,2019-10-23 00:00:00,15.1,67.2,,,AS,Super Cyclonic Storm
2019296N15066,2019,KYAAR:KYARR,2019-10-23 03:00:00,15.2,67.6,,,AS,Super Cyclonic Storm
2019296N15066,2019,KYAAR:KYARR,2019-10-23 06:00:00,15.3,68.1,,,AS,Super Cyclonic Storm
2019296N15066,2019,KYAAR:KYARR,2019-10-23 09:00:00,15.4,68.5,,,AS,Super Cyclonic Storm
2019296N15066,2019,KYAAR:KYARR,2019-10-23 12:00:00,15.5,69.0,,,AS,Super Cyclonic Storm
2019296N15066,2019,KYAAR:KYARR,2019-10-23 15:00:00,15.6,69.6,,,AS,Super Cyclonic Storm
2019296N15066,2019,KYAAR:KYARR,2019-10-23 18:00:00,15.6,70.1,,,AS,Super Cyclonic Storm
2019296N15066,2019,KYAAR:KYARR,2019-10-23 21:00:00,15.6,70.4,,,AS,Super Cyclonic Storm
2019296N15066,2019,KYAAR:KYARR,2019-10-24 00:00:00,15.5,70.5,,,AS,Super Cyclonic Storm
2019296N15066,2019,KYAAR:KYARR,2019-10-24 03:00:00,15.3,70.6,25.0,1000.0,AS,Depression
2019296N15066,2019,KYAAR:KYARR,2019-10-24 06:00:00,15.2,70.7,25.0,1000.0,AS,Depression
2019296N15066,2019,KYAAR:KYARR,2019-10-24 09:00:00,15.3,70.8,,,AS,Super Cyclonic Storm
2019296N15066,2019,KYAAR:KYARR,2019-10-24 12:00:00,15.5,71.0,30.0,998.0,AS,Deep Depression
2019296N15066,2019,KYAAR:KYARR,2019-10-24 15:00:00,15.5,71.1,,,AS,Super Cyclonic Storm
2019296N15066,2019,KYAAR:KYARR,2019-10-24 18:00:00,15.6,71.3,30.0,997.0,AS,Deep Depression
2019296N15066,2019,KYAAR:KYARR,2019-10-24 21:00:00,15.6,71.4,,,AS,Super Cyclonic Storm
2019296N15066,2019,KYAAR:KYARR,2019-10-25 00:00:00,15.8,71.6,40.0,996.0,AS,Cyclonic Storm
2019296N15066,2019,KYAAR:KYARR,2019-10-25 03:00:00,15.9,71.7,40.0,996.0,AS,Cyclonic Storm
2019296N15066,2019,KYAAR:KYARR,2019-10-25 06:00:00,16.0,71.8,45.0,994.0,AS,Cyclonic Storm
2019296N15066,2019,KYAAR:KYARR,2019-10-25 09:00:00,16.1,71.8,45.0,994.0,AS,Cyclonic Storm
2019296N15066,2019,KYAAR:KYARR,2019-10-25 12:00:00,16.3,71.8,50.0,992.0,AS,Severe Cyclonic Storm
2019296N15066,2019,KYAAR:KYARR,2019-10-25 15:00:00,16.3,71.7,55.0,991.0,AS,Severe Cyclonic Storm
2019296N15066,2019,KYAAR:KYARR,2019-10-25 18:00:00,16.5,71.5,55.0,990.0,AS,Severe Cyclonic Storm
2019296N15066,2019,KYAAR:KYARR,2019-10-25 21:00:00,16.5,71.1,60.0,988.0,AS,Severe Cyclonic Storm
2019296N15066,2019,KYAAR:KYARR,2019-10-26 00:00:00,16.6,70.8,65.0,984.0,AS,Very Severe Cyclonic Storm
2019296N15066,2019,KYAAR:KYARR,2019-10-26 03:00:00,16.6,70.4,65.0,984.0,AS,Very Severe Cyclonic Storm
2019296N15066,2019,KYAAR:KYARR,2019-10-26 06:00:00,16.6,70.0,75.0,978.0,AS,Very Severe Cyclonic Storm
2019296N15066,2019,KYAAR:KYARR,2019-10-26 09:00:00,16.6,69.7,80.0,974.0,AS,Very Severe Cyclonic Storm
2019296N15066,2019,KYAAR:KYARR,2019-10-26 12:00:00,16.7,69.4,85.0,970.0,AS,Very Severe Cyclonic Storm
2019296N15066,2019,KYAAR:KYARR,2019-10-26 15:00:00,16.7,69.1,90.0,966.0,AS,Extremely Severe Cyclonic Storm
2019296N15066,2019,KYAAR:KYARR,2019-10-26 18:00:00,16.8,68.9,105.0,950.0,AS,Extremely Severe Cyclonic Storm
2019296N15066,2019,KYAAR:KYARR,2019-10-26 21:00:00,16.9,68.5,110.0,946.0,AS,Extremely Severe Cyclonic Storm
2019296N15066,2019,KYAAR:KYARR,2019-10-27 00:00:00,17.0,68.2,120.0,934.0,AS,Super Cyclonic Storm
2019296N15066,2019,KYAAR:KYARR,2019-10-27 03:00:00,17.1,67.8,125.0,928.0,AS,Super Cyclonic Storm
2019296N15066,2019,KYAAR:KYARR,2019-10-27 06:00:00,17.3,67.4,125.0,928.0,AS,Super Cyclonic Storm
2019296N15066,2019,KYAAR:KYARR,2019-10-27 09:00:00,17.4,67.1,130.0,922.0,AS,Super Cyclonic Storm
2019296N15066,2019,KYAAR:KYARR,2019-10-27 12:00:00,17.5,66.8,130.0,922.0,AS,Super Cyclonic Storm
2019296N15066,2019,KYAAR:KYARR,2019-10-27 15:00:00,17.6,66.5,130.0,922.0,AS,Super Cyclonic Storm
2019296N15066,2019,KYAAR:KYARR,2019-10-27 18:00:00,17.8,66.3,130.0,922.0,AS,Super Cyclonic Storm
2019296N15066,2019,KYAAR:KYARR,2019-10-27 21:00:00,18.0,65.8,125.0,926.0,AS,Super Cyclonic Storm
2019296N15066,2019,KYAAR:KYARR,2019-10-28 00:00:00,18.2,65.5,125.0,928.0,AS,Super Cyclonic Storm
2019296N15066,2019,KYAAR:KYARR,2019-10-28 03:00:00,18.2,65.1,125.0,928.0,AS,Super Cyclonic Storm
2019296N15066,2019,KYAAR:KYARR,2019-10-28 06:00:00,18.3,64.8,125.0,928.0,AS,Super Cyclonic Storm
2019296N15066,2019,KYAAR:KYARR,2019-10-28 09:00:00,18.4,64.5,125.0,928.0,AS,Super Cyclonic Storm
2019296N15066,2019,KYAAR:KYARR,2019-10-28 12:00:00,18.5,64.4,125.0,928.0,AS,Super Cyclonic Storm
2019296N15066,2019,KYAAR:KYARR,2019-10-28 15:00:00,18.7,64.1,125.0,928.0,AS,Super Cyclonic Storm
2019296N15066,2019,KYAAR:KYARR,2019-10-28 18:00:00,18.8,64.0,125.0,930.0,AS,Super Cyclonic Storm
2019296N15066,2019,KYAAR:KYARR,2019-10-28 21:00:00,18.9,63.8,125.0,930.0,AS,Super Cyclonic Storm
2019296N15066,2019,KYAAR:KYARR,2019-10-29 00:00:00,19.1,63.6,120.0,934.0,AS,Super Cyclonic Storm
2019296N15066,2019,KYAAR:KYARR,2019-10-29 03:00:00,19.2,63.4,115.0,940.0,AS,Extremely Severe Cyclonic Storm
2019296N15066,2019,KYAAR:KYARR,2019-10-29 06:00:00,19.4,63.3,110.0,946.0,AS,Extremely Severe Cyclonic Storm
2019296N15066,2019,KYAAR:KYARR,2019-10-29 09:00:00,19.5,63.1,105.0,950.0,AS,Extremely Severe Cyclonic Storm
2019296N15066,2019,KYAAR:KYARR,2019-10-29 12:00:00,19.6,63.1,100.0,956.0,AS,Extremely Severe Cyclonic Storm
2019296N15066,2019,KYAAR:KYARR,2019-10-29 15:00:00,19.6,62.9,100.0,956.0,AS,Extremely Severe Cyclonic Storm
2019296N15066,2019,KYAAR:KYARR,2019-10-29 18:00:00,19.6,62.8,95.0,960.0,AS,Extremely Severe Cyclonic Storm
2019296N15066,2019,KYAAR:KYARR,2019-10-29 21:00:00,19.6,62.5,90.0,966.0,AS,Extremely Severe Cyclonic Storm
2019296N15066,2019,KYAAR:KYARR,2019-10-30 00:00:00,19.6,62.3,85.0,970.0,AS,Very Severe Cyclonic Storm
2019296N15066,2019,KYAAR:KYARR,2019-10-30 03:00:00,19.5,62.1,80.0,974.0,AS,Very Severe Cyclonic Storm
2019296N15066,2019,KYAAR:KYARR,2019-10-30 06:00:00,19.3,61.8,75.0,978.0,AS,Very Severe Cyclonic Storm
2019296N15066,2019,KYAAR:KYARR,2019-10-30 09:00:00,19.2,61.6,70.0,982.0,AS,Very Severe Cyclonic Storm
2019296N15066,2019,KYAAR:KYARR,2019-10-30 12:00:00,18.9,61.4,65.0,984.0,AS,Very Severe Cyclonic Storm
2019296N15066,2019,KYAAR:KYARR,2019-10-30 15:00:00,18.9,61.1,60.0,988.0,AS,Severe Cyclonic Storm
2019296N15066,2019,KYAAR:KYARR,2019-10-30 18:00:00,18.7,60.8,55.0,990.0,AS,Severe Cyclonic Storm
2019296N15066,2019,KYAAR:KYARR,2019-10-30 21:00:00,18.5,60.5,55.0,991.0,AS,Severe Cyclonic Storm
2019296N15066,2019,KYAAR:KYARR,2019-10-31 00:00:00,18.3,60.4,50.0,994.0,AS,Severe Cyclonic Storm
2019296N15066,2019,KYAAR:KYARR,2019-10-31 03:00:00,18.0,60.1,45.0,996.0,AS,Cyclonic Storm
2019296N15066,2019,KYAAR:KYARR,2019-10-31 06:00:00,17.7,60.0,40.0,998.0,AS,Cyclonic Storm
2019296N15066,2019,KYAAR:KYARR,2019-10-31 09:00:00,17.5,59.9,40.0,998.0,AS,Cyclonic Storm
2019296N15066,2019,KYAAR:KYARR,2019-10-31 12:00:00,17.4,59.9,35.0,999.0,AS,Cyclonic Storm
2019296N15066,2019,KYAAR:KYARR,2019-10-31 15:00:00,17.2,59.7,30.0,1001.0,AS,Deep Depression
2019296N15066,2019,KYAAR:KYARR,2019-10-31 18:00:00,16.9,59.6,30.0,1001.0,AS,Deep Depression
2019296N15066,2019,KYAAR:KYARR,2019-10-31 21:00:00,16.7,59.5,30.0,1001.0,AS,Deep Depression
2019296N15066,2019,KYAAR:KYARR,2019-11-01 00:00:00,16.5,59.3,25.0,1002.0,AS,Depression
2019296N15066,2019,KYAAR:KYARR,2019-11-01 03:00:00,16.2,59.0,25.0,1002.0,AS,Depression
2019296N15066,2019,KYAAR:KYARR,2019-11-01 06:00:00,16.0,58.6,25.0,1002.0,AS,Depression
2019296N15066,2019,KYAAR:KYARR,2019-11-01 09:00:00,15.7,58.2,25.0,1002.0,AS,Depression
2019296N15066,2019,KYAAR:KYARR,2019-11-01 12:00:00,15.4,57.6,25.0,1002.0,AS,Depression
2019296N15066,2019,KYAAR:KYARR,2019-11-01 15:00:00,14.9,57.4,25.0,1002.0,AS,Depression
2019296N15066,2019,KYAAR:KYARR,2019-11-01 18:00:00,14.4,57.1,25.0,1002.0,AS,Depression
2019296N15066,2019,KYAAR:KYARR,2019-11-01 21:00:00,14.0,56.6,25.0,1002.0,AS,Depression
2019296N15066,2019,KYAAR:KYARR,2019-11-02 00:00:00,13.8,56.1,25.0,1002.0,AS,Depression
2019296N15066,2019,KYAAR:KYARR,2019-11-02 03:00:00,13.6,55.2,25.0,1003.0,AS,Depression
2019296N15066,2019,KYAAR:KYARR,2019-11-02 06:00:00,13.3,54.3,25.0,1003.0,AS,Depression
2019296N15066,2019,KYAAR:KYARR,2019-11-02 09:00:00,12.9,53.8,25.0,1003.0,AS,Depression
2019296N15066,2019,KYAAR:KYARR,2019-11-02 12:00:00,12.6,53.0,20.0,1003.0,AS,Depression
2019296N15066,2019,KYAAR:KYARR,2019-11-02 15:00:00,12.1,52.3,20.0,1003.0,AS,Depression
2019296N15066,2019,KYAAR:KYARR,2019-11-02 18:00:00,11.1,51.9,,,AS,Super Cyclonic Storm
2019296N15066,2019,KYAAR:KYARR,2019-11-02 21:00:00,10.3,51.9,,,AS,Super Cyclonic Storm
2019296N15066,2019,KYAAR:KYARR,2019-11-03 00:00:00,9.8,52.1,,,AS,Super Cyclonic Storm
2019296N15066,2019,KYAAR:KYARR,2019-11-03 03:00:00,9.5,52.2,,,AS,Super Cyclonic Storm
2019296N15066,2019,KYAAR:KYARR,2019-11-03 06:00:00,9.2,52.2,,,AS,Super Cyclonic Storm
2019301N05081,2019,MAHA,2019-10-28 06:00:00,4.9,81.2,,,BB,Super Cyclonic Storm
2019301N05081,2019,MAHA,2019-10-28 09:00:00,4.9,80.6,,,BB,Super Cyclonic Storm
2019301N05081,2019,MAHA,2019-10-28 12:00:00,4.8,80.0,,,BB,Super Cyclonic Storm
2019301N05081,2019,MAHA,2019-10-28 15:00:00,4.7,79.4,,,BB,Super Cyclonic Storm
2019301N05081,2019,MAHA,2019-10-28 18:00:00,4.6,78.8,,,BB,Super Cyclonic Storm
2019301N05081,2019,MAHA,2019-10-28 21:00:00,4.5,78.1,,,BB,Super Cyclonic Storm
2019301N05081,2019,MAHA,2019-10-29 00:00:00,4.5,77.5,,,AS,Super Cyclonic Storm
2019301N05081,2019,MAHA,2019-10-29 03:00:00,4.7,77.1,,,AS,Super Cyclonic Storm
2019301N05081,2019,MAHA,2019-10-29 06:00:00,5.1,76.8,,,AS,Super Cyclonic Storm
2019301N05081,2019,MAHA,2019-10-29 09:00:00,5.5,76.8,,,AS,Super Cyclonic Storm
2019301N05081,2019,MAHA,2019-10-29 12:00:00,5.9,76.8,,,AS,Super Cyclonic Storm
2019301N05081,2019,MAHA,2019-10-29 15:00:00,6.3,76.7,,,AS,Super Cyclonic Storm
2019301N05081,2019,MAHA,2019-10-29 18:00:00,6.7,76.4,,,AS,Super Cyclonic Storm
2019301N05081,2019,MAHA,2019-10-29 21:00:00,7.1,76.0,,,AS,Super Cyclonic Storm
2019301N05081,2019,MAHA,2019-10-30 00:00:00,7.4,75.7,25.0,1003.0,AS,Depression
2019301N05081,2019,MAHA,2019-10-30 03:00:00,8.0,75.1,25.0,1003.0,AS,Depression
2019301N05081,2019,MAHA,2019-10-30 06:00:00,8.3,74.9,25.0,1002.0,AS,Depression
2019301N05081,2019,MAHA,2019-10-30 09:00:00,8.7,74.5,30.0,1001.0,AS,Deep Depression
2019301N05081,2019,MAHA,2019-10-30 12:00:00,9.3,74.1,35.0,1000.0,AS,Cyclonic Storm
2019301N05081,2019,MAHA,2019-10-30 15:00:00,9.8,73.8,40.0,998.0,AS,Cyclonic Storm
2019301N05081,2019,MAHA,2019-10-30 18:00:00,10.3,73.4,40.0,998.0,AS,Cyclonic Storm
2019301N05081,2019,MAHA,2019-10-30 21:00:00,10.7,73.3,40.0,998.0,AS,Cyclonic Storm
2019301N05081,2019,MAHA,2019-10-31 00:00:00,11.1,73.3,45.0,996.0,AS,Cyclonic Storm
2019301N05081,2019,MAHA,2019-10-31 03:00:00,11.6,73.1,45.0,996.0,AS,Cyclonic Storm
2019301N05081,2019,MAHA,2019-10-31 06:00:00,12.0,73.1,50.0,994.0,AS,Severe Cyclonic Storm
2019301N05081,2019,MAHA,2019-10-31 09:00:00,12.5,73.1,50.0,994.0,AS,Severe Cyclonic Storm
2019301N05081,2019,MAHA,2019-10-31 12:00:00,13.0,72.9,50.0,992.0,AS,Severe Cyclonic Storm
2019301N05081,2019,MAHA,2019-10-31 15:00:00,13.5,72.6,55.0,990.0,AS,Severe Cyclonic Storm
2019301N05081,2019,MAHA,2019-10-31 18:00:00,13.9,72.3,55.0,990.0,AS,Severe Cyclonic Storm
2019301N05081,2019,MAHA,2019-10-31 21:00:00,14.1,72.0,55.0,990.0,AS,Severe Cyclonic Storm
2019301N05081,2019,MAHA,2019-11-01 00:00:00,14.6,71.6,55.0,990.0,AS,Severe Cyclonic Storm
2019301N05081,2019,MAHA,2019-11-01 03:00:00,14.8,70.9,55.0,990.0,AS,Severe Cyclonic Storm
2019301N05081,2019,MAHA,2019-11-01 06:00:00,15.2,70.4,55.0,990.0,AS,Severe Cyclonic Storm
2019301N05081,2019,MAHA,2019-11-01 09:00:00,15.3,70.0,55.0,990.0,AS,Severe Cyclonic Storm
2019301N05081,2019,MAHA,2019-11-01 12:00:00,15.5,69.7,50.0,992.0,AS,Severe Cyclonic Storm
2019301N05081,2019,MAHA,2019-11-01 15:00:00,15.7,69.4,50.0,992.0,AS,Severe Cyclonic Storm
2019301N05081,2019,MAHA,2019-11-01 18:00:00,15.9,69.1,50.0,992.0,AS,Severe Cyclonic Storm
2019301N05081,2019,MAHA,2019-11-01 21:00:00,16.0,68.9,50.0,992.0,AS,Severe Cyclonic Storm
2019301N05081,2019,MAHA,2019-11-02 00:00:00,16.2,68.6,50.0,992.0,AS,Severe Cyclonic Storm
2019301N05081,2019,MAHA,2019-11-02 03:00:00,16.3,68.4,50.0,992.0,AS,Severe Cyclonic Storm
2019301N05081,2019,MAHA,2019-11-02 06:00:00,16.6,68.2,50.0,992.0,AS,Severe Cyclonic Storm
2019301N05081,2019,MAHA,2019-11-02 09:00:00,16.8,67.9,50.0,992.0,AS,Severe Cyclonic Storm
2019301N05081,2019,MAHA,2019-11-02 12:00:00,17.0,67.6,55.0,990.0,AS,Severe Cyclonic Storm
2019301N05081,2019,MAHA,2019-11-02 15:00:00,17.1,67.3,55.0,990.0,AS,Severe Cyclonic Storm
2019301N05081,2019,MAHA,2019-11-02 18:00:00,17.2,67.1,60.0,988.0,AS,Severe Cyclonic Storm
2019301N05081,2019,MAHA,2019-11-02 21:00:00,17.4,66.8,60.0,988.0,AS,Severe Cyclonic Storm
2019301N05081,2019,MAHA,2019-11-03 00:00:00,17.5,66.6,60.0,988.0,AS,Severe Cyclonic Storm
2019301N05081,2019,MAHA,2019-11-03 03:00:00,17.5,66.4,60.0,988.0,AS,Severe Cyclonic Storm
2019301N05081,2019,MAHA,2019-11-03 06:00:00,17.6,66.2,60.0,988.0,AS,Severe Cyclonic Storm
2019301N05081,2019,MAHA,2019-11-03 09:00:00,17.6,65.9,65.0,984.0,AS,Very Severe Cyclonic Storm
2019301N05081,2019,MAHA,2019-11-03 12:00:00,17.7,65.7,70.0,982.0,AS,Very Severe Cyclonic Storm
2019301N05081,2019,MAHA,2019-11-03 15:00:00,17.8,65.5,75.0,978.0,AS,Very Severe Cyclonic Storm
2019301N05081,2019,MAHA,2019-11-03 18:00:00,17.9,65.4,80.0,974.0,AS,Very Severe Cyclonic Storm
2019301N05081,2019,MAHA,2019-11-03 21:00:00,18.0,65.1,85.0,970.0,AS,Very Severe Cyclonic Storm
2019301N05081,2019,MAHA,2019-11-04 00:00:00,18.1,64.9,90.0,966.0,AS,Extremely Severe Cyclonic Storm
2019301N05081,2019,MAHA,2019-11-04 03:00:00,18.3,64.6,90.0,966.0,AS,Extremely Severe Cyclonic Storm
2019301N05081,2019,MAHA,2019-11-04 06:00:00,18.6,64.4,90.0,966.0,AS,Extremely Severe Cyclonic Storm
2019301N05081,2019,MAHA,2019-11-04 09:00:00,18.7,64.2,95.0,962.0,AS,Extremely Severe Cyclonic Storm
2019301N05081,2019,MAHA,2019-11-04 12:00:00,18.9,64.1,100.0,956.0,AS,Extremely Severe Cyclonic Storm
2019301N05081,2019,MAHA,2019-11-04 15:00:00,19.2,63.9,100.0,956.0,AS,Extremely Severe Cyclonic Storm
2019301N05081,2019,MAHA,2019-11-04 18:00:00,19.3,63.7,100.0,956.0,AS,Extremely Severe Cyclonic Storm
2019301N05081,2019,MAHA,2019-11-04 21:00:00,19.4,63.6,100.0,956.0,AS,Extremely Severe Cyclonic Storm
2019301N05081,2019,MAHA,2019-11-05 00:00:00,19.5,63.5,90.0,966.0,AS,Extremely Severe Cyclonic Storm
2019301N05081,2019,MAHA,2019-11-05 03:00:00,19.6,63.5,85.0,970.0,AS,Very Severe Cyclonic Storm
2019301N05081,2019,MAHA,2019-11-05 06:00:00,19.7,63.6,80.0,974.0,AS,Very Severe Cyclonic Storm
2019301N05081,2019,MAHA,2019-11-05 09:00:00,19.7,63.7,80.0,974.0,AS,Very Severe Cyclonic Storm
2019301N05081,2019,MAHA,2019-11-05 12:00:00,19.8,64.0,70.0,982.0,AS,Very Severe Cyclonic Storm
2019301N05081,2019,MAHA,2019-11-05 15:00:00,19.8,64.3,70.0,982.0,AS,Very Severe Cyclonic Storm
2019301N05081,2019,MAHA,2019-11-05 18:00:00,19.8,64.8,70.0,982.0,AS,Very Severe Cyclonic Storm
2019301N05081,2019,MAHA,2019-11-05 21:00:00,19.8,65.3,70.0,982.0,AS,Very Severe Cyclonic Storm
2019301N05081,2019,MAHA,2019-11-06 00:00:00,19.8,65.6,60.0,988.0,AS,Severe Cyclonic Storm
2019301N05081,2019,MAHA,2019-11-06 03:00:00,19.7,66.0,55.0,990.0,AS,Severe Cyclonic Storm
2019301N05081,2019,MAHA,2019-11-06 06:00:00,19.7,66.4,50.0,994.0,AS,Severe Cyclonic Storm
2019301N05081,2019,MAHA,2019-11-06 09:00:00,19.6,66.9,50.0,994.0,AS,Severe Cyclonic Storm
2019301N05081,2019,MAHA,2019-11-06 12:00:00,19.6,67.5,45.0,996.0,AS,Cyclonic Storm
2019301N05081,2019,MAHA,2019-11-06 15:00:00,19.6,68.1,40.0,998.0,AS,Cyclonic Storm
2019301N05081,2019,MAHA,2019-11-06 18:00:00,19.6,68.5,40.0,998.0,AS,Cyclonic Storm
2019301N05081,2019,MAHA,2019-11-06 21:00:00,19.6,69.0,35.0,1000.0,AS,Cyclonic Storm
2019301N05081,2019,MAHA,2019-11-07 00:00:00,19.7,69.6,30.0,1003.0,AS,Deep Depression
2019301N05081,2019,MAHA,2019-11-07 03:00:00,19.9,70.1,30.0,1003.0,AS,Deep Depression
2019301N05081,2019,MAHA,2019-11-07 06:00:00,20.1,70.4,25.0,1005.0,AS,Depression
2019301N05081,2019,MAHA,2019-11-07 09:00:00,20.2,70.8,20.0,1005.0,AS,Depression
2019301N05081,2019,MAHA,2019-11-07 12:00:00,20.2,71.3,,,AS,Super Cyclonic Storm
2019301N05081,2019,MAHA,2019-11-07 15:00:00,20.3,71.7,,,AS,Super Cyclonic Storm
2019301N05081,2019,MAHA,2019-11-07 18:00:00,20.4,72.0,,,AS,Super Cyclonic Storm
2019301N05081,2019,MAHA,2019-11-07 21:00:00,20.3,72.2,,,AS,Super Cyclonic Storm
2019301N05081,2019,MAHA,2019-11-08 00:00:00,20.2,72.3,,,AS,Super Cyclonic Storm
2019301N05081,2019,MAHA,2019-11-08 03:00:00,20.1,72.4,,,AS,Super Cyclonic Storm
2019301N05081,2019,MAHA,2019-11-08 06:00:00,20.1,72.5,,,AS,Super Cyclonic Storm
2019301N05081,2019,MAHA,2019-11-08 09:00:00,20.2,72.5,,,AS,Super Cyclonic Storm
2019301N05081,2019,MAHA,2019-11-08 12:00:00,20.3,72.5,,,AS,Super Cyclonic Storm
2019301N05081,2019,MAHA,2019-11-08 15:00:00,20.3,72.4,,,AS,Super Cyclonic Storm
2019301N05081,2019,MAHA,2019-11-08 18:00:00,20.3,72.3,,,AS,Super Cyclonic Storm
2019301N05081,2019,MAHA,2019-11-08 21:00:00,20.3,72.3,,,AS,Super Cyclonic Storm
2019301N05081,2019,MAHA,2019-11-09 00:00:00,20.2,72.3,,,AS,Super Cyclonic Storm
2019301N05081,2019,MAHA,2019-11-09 03:00:00,20.1,72.1,,,AS,Super Cyclonic Storm
2019301N05081,2019,MAHA,2019-11-09 06:00:00,19.9,71.9,,,AS,Super Cyclonic Storm
2019301N05081,2019,MAHA,2019-11-09 09:00:00,19.8,71.7,,,AS,Super Cyclonic Storm
2019301N05081,2019,MAHA,2019-11-09 12:00:00,19.8,71.4,,,AS,Super Cyclonic Storm
2019301N05081,2019,MAHA,2019-11-09 15:00:00,19.7,71.2,,,AS,Super Cyclonic Storm
2019301N05081,2019,MAHA,2019-11-09 18:00:00,19.5,70.9,,,AS,Super Cyclonic Storm
2019301N05081,2019,MAHA,2019-11-09 21:00:00,19.4,70.5,,,AS,Super Cyclonic Storm
2019301N05081,2019,MAHA,2019-11-10 00:00:00,19.3,70.1,,,AS,Super Cyclonic Storm
2019301N05081,2019,MAHA,2019-11-10 03:00:00,19.2,69.7,,,AS,Super Cyclonic Storm
2019301N05081,2019,MAHA,2019-11-10 06:00:00,19.2,69.3,,,AS,Super Cyclonic Storm
2019301N05081,2019,MAHA,2019-11-10 09:00:00,19.1,68.9,,,AS,Super Cyclonic Storm
2019301N05081,2019,MAHA,2019-11-10 12:00:00,19.0,68.5,,,AS,Super Cyclonic Storm
2019301N05081,2019,MAHA,2019-11-10 15:00:00,18.7,68.2,,,AS,Super Cyclonic Storm
2019301N05081,2019,MAHA,2019-11-10 18:00:00,18.4,67.9,,,AS,Super Cyclonic Storm
2019301N05081,2019,MAHA,2019-11-10 21:00:00,18.2,67.8,,,AS,Super Cyclonic Storm
2019301N05081,2019,MAHA,2019-11-11 00:00:00,18.1,67.7,,,AS,Super Cyclonic Storm
2019302N11118,2019,BULBUL:MATMO,2019-10-28 12:00:00,10.6,118.2,,,MM,Super Cyclonic Storm
2019302N11118,2019,BULBUL:MATMO,2019-10-28 15:00:00,10.6,117.9,,,MM,Super Cyclonic Storm
2019302N11118,2019,BULBUL:MATMO,2019-10-28 18:00:00,11.1,117.2,,1004.0,MM,Super Cyclonic Storm
2019302N11118,2019,BULBUL:MATMO,2019-10-28 21:00:00,11.4,116.7,,,MM,Super Cyclonic Storm
2019302N11118,2019,BULBUL:MATMO,2019-10-29 00:00:00,11.7,116.1,,1004.0,MM,Super Cyclonic Storm
2019302N11118,2019,BULBUL:MATMO,2019-10-29 03:00:00,12.0,115.5,,,MM,Super Cyclonic Storm
2019302N11118,2019,BULBUL:MATMO,2019-10-29 06:00:00,12.2,115.0,,1002.0,MM,Super Cyclonic Storm
2019302N11118,2019,BULBUL:MATMO,2019-10-29 09:00:00,12.5,114.5,,,MM,Super Cyclonic Storm
2019302N11118,2019,BULBUL:MATMO,2019-10-29 12:00:00,12.7,114.0,,1002.0,MM,Super Cyclonic Storm
2019302N11118,2019,BULBUL:MATMO,2019-10-29 15:00:00,12.8,113.4,,,MM,Super Cyclonic Storm
2019302N11118,2019,BULBUL:MATMO,2019-10-29 18:00:00,12.9,112.8,35.0,1000.0,MM,Cyclonic Storm
2019302N11118,2019,BULBUL:MATMO,2019-10-29 21:00:00,13.1,112.3,,,MM,Super Cyclonic Storm
2019302N11118,2019,BULBUL:MATMO,2019-10-30 00:00:00,13.1,111.7,45.0,994.0,MM,Cyclonic Storm
2019302N11118,2019,BULBUL:MATMO,2019-10-30 03:00:00,13.2,111.2,,,MM,Super Cyclonic Storm
2019302N11118,2019,BULBUL:MATMO,2019-10-30 06:00:00,13.2,110.8,50.0,992.0,MM,Severe Cyclonic Storm
2019302N11118,2019,BULBUL:MATMO,2019-10-30 09:00:00,13.2,110.5,,,MM,Super Cyclonic Storm
2019302N11118,2019,BULBUL:MATMO,2019-10-30 12:00:00,13.3,110.1,50.0,992.0,MM,Severe Cyclonic Storm
2019302N11118,2019,BULBUL:MATMO,2019-10-30 15:00:00,13.4,109.5,,,MM,Super Cyclonic Storm
2019302N11118,2019,BULBUL:MATMO,2019-10-30 18:00:00,13.5,108.8,50.0,994.0,MM,Severe Cyclonic Storm
2019302N11118,2019,BULBUL:MATMO,2019-10-30 21:00:00,13.5,108.0,,,MM,Super Cyclonic Storm
2019302N11118,2019,BULBUL:MATMO,2019-10-31 00:00:00,13.6,107.2,35.0,1000.0,MM,Cyclonic Storm
2019302N11118,2019,BULBUL:MATMO,2019-10-31 03:00:00,13.6,106.5,,,MM,Super Cyclonic Storm
2019302N11118,2019,BULBUL:MATMO,2019-10-31 06:00:00,13.7,105.9,,1002.0,MM,Super Cyclonic Storm
2019302N11118,2019,BULBUL:MATMO,2019-10-31 09:00:00,13.8,105.4,,,MM,Super Cyclonic Storm
2019302N11118,2019,BULBUL:MATMO,2019-10-31 12:00:00,13.9,104.9,,1006.0,MM,Super Cyclonic Storm
2019302N11118,2019,BULBUL:MATMO,2019-10-31 15:00:00,13.9,104.3,,,MM,Super Cyclonic Storm
2019302N11118,2019,BULBUL:MATMO,2019-10-31 18:00:00,14.0,103.6,,1008.0,MM,Super Cyclonic Storm
2019302N11118,2019,BULBUL:MATMO,2019-10-31 21:00:00,14.2,102.8,,,MM,Super Cyclonic Storm
2019302N11118,2019,BULBUL:MATMO,2019-11-01 00:00:00,14.3,102.2,,,MM,Super Cyclonic Storm
2019302N11118,2019,BULBUL:MATMO,2019-11-01 03:00:00,14.4,101.8,,,MM,Super Cyclonic Storm
2019302N11118,2019,BULBUL:MATMO,2019-11-01 06:00:00,14.5,101.4,,,MM,Super Cyclonic Storm
2019302N11118,2019,BULBUL:MATMO,2019-11-01 09:00:00,14.5,101.0,,,MM,Super Cyclonic Storm
2019302N11118,2019,BULBUL:MATMO,2019-11-01 12:00:00,14.4,100.7,,,MM,Super Cyclonic Storm
2019302N11118,2019,BULBUL:MATMO,2019-11-01 15:00:00,14.3,100.4,,,MM,Super Cyclonic Storm
2019302N11118,2019,BULBUL:MATMO,2019-11-01 18:00:00,14.2,100.0,,,MM,Super Cyclonic Storm
2019302N11118,2019,BULBUL:MATMO,2019-11-01 21:00:00,14.1,99.6,,,BB,Super Cyclonic Storm
2019302N11118,2019,BULBUL:MATMO,2019-11-02 00:00:00,14.0,99.3,,,BB,Super Cyclonic Storm
2019302N11118,2019,BULBUL:MATMO,2019-11-02 03:00:00,13.9,99.0,,,BB,Super Cyclonic Storm
2019302N11118,2019,BULBUL:MATMO,2019-11-02 06:00:00,13.8,98.8,,,BB,Super Cyclonic Storm
2019302N11118,2019,BULBUL:MATMO,2019-11-02 09:00:00,13.7,98.6,,,BB,Super Cyclonic Storm
2019302N11118,2019,BULBUL:MATMO,2019-11-02 12:00:00,13.6,98.3,,,BB,Super Cyclonic Storm
2019302N11118,2019,BULBUL:MATMO,2019-11-02 15:00:00,13.5,98.0,,,BB,Super Cyclonic Storm
2019302N11118,2019,BULBUL:MATMO,2019-11-02 18:00:00,13.4,97.6,,,BB,Super Cyclonic Storm
2019302N11118,2019,BULBUL:MATMO,2019-11-02 21:00:00,13.3,97.2,,,BB,Super Cyclonic Storm
2019302N11118,2019,BULBUL:MATMO,2019-11-03 00:00:00,13.3,96.7,,,BB,Super Cyclonic Storm
2019302N11118,2019,BULBUL:MATMO,2019-11-03 03:00:00,13.3,96.3,,,BB,Super Cyclonic Storm
2019302N11118,2019,BULBUL:MATMO,2019-11-03 06:00:00,13.3,96.0,,,BB,Super Cyclonic Storm
2019302N11118,2019,BULBUL:MATMO,2019-11-03 09:00:00,13.3,95.7,,,BB,Super Cyclonic Storm
2019302N11118,2019,BULBUL:MATMO,2019-11-03 12:00:00,13.3,95.4,,,BB,Super Cyclonic Storm
2019302N11118,2019,BULBUL:MATMO,2019-11-03 15:00:00,13.3,95.1,,,BB,Super Cyclonic Storm
2019302N11118,2019,BULBUL:MATMO,2019-11-03 18:00:00,13.2,94.8,,,BB,Super Cyclonic Storm
2019302N11118,2019,BULBUL:MATMO,2019-11-03 21:00:00,13.1,94.5,,,BB,Super Cyclonic Storm
2019302N11118,2019,BULBUL:MATMO,2019-11-04 00:00:00,13.0,94.1,,,BB,Super Cyclonic Storm
2019302N11118,2019,BULBUL:MATMO,2019-11-04 03:00:00,12.9,93.7,,,BB,Super Cyclonic Storm
2019302N11118,2019,BULBUL:MATMO,2019-11-04 06:00:00,12.8,93.2,,,BB,Super Cyclonic Storm
2019302N11118,2019,BULBUL:MATMO,2019-11-04 09:00:00,12.8,92.7,,,BB,Super Cyclonic Storm
2019302N11118,2019,BULBUL:MATMO,2019-11-04 12:00:00,12.8,92.3,,,BB,Super Cyclonic Storm
2019302N11118,2019,BULBUL:MATMO,2019-11-04 15:00:00,12.8,91.9,,,BB,Super Cyclonic Storm
2019302N11118,2019,BULBUL:MATMO,2019-11-04 18:00:00,12.8,91.6,,,BB,Super Cyclonic Storm
2019302N11118,2019,BULBUL:MATMO,2019-11-04 21:00:00,12.8,91.3,,,BB,Super Cyclonic Storm
2019302N11118,2019,BULBUL:MATMO,2019-11-05 00:00:00,12.9,91.1,20.0,1004.0,BB,Depression
2019302N11118,2019,BULBUL:MATMO,2019-11-05 03:00:00,12.9,90.9,25.0,1003.0,BB,Depression
2019302N11118,2019,BULBUL:MATMO,2019-11-05 06:00:00,12.9,90.6,25.0,1003.0,BB,Depression
2019302N11118,2019,BULBUL:MATMO,2019-11-05 09:00:00,13.0,90.4,,,BB,Super Cyclonic Storm
2019302N11118,2019,BULBUL:MATMO,2019-11-05 12:00:00,13.1,90.1,25.0,1003.0,BB,Depression
2019302N11118,2019,BULBUL:MATMO,2019-11-05 15:00:00,13.1,89.9,,,BB,Super Cyclonic Storm
2019302N11118,2019,BULBUL:MATMO,2019-11-05 18:00:00,13.1,89.8,25.0,1002.0,BB,Depression
2019302N11118,2019,BULBUL:MATMO,2019-11-05 21:00:00,13.2,89.8,,,BB,Super Cyclonic Storm
2019302N11118,2019,BULBUL:MATMO,2019-11-06 00:00:00,13.3,89.8,30.0,1001.0,BB,Deep Depression
2019302N11118,2019,BULBUL:MATMO,2019-11-06 03:00:00,13.3,89.8,30.0,1001.0,BB,Deep Depression
2019302N11118,2019,BULBUL:MATMO,2019-11-06 06:00:00,13.3,89.7,30.0,1001.0,BB,Deep Depression
2019302N11118,2019,BULBUL:MATMO,2019-11-06 09:00:00,13.3,89.7,,,BB,Super Cyclonic Storm
2019302N11118,2019,BULBUL:MATMO,2019-11-06 12:00:00,13.4,89.7,30.0,1000.0,BB,Deep Depression
2019302N11118,2019,BULBUL:MATMO,2019-11-06 15:00:00,13.6,89.6,,,BB,Super Cyclonic Storm
2019302N11118,2019,BULBUL:MATMO,2019-11-06 18:00:00,13.9,89.6,35.0,998.0,BB,Cyclonic Storm
2019302N11118,2019,BULBUL:MATMO,2019-11-06 21:00:00,14.1,89.4,,,BB,Super Cyclonic Storm
2019302N11118,2019,BULBUL:MATMO,2019-11-07 00:00:00,14.4,89.3,35.0,998.0,BB,Cyclonic Storm
2019302N11118,2019,BULBUL:MATMO,2019-11-07 03:00:00,14.8,89.1,35.0,998.0,BB,Cyclonic Storm
2019302N11118,2019,BULBUL:MATMO,2019-11-07 06:00:00,15.2,88.7,40.0,996.0,BB,Cyclonic Storm
2019302N11118,2019,BULBUL:MATMO,2019-11-07 09:00:00,15.4,88.4,45.0,995.0,BB,Cyclonic Storm
2019302N11118,2019,BULBUL:MATMO,2019-11-07 12:00:00,15.8,88.2,45.0,994.0,BB,Cyclonic Storm
2019302N11118,2019,BULBUL:MATMO,2019-11-07 15:00:00,16.0,88.0,50.0,992.0,BB,Severe Cyclonic Storm
2019302N11118,2019,BULBUL:MATMO,2019-11-07 18:00:00,16.3,87.8,55.0,989.0,BB,Severe Cyclonic Storm
2019302N11118,2019,BULBUL:MATMO,2019-11-07 21:00:00,16.6,87.7,60.0,986.0,BB,Severe Cyclonic Storm
2019302N11118,2019,BULBUL:MATMO,2019-11-08 00:00:00,17.0,87.7,65.0,983.0,BB,Very Severe Cyclonic Storm
2019302N11118,2019,BULBUL:MATMO,2019-11-08 03:00:00,17.3,87.7,65.0,982.0,BB,Very Severe Cyclonic Storm
2019302N11118,2019,BULBUL:MATMO,2019-11-08 06:00:00,17.7,87.8,70.0,980.0,BB,Very Severe Cyclonic Storm
2019302N11118,2019,BULBUL:MATMO,2019-11-08 09:00:00,18.2,87.8,70.0,980.0,BB,Very Severe Cyclonic Storm
2019302N11118,2019,BULBUL:MATMO,2019-11-08 12:00:00,18.6,87.8,75.0,976.0,BB,Very Severe Cyclonic Storm
2019302N11118,2019,BULBUL:MATMO,2019-11-08 15:00:00,19.1,87.8,75.0,976.0,BB,Very Severe Cyclonic Storm
2019302N11118,2019,BULBUL:MATMO,2019-11-08 18:00:00,19.3,87.7,75.0,976.0,BB,Very Severe Cyclonic Storm
2019302N11118,2019,BULBUL:MATMO,2019-11-08 21:00:00,19.6,87.7,75.0,976.0,BB,Very Severe Cyclonic Storm
2019302N11118,2019,BULBUL:MATMO,2019-11-09 00:00:00,20.0,87.6,75.0,976.0,BB,Very Severe Cyclonic Storm
2019302N11118,2019,BULBUL:MATMO,2019-11-09 03:00:00,20.4,87.6,70.0,980.0,BB,Very Severe Cyclonic Storm
2019302N11118,2019,BULBUL:MATMO,2019-11-09 06:00:00,20.6,87.8,70.0,982.0,BB,Very Severe Cyclonic Storm
2019302N11118,2019,BULBUL:MATMO,2019-11-09 09:00:00,20.9,87.9,70.0,982.0,BB,Very Severe Cyclonic Storm
2019302N11118,2019,BULBUL:MATMO,2019-11-09 12:00:00,21.2,88.1,70.0,982.0,BB,Very Severe Cyclonic Storm
2019302N11118,2019,BULBUL:MATMO,2019-11-09 15:00:00,21.4,88.3,60.0,986.0,BB,Severe Cyclonic Storm
2019302N11118,2019,BULBUL:MATMO,2019-11-09 18:00:00,21.6,88.6,60.0,990.0,BB,Severe Cyclonic Storm
2019302N11118,2019,BULBUL:MATMO,2019-11-09 21:00:00,21.8,89.1,50.0,996.0,BB,Severe Cyclonic Storm
2019302N11118,2019,BULBUL:MATMO,2019-11-10 00:00:00,22.0,89.5,45.0,998.0,BB,Cyclonic Storm
2019302N11118,2019,BULBUL:MATMO,2019-11-10 03:00:00,22.2,89.8,40.0,1000.0,BB,Cyclonic Storm
2019302N11118,2019,BULBUL:MATMO,2019-11-10 06:00:00,22.3,90.1,40.0,1000.0,BB,Cyclonic Storm
2019302N11118,2019,BULBUL:MATMO,2019-11-10 09:00:00,22.4,90.3,30.0,1002.0,BB,Deep Depression
2019302N11118,2019,BULBUL:MATMO,2019-11-10 12:00:00,22.6,90.6,30.0,1002.0,BB,Deep Depression
2019302N11118,2019,BULBUL:MATMO,2019-11-10 15:00:00,22.6,90.8,,,BB,Super Cyclonic Storm
2019302N11118,2019,BULBUL:MATMO,2019-11-10 18:00:00,22.8,91.1,30.0,1002.0,BB,Deep Depression
2019302N11118,2019,BULBUL:MATMO,2019-11-10 21:00:00,22.9,91.3,,,BB,Super Cyclonic Storm
2019302N11118,2019,BULBUL:MATMO,2019-11-11 00:00:00,23.1,91.5,20.0,1004.0,BB,Depression
2019335N05058,2019,PAWAN,2019-11-30 18:00:00,4.6,58.0,,,AS,Super Cyclonic Storm
2019335N05058,2019,PAWAN,2019-11-30 21:00:00,4.7,57.8,,,AS,Super Cyclonic Storm
2019335N05058,2019,PAWAN,2019-12-01 00:00:00,4.8,57.6,,,AS,Super Cyclonic Storm
2019335N05058,2019,PAWAN,2019-12-01 03:00:00,4.9,57.5,,,AS,Super Cyclonic Storm
2019335N05058,2019,PAWAN,2019-12-01 06:00:00,4.9,57.4,,,AS,Super Cyclonic Storm
2019335N05058,2019,PAWAN,2019-12-01 09:00:00,4.9,57.3,,,AS,Super Cyclonic Storm
2019335N05058,2019,PAWAN,2019-12-01 12:00:00,5.0,57.2,,,AS,Super Cyclonic Storm
2019335N05058,2019,PAWAN,2019-12-01 15:00:00,5.1,57.1,,,AS,Super Cyclonic Storm
2019335N05058,2019,PAWAN,2019-12-01 18:00:00,5.2,57.0,,,AS,Super Cyclonic Storm
2019335N05058,2019,PAWAN,2019-12-01 21:00:00,5.3,56.9,,,AS,Super Cyclonic Storm
2019335N05058,2019,PAWAN,2019-12-02 00:00:00,5.5,56.9,,,AS,Super Cyclonic Storm
2019335N05058,2019,PAWAN,2019-12-02 03:00:00,5.7,56.9,,,AS,Super Cyclonic Storm
2019335N05058,2019,PAWAN,2019-12-02 06:00:00,5.8,56.9,,,AS,Super Cyclonic Storm
2019335N05058,2019,PAWAN,2019-12-02 09:00:00,5.9,56.9,,,AS,Super Cyclonic Storm
2019335N05058,2019,PAWAN,2019-12-02 12:00:00,5.9,56.8,25.0,1003.0,AS,Depression
2019335N05058,2019,PAWAN,2019-12-02 15:00:00,6.0,56.8,,,AS,Super Cyclonic Storm
2019335N05058,2019,PAWAN,2019-12-02 18:00:00,6.2,56.8,25.0,1002.0,AS,Depression
2019335N05058,2019,PAWAN,2019-12-02 21:00:00,6.3,56.8,,,AS,Super Cyclonic Storm
2019335N05058,2019,PAWAN,2019-12-03 00:00:00,6.5,56.9,30.0,1001.0,AS,Deep Depression
2019335N05058,2019,PAWAN,2019-12-03 03:00:00,6.7,56.9,30.0,1000.0,AS,Deep Depression
2019335N05058,2019,PAWAN,2019-12-03 06:00:00,6.9,56.9,30.0,1000.0,AS,Deep Depression
2019335N05058,2019,PAWAN,2019-12-03 09:00:00,7.0,56.9,,,AS,Super Cyclonic Storm
2019335N05058,2019,PAWAN,2019-12-03 12:00:00,7.0,57.0,30.0,1000.0,AS,Deep Depression
2019335N05058,2019,PAWAN,2019-12-03 15:00:00,7.0,57.0,,,AS,Super Cyclonic Storm
2019335N05058,2019,PAWAN,2019-12-03 18:00:00,7.1,57.1,30.0,1000.0,AS,Deep Depression
2019335N05058,2019,PAWAN,2019-12-03 21:00:00,7.2,57.1,,,AS,Super Cyclonic Storm
2019335N05058,2019,PAWAN,2019-12-04 00:00:00,7.3,57.1,30.0,1000.0,AS,Deep Depression
2019335N05058,2019,PAWAN,2019-12-04 03:00:00,7.4,57.1,30.0,1000.0,AS,Deep Depression
2019335N05058,2019,PAWAN,2019-12-04 06:00:00,7.5,57.1,30.0,1000.0,AS,Deep Depression
2019335N05058,2019,PAWAN,2019-12-04 09:00:00,7.6,57.0,,,AS,Super Cyclonic Storm
2019335N05058,2019,PAWAN,2019-12-04 12:00:00,7.8,56.9,30.0,1000.0,AS,Deep Depression
2019335N05058,2019,PAWAN,2019-12-04 15:00:00,8.1,56.9,,,AS,Super Cyclonic Storm
2019335N05058,2019,PAWAN,2019-12-04 18:00:00,8.6,56.9,30.0,1000.0,AS,Deep Depression
2019335N05058,2019,PAWAN,2019-12-04 21:00:00,9.0,56.7,,,AS,Super Cyclonic Storm
2019335N05058,2019,PAWAN,2019-12-05 00:00:00,9.3,56.6,35.0,999.0,AS,Cyclonic Storm
2019335N05058,2019,PAWAN,2019-12-05 03:00:00,9.3,56.4,35.0,999.0,AS,Cyclonic Storm
2019335N05058,2019,PAWAN,2019-12-05 06:00:00,9.4,56.1,35.0,999.0,AS,Cyclonic Storm
2019335N05058,2019,PAWAN,2019-12-05 09:00:00,9.3,55.4,35.0,999.0,AS,Cyclonic Storm
2019335N05058,2019,PAWAN,2019-12-05 12:00:00,9.3,55.0,40.0,998.0,AS,Cyclonic Storm
2019335N05058,2019,PAWAN,2019-12-05 15:00:00,9.1,54.7,35.0,999.0,AS,Cyclonic Storm
2019335N05058,2019,PAWAN,2019-12-05 18:00:00,8.9,54.3,35.0,999.0,AS,Cyclonic Storm
2019335N05058,2019,PAWAN,2019-12-05 21:00:00,8.6,53.9,35.0,999.0,AS,Cyclonic Storm
2019335N05058,2019,PAWAN,2019-12-06 00:00:00,8.3,53.4,35.0,999.0,AS,Cyclonic Storm
2019335N05058,2019,PAWAN,2019-12-06 03:00:00,8.1,53.1,35.0,999.0,AS,Cyclonic Storm
2019335N05058,2019,PAWAN,2019-12-06 06:00:00,8.0,52.8,35.0,999.0,AS,Cyclonic Storm
2019335N05058,2019,PAWAN,2019-12-06 09:00:00,7.9,52.5,35.0,999.0,AS,Cyclonic Storm
2019335N05058,2019,PAWAN,2019-12-06 12:00:00,7.9,52.2,35.0,999.0,AS,Cyclonic Storm
2019335N05058,2019,PAWAN,2019-12-06 15:00:00,7.8,51.6,35.0,999.0,AS,Cyclonic Storm
2019335N05058,2019,PAWAN,2019-12-06 18:00:00,7.8,51.1,35.0,999.0,AS,Cyclonic Storm
2019335N05058,2019,PAWAN,2019-12-06 21:00:00,7.7,50.6,35.0,999.0,AS,Cyclonic Storm
2019335N05058,2019,PAWAN,2019-12-07 00:00:00,7.7,49.8,35.0,999.0,AS,Cyclonic Storm
2019335N05058,2019,PAWAN,2019-12-07 03:00:00,7.6,49.4,30.0,1000.0,AS,Deep Depression
2019335N05058,2019,PAWAN,2019-12-07 06:00:00,7.5,48.9,30.0,1001.0,AS,Deep Depression
2019335N05058,2019,PAWAN,2019-12-07 09:00:00,7.4,48.5,25.0,1003.0,AS,Depression
2019335N05058,2019,PAWAN,2019-12-07 12:00:00,7.2,48.2,,,AS,Super Cyclonic Storm
2019335N05058,2019,PAWAN,2019-12-07 15:00:00,7.1,47.8,,,AS,Super Cyclonic Storm
2019335N05058,2019,PAWAN,2019-12-07 18:00:00,7.1,47.4,,,AS,Super Cyclonic Storm
2019337N11072,2019,UNNAMED,2019-12-02 12:00:00,10.7,72.3,,,AS,Super Cyclonic Storm
2019337N11072,2019,UNNAMED,2019-12-02 15:00:00,11.2,72.0,,,AS,Super Cyclonic Storm
2019337N11072,2019,UNNAMED,2019-12-02 18:00:00,11.6,71.7,,,AS,Super Cyclonic Storm
2019337N11072,2019,UNNAMED,2019-12-02 21:00:00,12.0,71.3,,,AS,Super Cyclonic Storm
2019337N11072,2019,UNNAMED,2019-12-03 00:00:00,12.4,71.0,,,AS,Super Cyclonic Storm
2019337N11072,2019,UNNAMED,2019-12-03 03:00:00,12.6,70.8,,,AS,Super Cyclonic Storm
2019337N11072,2019,UNNAMED,2019-12-03 06:00:00,12.8,70.6,,,AS,Super Cyclonic Storm
2019337N11072,2019,UNNAMED,2019-12-03 09:00:00,13.1,70.4,,,AS,Super Cyclonic Storm
2019337N11072,2019,UNNAMED,2019-12-03 12:00:00,13.3,70.2,,,AS,Super Cyclonic Storm
2019337N11072,2019,UNNAMED,2019-12-03 15:00:00,13.4,69.8,,,AS,Super Cyclonic Storm
2019337N11072,2019,UNNAMED,2019-12-03 18:00:00,13.4,69.9,25.0,1002.0,AS,Depression
2019337N11072,2019,UNNAMED,2019-12-03 21:00:00,13.8,70.0,,,AS,Super Cyclonic Storm
2019337N11072,2019,UNNAMED,2019-12-04 00:00:00,14.2,69.9,30.0,1000.0,AS,Deep Depression
2019337N11072,2019,UNNAMED,2019-12-04 03:00:00,14.7,69.5,30.0,1000.0,AS,Deep Depression
2019337N11072,2019,UNNAMED,2019-12-04 06:00:00,14.8,69.1,30.0,1000.0,AS,Deep Depression
2019337N11072,2019,UNNAMED,2019-12-04 09:00:00,14.8,68.7,,,AS,Super Cyclonic Storm
2019337N11072,2019,UNNAMED,2019-12-04 12:00:00,14.9,68.4,30.0,1000.0,AS,Deep Depression
2019337N11072,2019,UNNAMED,2019-12-04 15:00:00,14.9,68.3,,,AS,Super Cyclonic Storm
2019337N11072,2019,UNNAMED,2019-12-04 18:00:00,15.0,68.3,30.0,1000.0,AS,Deep Depression
2019337N11072,2019,UNNAMED,2019-12-04 21:00:00,15.1,68.2,,,AS,Super Cyclonic Storm
2019337N11072,2019,UNNAMED,2019-12-05 00:00:00,15.2,68.0,25.0,1002.0,AS,Depression
2019337N11072,2019,UNNAMED,2019-12-05 03:00:00,15.4,67.6,25.0,1002.0,AS,Depression
2019337N11072,2019,UNNAMED,2019-12-05 06:00:00,15.6,67.2,20.0,1004.0,AS,Depression
2019337N11072,2019,UNNAMED,2019-12-05 09:00:00,15.9,66.7,,,AS,Super Cyclonic Storm
2019337N11072,2019,UNNAMED,2019-12-05 12:00:00,16.1,66.2,,,AS,Super Cyclonic Storm
2019337N11072,2019,UNNAMED,2019-12-05 15:00:00,16.1,65.7,,,AS,Super Cyclonic Storm
2019337N11072,2019,UNNAMED,2019-12-05 18:00:00,16.1,65.3,,,AS,Super Cyclonic Storm
2019337N11072,2019,UNNAMED,2019-12-05 21:00:00,16.1,65.0,,,AS,Super Cyclonic Storm
2019337N11072,2019,UNNAMED,2019-12-06 00:00:00,16.0,64.7,,,AS,Super Cyclonic Storm
2019337N11072,2019,UNNAMED,2019-12-06 03:00:00,15.9,64.3,,,AS,Super Cyclonic Storm
2019337N11072,2019,UNNAMED,2019-12-06 06:00:00,15.9,63.8,,,AS,Super Cyclonic Storm
2019342N09062,2019,UNNAMED,2019-12-08 09:00:00,9.4,62.2,25.0,1002.0,AS,Depression
2019342N09062,2019,UNNAMED,2019-12-08 12:00:00,9.6,61.6,25.0,1002.0,AS,Depression
2019342N09062,2019,UNNAMED,2019-12-08 15:00:00,9.8,61.2,,,AS,Super Cyclonic Storm
2019342N09062,2019,UNNAMED,2019-12-08 18:00:00,10.0,61.0,25.0,1002.0,AS,Depression
2019342N09062,2019,UNNAMED,2019-12-08 21:00:00,10.2,60.7,,,AS,Super Cyclonic Storm
2019342N09062,2019,UNNAMED,2019-12-09 00:00:00,10.4,60.4,30.0,1000.0,AS,Deep Depression
2019342N09062,2019,UNNAMED,2019-12-09 03:00:00,10.5,60.0,30.0,1000.0,AS,Deep Depression
2019342N09062,2019,UNNAMED,2019-12-09 06:00:00,10.6,59.4,30.0,1000.0,AS,Deep Depression
2019342N09062,2019,UNNAMED,2019-12-09 09:00:00,10.6,59.0,,,AS,Super Cyclonic Storm
2019342N09062,2019,UNNAMED,2019-12-09 12:00:00,10.6,58.5,25.0,1002.0,AS,Depression
2019342N09062,2019,UNNAMED,2019-12-09 15:00:00,10.6,57.8,,,AS,Super Cyclonic Storm
2019342N09062,2019,UNNAMED,2019-12-09 18:00:00,10.6,57.0,25.0,1002.0,AS,Depression
2019342N09062,2019,UNNAMED,2019-12-09 21:00:00,10.6,56.3,,,AS,Super Cyclonic Storm
2019342N09062,2019,UNNAMED,2019-12-10 00:00:00,10.6,55.7,25.0,1002.0,AS,Depression
2019342N09062,2019,UNNAMED,2019-12-10 03:00:00,10.6,55.2,25.0,1002.0,AS,Depression
2020136N10088,2020,AMPHAN,2020-05-15 06:00:00,9.5,87.5,,,BB,Super Cyclonic Storm
2020136N10088,2020,AMPHAN,2020-05-15 09:00:00,9.5,87.2,,,BB,Super Cyclonic Storm
2020136N10088,2020,AMPHAN,2020-05-15 12:00:00,9.5,87.0,,,BB,Super Cyclonic Storm
2020136N10088,2020,AMPHAN,2020-05-15 15:00:00,9.5,86.8,,,BB,Super Cyclonic Storm
2020136N10088,2020,AMPHAN,2020-05-15 18:00:00,9.5,86.6,,,BB,Super Cyclonic Storm
2020136N10088,2020,AMPHAN,2020-05-15 21:00:00,9.6,86.5,,,BB,Super Cyclonic Storm
2020136N10088,2020,AMPHAN,2020-05-16 00:00:00,9.8,86.4,25.0,1000.0,BB,Depression
2020136N10088,2020,AMPHAN,2020-05-16 03:00:00,10.1,86.2,25.0,1000.0,BB,Depression
2020136N10088,2020,AMPHAN,2020-05-16 06:00:00,10.3,86.1,25.0,1000.0,BB,Depression
2020136N10088,2020,AMPHAN,2020-05-16 09:00:00,10.5,86.1,30.0,998.0,BB,Deep Depression
2020136N10088,2020,AMPHAN,2020-05-16 12:00:00,10.6,86.2,35.0,996.0,BB,Cyclonic Storm
2020136N10088,2020,AMPHAN,2020-05-16 15:00:00,10.8,86.1,40.0,995.0,BB,Cyclonic Storm
2020136N10088,2020,AMPHAN,2020-05-16 18:00:00,10.9,86.1,40.0,995.0,BB,Cyclonic Storm
2020136N10088,2020,AMPHAN,2020-05-16 21:00:00,11.1,86.1,45.0,994.0,BB,Cyclonic Storm
2020136N10088,2020,AMPHAN,2020-05-17 00:00:00,11.2,86.1,45.0,993.0,BB,Cyclonic Storm
2020136N10088,2020,AMPHAN,2020-05-17 03:00:00,11.3,86.1,50.0,990.0,BB,Severe Cyclonic Storm
2020136N10088,2020,AMPHAN,2020-05-17 06:00:00,11.5,86.2,55.0,988.0,BB,Severe Cyclonic Storm
2020136N10088,2020,AMPHAN,2020-05-17 09:00:00,11.6,86.2,65.0,980.0,BB,Very Severe Cyclonic Storm
2020136N10088,2020,AMPHAN,2020-05-17 12:00:00,11.9,86.2,70.0,978.0,BB,Very Severe Cyclonic Storm
2020136N10088,2020,AMPHAN,2020-05-17 15:00:00,12.5,86.4,75.0,972.0,BB,Very Severe Cyclonic Storm
2020136N10088,2020,AMPHAN,2020-05-17 18:00:00,12.5,86.4,80.0,970.0,BB,Very Severe Cyclonic Storm
2020136N10088,2020,AMPHAN,2020-05-17 21:00:00,12.9,86.5,90.0,962.0,BB,Extremely Severe Cyclonic Storm
2020136N10088,2020,AMPHAN,2020-05-18 00:00:00,13.2,86.4,100.0,952.0,BB,Extremely Severe Cyclonic Storm
2020136N10088,2020,AMPHAN,2020-05-18 03:00:00,13.3,86.2,115.0,936.0,BB,Extremely Severe Cyclonic Storm
2020136N10088,2020,AMPHAN,2020-05-18 06:00:00,13.4,86.2,120.0,930.0,BB,Super Cyclonic Storm
2020136N10088,2020,AMPHAN,2020-05-18 09:00:00,13.7,86.2,120.0,930.0,BB,Super Cyclonic Storm
2020136N10088,2020,AMPHAN,2020-05-18 12:00:00,14.1,86.4,125.0,926.0,BB,Super Cyclonic Storm
2020136N10088,2020,AMPHAN,2020-05-18 15:00:00,14.5,86.5,125.0,926.0,BB,Super Cyclonic Storm
2020136N10088,2020,AMPHAN,2020-05-18 18:00:00,14.9,86.6,130.0,920.0,BB,Super Cyclonic Storm
2020136N10088,2020,AMPHAN,2020-05-18 21:00:00,15.2,86.7,130.0,920.0,BB,Super Cyclonic Storm
2020136N10088,2020,AMPHAN,2020-05-19 00:00:00,15.6,86.8,125.0,926.0,BB,Super Cyclonic Storm
2020136N10088,2020,AMPHAN,2020-05-19 03:00:00,16.0,86.9,120.0,930.0,BB,Super Cyclonic Storm
2020136N10088,2020,AMPHAN,2020-05-19 06:00:00,16.5,87.0,115.0,936.0,BB,Extremely Severe Cyclonic Storm
2020136N10088,2020,AMPHAN,2020-05-19 09:00:00,16.9,87.0,110.0,942.0,BB,Extremely Severe Cyclonic Storm
2020136N10088,2020,AMPHAN,2020-05-19 12:00:00,17.3,87.1,105.0,946.0,BB,Extremely Severe Cyclonic Storm
2020136N10088,2020,AMPHAN,2020-05-19 15:00:00,17.9,87.1,100.0,948.0,BB,Extremely Severe Cyclonic Storm
2020136N10088,2020,AMPHAN,2020-05-19 18:00:00,18.3,87.2,100.0,948.0,BB,Extremely Severe Cyclonic Storm
2020136N10088,2020,AMPHAN,2020-05-19 21:00:00,18.7,87.3,100.0,948.0,BB,Extremely Severe Cyclonic Storm
2020136N10088,2020,AMPHAN,2020-05-20 00:00:00,19.2,87.5,95.0,952.0,BB,Extremely Severe Cyclonic Storm
2020136N10088,2020,AMPHAN,2020-05-20 03:00:00,19.8,87.7,95.0,954.0,BB,Extremely Severe Cyclonic Storm
2020136N10088,2020,AMPHAN,2020-05-20 06:00:00,20.6,88.0,90.0,956.0,BB,Extremely Severe Cyclonic Storm
2020136N10088,2020,AMPHAN,2020-05-20 09:00:00,21.4,88.1,90.0,960.0,BB,Extremely Severe Cyclonic Storm
2020136N10088,2020,AMPHAN,2020-05-20 12:00:00,22.1,88.4,85.0,957.0,BB,Very Severe Cyclonic Storm
2020136N10088,2020,AMPHAN,2020-05-20 15:00:00,22.8,88.6,65.0,968.0,BB,Very Severe Cyclonic Storm
2020136N10088,2020,AMPHAN,2020-05-20 18:00:00,23.5,89.1,50.0,978.0,BB,Severe Cyclonic Storm
2020136N10088,2020,AMPHAN,2020-05-20 21:00:00,24.3,89.3,45.0,986.0,BB,Cyclonic Storm
2020136N10088,2020,AMPHAN,2020-05-21 00:00:00,24.6,89.6,40.0,988.0,BB,Cyclonic Storm
2020136N10088,2020,AMPHAN,2020-05-21 03:00:00,25.1,89.9,35.0,990.0,BB,Cyclonic Storm
2020136N10088,2020,AMPHAN,2020-05-21 06:00:00,25.4,90.1,30.0,992.0,BB,Deep Depression
2020136N10088,2020,AMPHAN,2020-05-21 09:00:00,25.2,89.6,,,BB,Super Cyclonic Storm
2020136N10088,2020,AMPHAN,2020-05-21 12:00:00,25.4,89.6,20.0,995.0,BB,Depression
2020150N17054,2020,UNNAMED,2020-05-29 09:00:00,17.3,54.3,25.0,1000.0,AS,Depression
2020150N17054,2020,UNNAMED,2020-05-29 12:00:00,17.3,54.3,25.0,1000.0,AS,Depression
2020150N17054,2020,UNNAMED,2020-05-29 15:00:00,17.3,54.3,,,AS,Super Cyclonic Storm
2020150N17054,2020,UNNAMED,2020-05-29 18:00:00,17.3,54.3,25.0,1000.0,AS,Depression
2020150N17054,2020,UNNAMED,2020-05-29 21:00:00,17.3,54.2,,,AS,Super Cyclonic Storm
2020150N17054,2020,UNNAMED,2020-05-30 00:00:00,17.3,54.2,25.0,1000.0,AS,Depression
2020150N17054,2020,UNNAMED,2020-05-30 03:00:00,17.3,54.2,25.0,1000.0,AS,Depression
2020150N17054,2020,UNNAMED,2020-05-30 06:00:00,17.2,54.0,25.0,1000.0,AS,Depression
2020150N17054,2020,UNNAMED,2020-05-30 09:00:00,17.2,54.0,,,AS,Super Cyclonic Storm
2020150N17054,2020,UNNAMED,2020-05-30 12:00:00,17.2,54.0,25.0,1000.0,AS,Depression
2020150N17054,2020,UNNAMED,2020-05-30 15:00:00,17.2,54.0,,,AS,Super Cyclonic Storm
2020150N17054,2020,UNNAMED,2020-05-30 18:00:00,17.2,54.0,25.0,1000.0,AS,Depression
2020150N17054,2020,UNNAMED,2020-05-30 21:00:00,17.1,53.9,,,AS,Super Cyclonic Storm
2020150N17054,2020,UNNAMED,2020-05-31 00:00:00,17.1,53.8,25.0,1000.0,AS,Depression
2020150N17054,2020,UNNAMED,2020-05-31 03:00:00,17.1,53.8,25.0,1000.0,AS,Depression
2020150N17054,2020,UNNAMED,2020-05-31 06:00:00,17.0,53.5,25.0,1000.0,AS,Depression
2020150N17054,2020,UNNAMED,2020-05-31 09:00:00,16.9,53.3,,,AS,Super Cyclonic Storm
2020150N17054,2020,UNNAMED,2020-05-31 12:00:00,16.9,53.1,25.0,1000.0,AS,Depression
2020150N17054,2020,UNNAMED,2020-05-31 15:00:00,16.9,53.0,,,AS,Super Cyclonic Storm
2020150N17054,2020,UNNAMED,2020-05-31 18:00:00,16.8,52.9,25.0,1000.0,AS,Depression
2020153N13072,2020,NISARGA,2020-05-31 18:00:00,12.9,72.2,,,AS,Super Cyclonic Storm
2020153N13072,2020,NISARGA,2020-05-31 21:00:00,12.9,72.0,,,AS,Super Cyclonic Storm
2020153N13072,2020,NISARGA,2020-06-01 00:00:00,13.0,71.6,25.0,1004.0,AS,Depression
2020153N13072,2020,NISARGA,2020-06-01 03:00:00,13.1,71.4,25.0,1004.0,AS,Depression
2020153N13072,2020,NISARGA,2020-06-01 06:00:00,13.4,71.2,25.0,1004.0,AS,Depression
2020153N13072,2020,NISARGA,2020-06-01 09:00:00,13.7,71.1,,,AS,Super Cyclonic Storm
2020153N13072,2020,NISARGA,2020-06-01 12:00:00,14.0,71.1,25.0,1003.0,AS,Depression
2020153N13072,2020,NISARGA,2020-06-01 15:00:00,14.2,71.2,,,AS,Super Cyclonic Storm
2020153N13072,2020,NISARGA,2020-06-01 18:00:00,14.4,71.2,25.0,1003.0,AS,Depression
2020153N13072,2020,NISARGA,2020-06-01 21:00:00,14.7,71.2,,,AS,Super Cyclonic Storm
2020153N13072,2020,NISARGA,2020-06-02 00:00:00,15.0,71.3,30.0,1000.0,AS,Deep Depression
2020153N13072,2020,NISARGA,2020-06-02 03:00:00,15.3,71.3,30.0,1000.0,AS,Deep Depression
2020153N13072,2020,NISARGA,2020-06-02 06:00:00,15.7,71.3,35.0,999.0,AS,Cyclonic Storm
2020153N13072,2020,NISARGA,2020-06-02 09:00:00,16.0,71.3,35.0,999.0,AS,Cyclonic Storm
2020153N13072,2020,NISARGA,2020-06-02 12:00:00,16.3,71.4,40.0,996.0,AS,Cyclonic Storm
2020153N13072,2020,NISARGA,2020-06-02 15:00:00,16.2,71.5,40.0,996.0,AS,Cyclonic Storm
2020153N13072,2020,NISARGA,2020-06-02 18:00:00,16.8,71.6,40.0,996.0,AS,Cyclonic Storm
2020153N13072,2020,NISARGA,2020-06-02 21:00:00,17.0,71.9,45.0,994.0,AS,Cyclonic Storm
2020153N13072,2020,NISARGA,2020-06-03 00:00:00,17.3,72.1,50.0,992.0,AS,Severe Cyclonic Storm
2020153N13072,2020,NISARGA,2020-06-03 03:00:00,17.6,72.4,55.0,988.0,AS,Severe Cyclonic Storm
2020153N13072,2020,NISARGA,2020-06-03 06:00:00,18.1,72.9,60.0,984.0,AS,Severe Cyclonic Storm
2020153N13072,2020,NISARGA,2020-06-03 09:00:00,18.5,73.2,55.0,992.0,AS,Severe Cyclonic Storm
2020153N13072,2020,NISARGA,2020-06-03 12:00:00,19.1,73.7,40.0,998.0,AS,Cyclonic Storm
2020153N13072,2020,NISARGA,2020-06-03 15:00:00,19.6,74.0,30.0,1000.0,AS,Deep Depression
2020153N13072,2020,NISARGA,2020-06-03 18:00:00,20.0,74.7,30.0,1001.0,AS,Deep Depression
2020153N13072,2020,NISARGA,2020-06-03 21:00:00,20.3,75.3,,,AS,Super Cyclonic Storm
2020153N13072,2020,NISARGA,2020-06-04 00:00:00,20.9,76.0,25.0,1004.0,AS,Depression
2020153N13072,2020,NISARGA,2020-06-04 03:00:00,21.5,76.8,20.0,1005.0,AS,Depression
2020153N13072,2020,NISARGA,2020-06-04 06:00:00,22.2,77.6,20.0,1005.0,AS,Depression
2020285N15087,2020,UNNAMED,2020-10-11 00:00:00,15.3,86.5,20.0,999.0,BB,Depression
2020285N15087,2020,UNNAMED,2020-10-11 03:00:00,15.4,86.2,25.0,998.0,BB,Depression
2020285N15087,2020,UNNAMED,2020-10-11 06:00:00,15.4,85.8,25.0,998.0,BB,Depression
2020285N15087,2020,UNNAMED,2020-10-11 09:00:00,15.4,85.5,,,BB,Super Cyclonic Storm
2020285N15087,2020,UNNAMED,2020-10-11 12:00:00,15.5,85.4,25.0,998.0,BB,Depression
2020285N15087,2020,UNNAMED,2020-10-11 15:00:00,15.5,85.3,,,BB,Super Cyclonic Storm
2020285N15087,2020,UNNAMED,2020-10-11 18:00:00,15.6,85.2,25.0,998.0,BB,Depression
2020285N15087,2020,UNNAMED,2020-10-11 21:00:00,15.7,85.1,,,BB,Super Cyclonic Storm
2020285N15087,2020,UNNAMED,2020-10-12 00:00:00,15.7,85.0,25.0,998.0,BB,Depression
2020285N15087,2020,UNNAMED,2020-10-12 03:00:00,15.7,85.0,30.0,997.0,BB,Deep Depression
2020285N15087,2020,UNNAMED,2020-10-12 06:00:00,15.9,84.8,30.0,997.0,BB,Deep Depression
2020285N15087,2020,UNNAMED,2020-10-12 09:00:00,16.0,84.7,,,BB,Super Cyclonic Storm
2020285N15087,2020,UNNAMED,2020-10-12 12:00:00,16.1,84.6,30.0,997.0,BB,Deep Depression
2020285N15087,2020,UNNAMED,2020-10-12 15:00:00,16.3,84.1,,,BB,Super Cyclonic Storm
2020285N15087,2020,UNNAMED,2020-10-12 18:00:00,16.5,83.4,30.0,997.0,BB,Deep Depression
2020285N15087,2020,UNNAMED,2020-10-12 21:00:00,16.7,82.9,,,BB,Super Cyclonic Storm
2020285N15087,2020,UNNAMED,2020-10-13 00:00:00,16.9,82.5,30.0,997.0,BB,Deep Depression
2020285N15087,2020,UNNAMED,2020-10-13 03:00:00,17.0,82.1,30.0,996.0,BB,Deep Depression
2020285N15087,2020,UNNAMED,2020-10-13 06:00:00,17.3,81.5,25.0,998.0,BB,Depression
2020285N15087,2020,UNNAMED,2020-10-13 09:00:00,17.4,81.0,,,BB,Super Cyclonic Storm
2020285N15087,2020,UNNAMED,2020-10-13 12:00:00,17.5,80.5,25.0,998.0,BB,Depression
2020285N15087,2020,UNNAMED,2020-10-13 15:00:00,17.6,80.0,,,BB,Super Cyclonic Storm
2020285N15087,2020,UNNAMED,2020-10-13 18:00:00,17.6,79.5,25.0,998.0,BB,Depression
2020285N15087,2020,UNNAMED,2020-10-13 21:00:00,17.7,78.8,,,BB,Super Cyclonic Storm
2020285N15087,2020,UNNAMED,2020-10-14 00:00:00,17.7,78.1,20.0,1000.0,BB,Depression
2020285N15087,2020,UNNAMED,2020-10-14 03:00:00,17.7,77.5,20.0,1000.0,AS,Depression
2020285N15087,2020,UNNAMED,2020-10-14 06:00:00,17.7,77.0,20.0,1000.0,AS,Depression
2020291N18069,2020,UNNAMED,2020-10-17 03:00:00,17.8,69.0,20.0,1004.0,AS,Depression
2020291N18069,2020,UNNAMED,2020-10-17 06:00:00,17.8,68.2,20.0,1004.0,AS,Depression
2020291N18069,2020,UNNAMED,2020-10-17 09:00:00,17.8,67.8,,,AS,Super Cyclonic Storm
2020291N18069,2020,UNNAMED,2020-10-17 12:00:00,17.8,67.5,25.0,1003.0,AS,Depression
2020291N18069,2020,UNNAMED,2020-10-17 15:00:00,17.8,67.1,,,AS,Super Cyclonic Storm
2020291N18069,2020,UNNAMED,2020-10-17 18:00:00,17.8,66.8,25.0,1003.0,AS,Depression
2020291N18069,2020,UNNAMED,2020-10-17 21:00:00,17.8,66.7,,,AS,Super Cyclonic Storm
2020291N18069,2020,UNNAMED,2020-10-18 00:00:00,17.8,66.4,25.0,1003.0,AS,Depression
2020291N18069,2020,UNNAMED,2020-10-18 03:00:00,17.8,65.8,20.0,1004.0,AS,Depression
2020291N18069,2020,UNNAMED,2020-10-18 06:00:00,17.8,65.3,20.0,1004.0,AS,Depression
2020291N18069,2020,UNNAMED,2020-10-18 09:00:00,17.8,65.0,,,AS,Super Cyclonic Storm
2020291N18069,2020,UNNAMED,2020-10-18 12:00:00,17.8,64.8,20.0,1004.0,AS,Depression
2020291N18069,2020,UNNAMED,2020-10-18 15:00:00,17.8,64.6,,,AS,Super Cyclonic Storm
2020291N18069,2020,UNNAMED,2020-10-18 18:00:00,17.8,64.3,20.0,1004.0,AS,Depression
2020296N19087,2020,UNNAMED,2020-10-22 03:00:00,18.7,87.0,20.0,999.0,BB,Depression
2020296N19087,2020,UNNAMED,2020-10-22 06:00:00,19.0,87.0,25.0,998.0,BB,Depression
2020296N19087,2020,UNNAMED,2020-10-22 09:00:00,19.4,87.1,,,BB,Super Cyclonic Storm
2020296N19087,2020,UNNAMED,2020-10-22 12:00:00,19.7,87.3,25.0,998.0,BB,Depression
2020296N19087,2020,UNNAMED,2020-10-22 15:00:00,19.9,87.4,,,BB,Super Cyclonic Storm
2020296N19087,2020,UNNAMED,2020-10-22 18:00:00,20.2,87.6,25.0,998.0,BB,Depression
2020296N19087,2020,UNNAMED,2020-10-22 21:00:00,20.7,87.9,,,BB,Super Cyclonic Storm
2020296N19087,2020,UNNAMED,2020-10-23 00:00:00,21.2,88.2,25.0,998.0,BB,Depression
2020296N19087,2020,UNNAMED,2020-10-23 03:00:00,21.4,88.4,25.0,998.0,BB,Depression
2020296N19087,2020,UNNAMED,2020-10-23 06:00:00,21.7,88.5,25.0,998.0,BB,Depression
2020296N19087,2020,UNNAMED,2020-10-23 09:00:00,22.5,89.1,25.0,998.0,BB,Depression
2020296N19087,2020,UNNAMED,2020-10-23 12:00:00,23.3,89.5,20.0,1000.0,BB,Depression
2020296N19087,2020,UNNAMED,2020-10-23 15:00:00,23.8,89.7,,,BB,Super Cyclonic Storm
2020296N19087,2020,UNNAMED,2020-10-23 18:00:00,24.0,89.9,20.0,1000.0,BB,Depression
2020326N11063,2020,GATI,2020-11-20 12:00:00,11.2,62.6,,,AS,Super Cyclonic Storm
2020326N11063,2020,GATI,2020-11-20 15:00:00,11.0,62.2,,,AS,Super Cyclonic Storm
2020326N11063,2020,GATI,2020-11-20 18:00:00,10.9,61.7,,,AS,Super Cyclonic Storm
2020326N11063,2020,GATI,2020-11-20 21:00:00,11.1,61.2,,,AS,Super Cyclonic Storm
2020326N11063,2020,GATI,2020-11-21 00:00:00,11.3,60.6,,,AS,Super Cyclonic Storm
2020326N11063,2020,GATI,2020-11-21 03:00:00,11.3,59.7,,,AS,Super Cyclonic Storm
2020326N11063,2020,GATI,2020-11-21 06:00:00,11.3,58.8,,,AS,Super Cyclonic Storm
2020326N11063,2020,GATI,2020-11-21 09:00:00,11.3,57.9,,,AS,Super Cyclonic Storm
2020326N11063,2020,GATI,2020-11-21 12:00:00,11.3,57.1,,,AS,Super Cyclonic Storm
2020326N11063,2020,GATI,2020-11-21 15:00:00,11.1,56.2,,,AS,Super Cyclonic Storm
2020326N11063,2020,GATI,2020-11-21 18:00:00,10.9,55.8,25.0,1000.0,AS,Depression
2020326N11063,2020,GATI,2020-11-21 21:00:00,10.9,55.2,,,AS,Super Cyclonic Storm
2020326N11063,2020,GATI,2020-11-22 00:00:00,10.8,54.5,30.0,998.0,AS,Deep Depression
2020326N11063,2020,GATI,2020-11-22 03:00:00,10.6,53.5,40.0,996.0,AS,Cyclonic Storm
2020326N11063,2020,GATI,2020-11-22 06:00:00,10.4,52.6,50.0,992.0,AS,Severe Cyclonic Storm
2020326N11063,2020,GATI,2020-11-22 09:00:00,10.4,52.0,65.0,982.0,AS,Very Severe Cyclonic Storm
2020326N11063,2020,GATI,2020-11-22 12:00:00,10.4,51.5,75.0,976.0,AS,Very Severe Cyclonic Storm
2020326N11063,2020,GATI,2020-11-22 15:00:00,10.4,51.0,75.0,976.0,AS,Very Severe Cyclonic Storm
2020326N11063,2020,GATI,2020-11-22 18:00:00,10.4,50.6,65.0,982.0,AS,Very Severe Cyclonic Storm
2020326N11063,2020,GATI,2020-11-22 21:00:00,10.5,50.2,60.0,986.0,AS,Severe Cyclonic Storm
2020326N11063,2020,GATI,2020-11-23 00:00:00,10.7,50.0,45.0,994.0,AS,Cyclonic Storm
2020326N11063,2020,GATI,2020-11-23 03:00:00,10.9,49.6,35.0,997.0,AS,Cyclonic Storm
2020326N11063,2020,GATI,2020-11-23 06:00:00,11.1,49.3,30.0,998.0,AS,Deep Depression
2020326N11063,2020,GATI,2020-11-23 09:00:00,11.3,48.9,,,AS,Super Cyclonic Storm
2020326N11063,2020,GATI,2020-11-23 12:00:00,11.5,48.6,30.0,999.0,AS,Deep Depression
2020326N11063,2020,GATI,2020-11-23 15:00:00,11.7,48.0,,,AS,Super Cyclonic Storm
2020326N11063,2020,GATI,2020-11-23 18:00:00,11.8,47.5,30.0,1000.0,AS,Deep Depression
2020326N11063,2020,GATI,2020-11-23 21:00:00,11.7,47.1,,,AS,Super Cyclonic Storm
2020326N11063,2020,GATI,2020-11-24 00:00:00,11.5,46.8,25.0,1001.0,AS,Depression
2020326N11063,2020,GATI,2020-11-24 03:00:00,11.2,46.6,20.0,1002.0,AS,Depression
2020326N11063,2020,GATI,2020-11-24 06:00:00,10.9,46.5,,,AS,Super Cyclonic Storm
2020326N11063,2020,GATI,2020-11-24 09:00:00,10.7,46.4,,,AS,Super Cyclonic Storm
2020326N11063,2020,GATI,2020-11-24 12:00:00,10.4,46.3,,,AS,Super Cyclonic Storm
2020327N08086,2020,NIVAR,2020-11-22 06:00:00,7.8,86.1,,,BB,Super Cyclonic Storm
2020327N08086,2020,NIVAR,2020-11-22 09:00:00,8.2,85.9,,,BB,Super Cyclonic Storm
2020327N08086,2020,NIVAR,2020-11-22 12:00:00,8.5,85.6,,,BB,Super Cyclonic Storm
2020327N08086,2020,NIVAR,2020-11-22 15:00:00,8.8,85.3,,,BB,Super Cyclonic Storm
2020327N08086,2020,NIVAR,2020-11-22 18:00:00,9.0,85.1,,,BB,Super Cyclonic Storm
2020327N08086,2020,NIVAR,2020-11-22 21:00:00,9.0,85.0,25.0,1002.0,BB,Depression
2020327N08086,2020,NIVAR,2020-11-23 00:00:00,9.3,84.6,25.0,1002.0,BB,Depression
2020327N08086,2020,NIVAR,2020-11-23 03:00:00,9.5,84.2,25.0,1002.0,BB,Depression
2020327N08086,2020,NIVAR,2020-11-23 06:00:00,9.6,84.0,25.0,1001.0,BB,Depression
2020327N08086,2020,NIVAR,2020-11-23 09:00:00,9.7,83.8,,,BB,Super Cyclonic Storm
2020327N08086,2020,NIVAR,2020-11-23 12:00:00,9.9,83.6,30.0,999.0,BB,Deep Depression
2020327N08086,2020,NIVAR,2020-11-23 15:00:00,9.9,83.5,,,BB,Super Cyclonic Storm
2020327N08086,2020,NIVAR,2020-11-23 18:00:00,10.0,83.5,30.0,998.0,BB,Deep Depression
2020327N08086,2020,NIVAR,2020-11-23 21:00:00,9.9,83.3,,,BB,Super Cyclonic Storm
2020327N08086,2020,NIVAR,2020-11-24 00:00:00,9.8,83.2,35.0,997.0,BB,Cyclonic Storm
2020327N08086,2020,NIVAR,2020-11-24 03:00:00,9.8,83.1,35.0,997.0,BB,Cyclonic Storm
2020327N08086,2020,NIVAR,2020-11-24 06:00:00,9.8,83.0,40.0,994.0,BB,Cyclonic Storm
2020327N08086,2020,NIVAR,2020-11-24 09:00:00,9.9,82.9,45.0,992.0,BB,Cyclonic Storm
2020327N08086,2020,NIVAR,2020-11-24 12:00:00,10.0,82.8,45.0,992.0,BB,Cyclonic Storm
2020327N08086,2020,NIVAR,2020-11-24 15:00:00,10.1,82.7,45.0,992.0,BB,Cyclonic Storm
2020327N08086,2020,NIVAR,2020-11-24 18:00:00,10.2,82.6,50.0,990.0,BB,Severe Cyclonic Storm
2020327N08086,2020,NIVAR,2020-11-24 21:00:00,10.4,82.4,55.0,988.0,BB,Severe Cyclonic Storm
2020327N08086,2020,NIVAR,2020-11-25 00:00:00,10.6,82.2,60.0,986.0,BB,Severe Cyclonic Storm
2020327N08086,2020,NIVAR,2020-11-25 03:00:00,10.8,81.8,60.0,986.0,BB,Severe Cyclonic Storm
2020327N08086,2020,NIVAR,2020-11-25 06:00:00,11.1,81.4,60.0,986.0,BB,Severe Cyclonic Storm
2020327N08086,2020,NIVAR,2020-11-25 09:00:00,11.3,81.1,65.0,982.0,BB,Very Severe Cyclonic Storm
2020327N08086,2020,NIVAR,2020-11-25 12:00:00,11.5,80.9,65.0,982.0,BB,Very Severe Cyclonic Storm
2020327N08086,2020,NIVAR,2020-11-25 15:00:00,11.8,80.6,65.0,982.0,BB,Very Severe Cyclonic Storm
2020327N08086,2020,NIVAR,2020-11-25 18:00:00,12.0,80.4,65.0,982.0,BB,Very Severe Cyclonic Storm
2020327N08086,2020,NIVAR,2020-11-25 21:00:00,12.2,80.1,60.0,986.0,BB,Severe Cyclonic Storm
2020327N08086,2020,NIVAR,2020-11-26 00:00:00,12.5,80.0,50.0,992.0,BB,Severe Cyclonic Storm
2020327N08086,2020,NIVAR,2020-11-26 03:00:00,12.7,79.7,40.0,996.0,BB,Cyclonic Storm
2020327N08086,2020,NIVAR,2020-11-26 06:00:00,13.0,79.6,35.0,998.0,BB,Cyclonic Storm
2020327N08086,2020,NIVAR,2020-11-26 09:00:00,13.3,79.6,30.0,999.0,BB,Deep Depression
2020327N08086,2020,NIVAR,2020-11-26 12:00:00,13.5,79.8,30.0,1000.0,BB,Deep Depression
2020327N08086,2020,NIVAR,2020-11-26 15:00:00,13.6,80.0,,,BB,Super Cyclonic Storm
2020327N08086,2020,NIVAR,2020-11-26 18:00:00,13.8,80.3,20.0,1002.0,BB,Depression
2020327N08086,2020,NIVAR,2020-11-26 21:00:00,13.8,80.6,,,BB,Super Cyclonic Storm
2020327N08086,2020,NIVAR,2020-11-27 00:00:00,14.0,80.7,,,BB,Super Cyclonic Storm
2020327N08086,2020,NIVAR,2020-11-27 03:00:00,14.2,80.6,,,BB,Super Cyclonic Storm
2020327N08086,2020,NIVAR,2020-11-27 06:00:00,14.4,80.5,,,BB,Super Cyclonic Storm
2020327N08086,2020,NIVAR,2020-11-27 09:00:00,14.7,80.3,,,BB,Super Cyclonic Storm
2020327N08086,2020,NIVAR,2020-11-27 12:00:00,15.0,80.1,,,BB,Super Cyclonic Storm
2020335N06090,2020,BUREVI,2020-11-29 12:00:00,6.4,90.4,,,BB,Super Cyclonic Storm
2020335N06090,2020,BUREVI,2020-11-29 15:00:00,6.6,89.8,,,BB,Super Cyclonic Storm
2020335N06090,2020,BUREVI,2020-11-29 18:00:00,6.9,89.1,,,BB,Super Cyclonic Storm
2020335N06090,2020,BUREVI,2020-11-29 21:00:00,7.2,88.4,,,BB,Super Cyclonic Storm
2020335N06090,2020,BUREVI,2020-11-30 00:00:00,7.5,87.8,20.0,1003.0,BB,Depression
2020335N06090,2020,BUREVI,2020-11-30 03:00:00,7.6,87.6,25.0,1002.0,BB,Depression
2020335N06090,2020,BUREVI,2020-11-30 06:00:00,7.6,87.4,25.0,1002.0,BB,Depression
2020335N06090,2020,BUREVI,2020-11-30 09:00:00,7.6,87.2,,,BB,Super Cyclonic Storm
2020335N06090,2020,BUREVI,2020-11-30 12:00:00,7.5,87.1,25.0,1002.0,BB,Depression
2020335N06090,2020,BUREVI,2020-11-30 15:00:00,7.5,87.0,,,BB,Super Cyclonic Storm
2020335N06090,2020,BUREVI,2020-11-30 18:00:00,7.5,86.8,25.0,1002.0,BB,Depression
2020335N06090,2020,BUREVI,2020-11-30 21:00:00,7.4,86.4,,,BB,Super Cyclonic Storm
2020335N06090,2020,BUREVI,2020-12-01 00:00:00,7.4,86.1,30.0,1000.0,BB,Deep Depression
2020335N06090,2020,BUREVI,2020-12-01 03:00:00,7.4,85.8,30.0,1000.0,BB,Deep Depression
2020335N06090,2020,BUREVI,2020-12-01 06:00:00,7.5,85.4,30.0,1000.0,BB,Deep Depression
2020335N06090,2020,BUREVI,2020-12-01 09:00:00,7.6,85.1,,,BB,Super Cyclonic Storm
2020335N06090,2020,BUREVI,2020-12-01 12:00:00,7.7,84.9,35.0,999.0,BB,Cyclonic Storm
2020335N06090,2020,BUREVI,2020-12-01 15:00:00,7.8,84.6,35.0,999.0,BB,Cyclonic Storm
2020335N06090,2020,BUREVI,2020-12-01 18:00:00,8.0,84.3,35.0,999.0,BB,Cyclonic Storm
2020335N06090,2020,BUREVI,2020-12-01 21:00:00,8.3,83.7,35.0,999.0,BB,Cyclonic Storm
2020335N06090,2020,BUREVI,2020-12-02 00:00:00,8.5,83.3,40.0,998.0,BB,Cyclonic Storm
2020335N06090,2020,BUREVI,2020-12-02 03:00:00,8.6,82.9,40.0,998.0,BB,Cyclonic Storm
2020335N06090,2020,BUREVI,2020-12-02 06:00:00,8.7,82.6,45.0,996.0,BB,Cyclonic Storm
2020335N06090,2020,BUREVI,2020-12-02 09:00:00,8.8,82.2,45.0,996.0,BB,Cyclonic Storm
2020335N06090,2020,BUREVI,2020-12-02 12:00:00,8.8,81.9,45.0,996.0,BB,Cyclonic Storm
2020335N06090,2020,BUREVI,2020-12-02 15:00:00,8.9,81.6,45.0,996.0,BB,Cyclonic Storm
2020335N06090,2020,BUREVI,2020-12-02 18:00:00,9.0,81.2,45.0,996.0,BB,Cyclonic Storm
2020335N06090,2020,BUREVI,2020-12-02 21:00:00,9.0,80.9,40.0,998.0,BB,Cyclonic Storm
2020335N06090,2020,BUREVI,2020-12-03 00:00:00,9.0,80.5,40.0,998.0,BB,Cyclonic Storm
2020335N06090,2020,BUREVI,2020-12-03 03:00:00,9.1,80.4,40.0,998.0,BB,Cyclonic Storm
2020335N06090,2020,BUREVI,2020-12-03 06:00:00,9.3,80.1,40.0,998.0,BB,Cyclonic Storm
2020335N06090,2020,BUREVI,2020-12-03 09:00:00,9.4,79.8,35.0,999.0,BB,Cyclonic Storm
2020335N06090,2020,BUREVI,2020-12-03 12:00:00,9.4,79.6,30.0,1000.0,BB,Deep Depression
2020335N06090,2020,BUREVI,2020-12-03 15:00:00,9.4,79.4,30.0,1000.0,BB,Deep Depression
2020335N06090,2020,BUREVI,2020-12-03 18:00:00,9.3,79.3,30.0,1000.0,BB,Deep Depression
2020335N06090,2020,BUREVI,2020-12-03 21:00:00,9.3,79.3,30.0,1000.0,BB,Deep Depression
2020335N06090,2020,BUREVI,2020-12-04 00:00:00,9.2,79.3,30.0,1000.0,BB,Deep Depression
2020335N06090,2020,BUREVI,2020-12-04 03:00:00,9.1,79.2,30.0,1001.0,BB,Deep Depression
2020335N06090,2020,BUREVI,2020-12-04 06:00:00,9.2,79.3,30.0,1001.0,BB,Deep Depression
2020335N06090,2020,BUREVI,2020-12-04 09:00:00,9.3,79.4,,,BB,Super Cyclonic Storm
2020335N06090,2020,BUREVI,2020-12-04 12:00:00,9.4,79.4,25.0,1002.0,BB,Depression
2020335N06090,2020,BUREVI,2020-12-04 15:00:00,9.3,79.3,,,BB,Super Cyclonic Storm
2020335N06090,2020,BUREVI,2020-12-04 18:00:00,9.2,79.2,25.0,1003.0,BB,Depression
2020335N06090,2020,BUREVI,2020-12-04 21:00:00,9.1,79.3,,,BB,Super Cyclonic Storm
2020335N06090,2020,BUREVI,2020-12-05 00:00:00,9.1,79.4,20.0,1004.0,BB,Depression
2020335N06090,2020,BUREVI,2020-12-05 03:00:00,9.2,79.5,20.0,1006.0,BB,Depression
2020335N06090,2020,BUREVI,2020-12-05 06:00:00,9.5,80.1,,,BB,Super Cyclonic Storm
2020353N06129,2020,KROVANH,2020-12-17 12:00:00,5.8,129.0,,,MM,Super Cyclonic Storm
2020353N06129,2020,KROVANH,2020-12-17 15:00:00,6.2,128.4,,,MM,Super Cyclonic Storm
2020353N06129,2020,KROVANH,2020-12-17 18:00:00,6.5,127.8,,,MM,Super Cyclonic Storm
2020353N06129,2020,KROVANH,2020-12-17 21:00:00,6.7,127.4,,,MM,Super Cyclonic Storm
2020353N06129,2020,KROVANH,2020-12-18 00:00:00,7.1,127.2,,1004.0,MM,Super Cyclonic Storm
2020353N06129,2020,KROVANH,2020-12-18 03:00:00,7.6,126.7,,,MM,Super Cyclonic Storm
2020353N06129,2020,KROVANH,2020-12-18 06:00:00,8.1,126.1,,1002.0,MM,Super Cyclonic Storm
2020353N06129,2020,KROVANH,2020-12-18 09:00:00,8.6,125.2,,,MM,Super Cyclonic Storm
2020353N06129,2020,KROVANH,2020-12-18 12:00:00,8.9,124.3,,1004.0,MM,Super Cyclonic Storm
2020353N06129,2020,KROVANH,2020-12-18 15:00:00,8.9,123.3,,,MM,Super Cyclonic Storm
2020353N06129,2020,KROVANH,2020-12-18 18:00:00,8.8,122.4,,1004.0,MM,Super Cyclonic Storm
2020353N06129,2020,KROVANH,2020-12-18 21:00:00,8.8,121.6,,,MM,Super Cyclonic Storm
2020353N06129,2020,KROVANH,2020-12-19 00:00:00,8.9,121.0,,1004.0,MM,Super Cyclonic Storm
2020353N06129,2020,KROVANH,2020-12-19 03:00:00,9.0,120.4,,,MM,Super Cyclonic Storm
2020353N06129,2020,KROVANH,2020-12-19 06:00:00,9.2,119.8,,1004.0,MM,Super Cyclonic Storm
2020353N06129,2020,KROVANH,2020-12-19 09:00:00,9.5,119.1,,,MM,Super Cyclonic Storm
2020353N06129,2020,KROVANH,2020-12-19 12:00:00,9.7,118.4,,1004.0,MM,Super Cyclonic Storm
2020353N06129,2020,KROVANH,2020-12-19 15:00:00,9.7,117.6,,,MM,Super Cyclonic Storm
2020353N06129,2020,KROVANH,2020-12-19 18:00:00,9.8,116.9,,1004.0,MM,Super Cyclonic Storm
2020353N06129,2020,KROVANH,2020-12-19 21:00:00,9.9,116.2,,,MM,Super Cyclonic Storm
2020353N06129,2020,KROVANH,2020-12-20 00:00:00,10.0,115.6,35.0,1002.0,MM,Cyclonic Storm
2020353N06129,2020,KROVANH,2020-12-20 03:00:00,10.1,115.3,,,MM,Super Cyclonic Storm
2020353N06129,2020,KROVANH,2020-12-20 06:00:00,10.1,115.0,35.0,1000.0,MM,Cyclonic Storm
2020353N06129,2020,KROVANH,2020-12-20 09:00:00,10.0,114.7,,,MM,Super Cyclonic Storm
2020353N06129,2020,KROVANH,2020-12-20 12:00:00,9.9,114.4,35.0,1002.0,MM,Cyclonic Storm
2020353N06129,2020,KROVANH,2020-12-20 15:00:00,9.7,114.1,,,MM,Super Cyclonic Storm
2020353N06129,2020,KROVANH,2020-12-20 18:00:00,9.5,113.9,35.0,1002.0,MM,Cyclonic Storm
2020353N06129,2020,KROVANH,2020-12-20 21:00:00,9.3,113.7,,,MM,Super Cyclonic Storm
2020353N06129,2020,KROVANH,2020-12-21 00:00:00,9.2,113.4,35.0,1002.0,MM,Cyclonic Storm
2020353N06129,2020,KROVANH,2020-12-21 03:00:00,9.1,113.2,,,MM,Super Cyclonic Storm
2020353N06129,2020,KROVANH,2020-12-21 06:00:00,9.0,112.9,35.0,1002.0,MM,Cyclonic Storm
2020353N06129,2020,KROVANH,2020-12-21 09:00:00,8.9,112.6,,,MM,Super Cyclonic Storm
2020353N06129,2020,KROVANH,2020-12-21 12:00:00,8.8,112.3,35.0,1002.0,MM,Cyclonic Storm
2020353N06129,2020,KROVANH,2020-12-21 15:00:00,8.6,111.9,,,MM,Super Cyclonic Storm
2020353N06129,2020,KROVANH,2020-12-21 18:00:00,8.5,111.6,35.0,1002.0,MM,Cyclonic Storm
2020353N06129,2020,KROVANH,2020-12-21 21:00:00,8.2,111.3,,,MM,Super Cyclonic Storm
2020353N06129,2020,KROVANH,2020-12-22 00:00:00,7.9,111.0,35.0,1002.0,MM,Cyclonic Storm
2020353N06129,2020,KROVANH,2020-12-22 03:00:00,7.7,110.7,,,MM,Super Cyclonic Storm
2020353N06129,2020,KROVANH,2020-12-22 06:00:00,7.8,110.5,,1004.0,MM,Super Cyclonic Storm
2020353N06129,2020,KROVANH,2020-12-22 09:00:00,7.8,110.3,,,MM,Super Cyclonic Storm
2020353N06129,2020,KROVANH,2020-12-22 12:00:00,7.9,110.0,,1004.0,MM,Super Cyclonic Storm
2020353N06129,2020,KROVANH,2020-12-22 15:00:00,7.9,109.6,,,MM,Super Cyclonic Storm
2020353N06129,2020,KROVANH,2020-12-22 18:00:00,8.0,109.3,,1004.0,MM,Super Cyclonic Storm
2020353N06129,2020,KROVANH,2020-12-22 21:00:00,8.1,108.9,,,MM,Super Cyclonic Storm
2020353N06129,2020,KROVANH,2020-12-23 00:00:00,8.1,108.5,,1006.0,MM,Super Cyclonic Storm
2020353N06129,2020,KROVANH,2020-12-23 03:00:00,8.2,108.0,,,MM,Super Cyclonic Storm
2020353N06129,2020,KROVANH,2020-12-23 06:00:00,8.3,107.4,,1006.0,MM,Super Cyclonic Storm
2020353N06129,2020,KROVANH,2020-12-23 09:00:00,8.2,106.9,,,MM,Super Cyclonic Storm
2020353N06129,2020,KROVANH,2020-12-23 12:00:00,8.0,106.3,,1006.0,MM,Super Cyclonic Storm
2020353N06129,2020,KROVANH,2020-12-23 15:00:00,8.0,105.8,,,MM,Super Cyclonic Storm
2020353N06129,2020,KROVANH,2020-12-23 18:00:00,7.9,105.2,,1006.0,MM,Super Cyclonic Storm
2020353N06129,2020,KROVANH,2020-12-23 21:00:00,7.8,104.6,,,MM,Super Cyclonic Storm
2020353N06129,2020,KROVANH,2020-12-24 00:00:00,7.8,103.9,,1006.0,MM,Super Cyclonic Storm
2020353N06129,2020,KROVANH,2020-12-24 03:00:00,7.8,103.3,,,MM,Super Cyclonic Storm
2020353N06129,2020,KROVANH,2020-12-24 06:00:00,7.8,102.7,,1004.0,MM,Super Cyclonic Storm
2020353N06129,2020,KROVANH,2020-12-24 09:00:00,8.0,102.2,,,MM,Super Cyclonic Storm
2020353N06129,2020,KROVANH,2020-12-24 12:00:00,8.2,101.6,,1006.0,MM,Super Cyclonic Storm
2020353N06129,2020,KROVANH,2020-12-24 15:00:00,8.3,101.1,,,MM,Super Cyclonic Storm
2020353N06129,2020,KROVANH,2020-12-24 18:00:00,8.6,100.7,,1008.0,MM,Super Cyclonic Storm
2020353N06129,2020,KROVANH,2020-12-24 21:00:00,8.9,100.2,,,MM,Super Cyclonic Storm
2020353N06129,2020,KROVANH,2020-12-25 00:00:00,9.4,99.6,,,BB,Super Cyclonic Storm
2020353N06129,2020,KROVANH,2020-12-25 03:00:00,9.7,98.9,,,BB,Super Cyclonic Storm
2020353N06129,2020,KROVANH,2020-12-25 06:00:00,10.0,98.1,,,BB,Super Cyclonic Storm
2020353N06129,2020,KROVANH,2020-12-25 09:00:00,10.6,97.3,,,BB,Super Cyclonic Storm
2020353N06129,2020,KROVANH,2020-12-25 12:00:00,11.3,97.0,,,BB,Super Cyclonic Storm
2021092N11096,2021,UNNAMED,2021-04-02 00:00:00,11.0,96.3,25.0,1000.0,BB,Depression
2021092N11096,2021,UNNAMED,2021-04-02 03:00:00,11.0,96.3,25.0,1000.0,BB,Depression
2021092N11096,2021,UNNAMED,2021-04-02 06:00:00,11.2,96.4,25.0,1000.0,BB,Depression
2021092N11096,2021,UNNAMED,2021-04-02 09:00:00,11.5,96.6,,,BB,Super Cyclonic Storm
2021092N11096,2021,UNNAMED,2021-04-02 12:00:00,11.8,96.8,25.0,1000.0,BB,Depression
2021092N11096,2021,UNNAMED,2021-04-02 15:00:00,12.0,97.0,,,BB,Super Cyclonic Storm
2021092N11096,2021,UNNAMED,2021-04-02 18:00:00,12.3,97.2,25.0,1000.0,BB,Depression
2021092N11096,2021,UNNAMED,2021-04-02 21:00:00,12.7,97.4,,,BB,Super Cyclonic Storm
2021092N11096,2021,UNNAMED,2021-04-03 00:00:00,13.0,97.5,25.0,1002.0,BB,Depression
2021092N11096,2021,UNNAMED,2021-04-03 03:00:00,13.2,97.6,20.0,1004.0,BB,Depression
2021133N10071,2021,TAUKTAE,2021-05-13 06:00:00,10.0,70.9,,,AS,Super Cyclonic Storm
2021133N10071,2021,TAUKTAE,2021-05-13 09:00:00,10.1,71.1,,,AS,Super Cyclonic Storm
2021133N10071,2021,TAUKTAE,2021-05-13 12:00:00,10.2,71.3,,,AS,Super Cyclonic Storm
2021133N10071,2021,TAUKTAE,2021-05-13 15:00:00,10.3,71.4,,,AS,Super Cyclonic Storm
2021133N10071,2021,TAUKTAE,2021-05-13 18:00:00,10.5,71.5,,,AS,Super Cyclonic Storm
2021133N10071,2021,TAUKTAE,2021-05-13 21:00:00,10.7,71.6,,,AS,Super Cyclonic Storm
2021133N10071,2021,TAUKTAE,2021-05-14 00:00:00,10.9,71.8,,,AS,Super Cyclonic Storm
2021133N10071,2021,TAUKTAE,2021-05-14 03:00:00,11.0,72.0,25.0,997.0,AS,Depression
2021133N10071,2021,TAUKTAE,2021-05-14 06:00:00,11.2,72.2,25.0,996.0,AS,Depression
2021133N10071,2021,TAUKTAE,2021-05-14 09:00:00,11.5,72.4,30.0,995.0,AS,Deep Depression
2021133N10071,2021,TAUKTAE,2021-05-14 12:00:00,11.7,72.6,30.0,995.0,AS,Deep Depression
2021133N10071,2021,TAUKTAE,2021-05-14 15:00:00,12.0,72.7,,,AS,Super Cyclonic Storm
2021133N10071,2021,TAUKTAE,2021-05-14 18:00:00,12.3,72.8,35.0,993.0,AS,Cyclonic Storm
2021133N10071,2021,TAUKTAE,2021-05-14 21:00:00,12.4,72.8,40.0,992.0,AS,Cyclonic Storm
2021133N10071,2021,TAUKTAE,2021-05-15 00:00:00,12.8,72.9,40.0,992.0,AS,Cyclonic Storm
2021133N10071,2021,TAUKTAE,2021-05-15 03:00:00,13.0,72.9,40.0,992.0,AS,Cyclonic Storm
2021133N10071,2021,TAUKTAE,2021-05-15 06:00:00,13.3,73.0,45.0,990.0,AS,Cyclonic Storm
2021133N10071,2021,TAUKTAE,2021-05-15 09:00:00,13.6,73.0,45.0,990.0,AS,Cyclonic Storm
2021133N10071,2021,TAUKTAE,2021-05-15 12:00:00,13.9,73.0,55.0,985.0,AS,Severe Cyclonic Storm
2021133N10071,2021,TAUKTAE,2021-05-15 15:00:00,14.2,72.9,55.0,984.0,AS,Severe Cyclonic Storm
2021133N10071,2021,TAUKTAE,2021-05-15 18:00:00,14.5,72.8,60.0,982.0,AS,Severe Cyclonic Storm
2021133N10071,2021,TAUKTAE,2021-05-15 21:00:00,14.7,72.8,60.0,982.0,AS,Severe Cyclonic Storm
2021133N10071,2021,TAUKTAE,2021-05-16 00:00:00,15.0,72.8,65.0,979.0,AS,Very Severe Cyclonic Storm
2021133N10071,2021,TAUKTAE,2021-05-16 03:00:00,15.4,72.8,70.0,976.0,AS,Very Severe Cyclonic Storm
2021133N10071,2021,TAUKTAE,2021-05-16 06:00:00,15.8,72.8,70.0,976.0,AS,Very Severe Cyclonic Storm
2021133N10071,2021,TAUKTAE,2021-05-16 09:00:00,16.3,72.7,70.0,976.0,AS,Very Severe Cyclonic Storm
2021133N10071,2021,TAUKTAE,2021-05-16 12:00:00,16.8,72.5,75.0,972.0,AS,Very Severe Cyclonic Storm
2021133N10071,2021,TAUKTAE,2021-05-16 15:00:00,17.3,72.3,80.0,968.0,AS,Very Severe Cyclonic Storm
2021133N10071,2021,TAUKTAE,2021-05-16 18:00:00,17.7,72.0,85.0,964.0,AS,Very Severe Cyclonic Storm
2021133N10071,2021,TAUKTAE,2021-05-16 21:00:00,18.0,71.8,90.0,960.0,AS,Extremely Severe Cyclonic Storm
2021133N10071,2021,TAUKTAE,2021-05-17 00:00:00,18.4,71.7,100.0,950.0,AS,Extremely Severe Cyclonic Storm
2021133N10071,2021,TAUKTAE,2021-05-17 03:00:00,18.8,71.6,100.0,950.0,AS,Extremely Severe Cyclonic Storm
2021133N10071,2021,TAUKTAE,2021-05-17 06:00:00,19.3,71.5,100.0,950.0,AS,Extremely Severe Cyclonic Storm
2021133N10071,2021,TAUKTAE,2021-05-17 09:00:00,19.6,71.4,100.0,950.0,AS,Extremely Severe Cyclonic Storm
2021133N10071,2021,TAUKTAE,2021-05-17 12:00:00,20.1,71.4,95.0,955.0,AS,Extremely Severe Cyclonic Storm
2021133N10071,2021,TAUKTAE,2021-05-17 15:00:00,20.5,71.3,90.0,960.0,AS,Extremely Severe Cyclonic Storm
2021133N10071,2021,TAUKTAE,2021-05-17 18:00:00,20.9,71.2,85.0,964.0,AS,Very Severe Cyclonic Storm
2021133N10071,2021,TAUKTAE,2021-05-17 21:00:00,21.2,71.2,75.0,972.0,AS,Very Severe Cyclonic Storm
2021133N10071,2021,TAUKTAE,2021-05-18 00:00:00,21.5,71.2,65.0,978.0,AS,Very Severe Cyclonic Storm
2021133N10071,2021,TAUKTAE,2021-05-18 03:00:00,21.7,71.3,55.0,984.0,AS,Severe Cyclonic Storm
2021133N10071,2021,TAUKTAE,2021-05-18 06:00:00,22.1,71.6,45.0,990.0,AS,Cyclonic Storm
2021133N10071,2021,TAUKTAE,2021-05-18 09:00:00,22.6,71.7,40.0,992.0,AS,Cyclonic Storm
2021133N10071,2021,TAUKTAE,2021-05-18 12:00:00,23.2,72.1,35.0,993.0,AS,Cyclonic Storm
2021133N10071,2021,TAUKTAE,2021-05-18 15:00:00,23.7,72.5,30.0,994.0,AS,Deep Depression
2021133N10071,2021,TAUKTAE,2021-05-18 18:00:00,24.1,73.1,30.0,995.0,AS,Deep Depression
2021133N10071,2021,TAUKTAE,2021-05-18 21:00:00,24.4,73.4,,,AS,Super Cyclonic Storm
2021133N10071,2021,TAUKTAE,2021-05-19 00:00:00,24.6,73.6,25.0,996.0,AS,Depression
2021133N10071,2021,TAUKTAE,2021-05-19 03:00:00,24.9,73.7,20.0,997.0,AS,Depression
2021133N10071,2021,TAUKTAE,2021-05-19 06:00:00,25.8,74.8,20.0,997.0,AS,Depression
2021143N15090,2021,YAAS,2021-05-23 00:00:00,15.5,90.0,,,BB,Super Cyclonic Storm
2021143N15090,2021,YAAS,2021-05-23 03:00:00,15.4,89.9,,,BB,Super Cyclonic Storm
2021143N15090,2021,YAAS,2021-05-23 06:00:00,15.6,89.8,25.0,996.0,BB,Depression
2021143N15090,2021,YAAS,2021-05-23 09:00:00,15.6,89.7,,,BB,Super Cyclonic Storm
2021143N15090,2021,YAAS,2021-05-23 12:00:00,15.7,89.6,25.0,994.0,BB,Depression
2021143N15090,2021,YAAS,2021-05-23 15:00:00,15.8,89.5,,,BB,Super Cyclonic Storm
2021143N15090,2021,YAAS,2021-05-23 18:00:00,15.8,89.5,30.0,992.0,BB,Deep Depression
2021143N15090,2021,YAAS,2021-05-23 21:00:00,16.0,89.6,,,BB,Super Cyclonic Storm
2021143N15090,2021,YAAS,2021-05-24 00:00:00,16.1,89.8,35.0,990.0,BB,Cyclonic Storm
2021143N15090,2021,YAAS,2021-05-24 03:00:00,16.5,89.7,40.0,988.0,BB,Cyclonic Storm
2021143N15090,2021,YAAS,2021-05-24 06:00:00,16.6,89.6,40.0,988.0,BB,Cyclonic Storm
2021143N15090,2021,YAAS,2021-05-24 09:00:00,16.9,89.6,40.0,988.0,BB,Cyclonic Storm
2021143N15090,2021,YAAS,2021-05-24 12:00:00,17.2,89.4,45.0,986.0,BB,Cyclonic Storm
2021143N15090,2021,YAAS,2021-05-24 15:00:00,17.4,89.2,45.0,986.0,BB,Cyclonic Storm
2021143N15090,2021,YAAS,2021-05-24 18:00:00,17.6,89.0,50.0,984.0,BB,Severe Cyclonic Storm
2021143N15090,2021,YAAS,2021-05-24 21:00:00,17.8,88.9,55.0,982.0,BB,Severe Cyclonic Storm
2021143N15090,2021,YAAS,2021-05-25 00:00:00,18.1,88.6,55.0,980.0,BB,Severe Cyclonic Storm
2021143N15090,2021,YAAS,2021-05-25 03:00:00,18.4,88.4,55.0,980.0,BB,Severe Cyclonic Storm
2021143N15090,2021,YAAS,2021-05-25 06:00:00,18.8,88.2,60.0,978.0,BB,Severe Cyclonic Storm
2021143N15090,2021,YAAS,2021-05-25 09:00:00,19.1,88.2,60.0,978.0,BB,Severe Cyclonic Storm
2021143N15090,2021,YAAS,2021-05-25 12:00:00,19.5,88.2,65.0,976.0,BB,Very Severe Cyclonic Storm
2021143N15090,2021,YAAS,2021-05-25 15:00:00,19.9,88.0,65.0,976.0,BB,Very Severe Cyclonic Storm
2021143N15090,2021,YAAS,2021-05-25 18:00:00,20.3,87.8,70.0,974.0,BB,Very Severe Cyclonic Storm
2021143N15090,2021,YAAS,2021-05-25 21:00:00,20.4,87.7,75.0,970.0,BB,Very Severe Cyclonic Storm
2021143N15090,2021,YAAS,2021-05-26 00:00:00,20.6,87.6,75.0,970.0,BB,Very Severe Cyclonic Storm
2021143N15090,2021,YAAS,2021-05-26 03:00:00,21.1,87.2,75.0,970.0,BB,Very Severe Cyclonic Storm
2021143N15090,2021,YAAS,2021-05-26 06:00:00,21.5,86.9,75.0,970.0,BB,Very Severe Cyclonic Storm
2021143N15090,2021,YAAS,2021-05-26 09:00:00,21.7,86.6,55.0,978.0,BB,Severe Cyclonic Storm
2021143N15090,2021,YAAS,2021-05-26 12:00:00,21.9,86.5,45.0,984.0,BB,Cyclonic Storm
2021143N15090,2021,YAAS,2021-05-26 15:00:00,22.2,86.1,40.0,986.0,BB,Cyclonic Storm
2021143N15090,2021,YAAS,2021-05-26 18:00:00,22.5,85.8,30.0,988.0,BB,Deep Depression
2021143N15090,2021,YAAS,2021-05-26 21:00:00,22.8,85.7,,,BB,Super Cyclonic Storm
2021143N15090,2021,YAAS,2021-05-27 00:00:00,23.1,85.7,30.0,988.0,BB,Deep Depression
2021143N15090,2021,YAAS,2021-05-27 03:00:00,23.3,85.7,30.0,990.0,BB,Deep Depression
2021143N15090,2021,YAAS,2021-05-27 06:00:00,23.6,85.6,25.0,991.0,BB,Depression
2021143N15090,2021,YAAS,2021-05-27 09:00:00,23.9,85.5,,,BB,Super Cyclonic Storm
2021143N15090,2021,YAAS,2021-05-27 12:00:00,24.3,85.3,25.0,992.0,BB,Depression
2021143N15090,2021,YAAS,2021-05-27 15:00:00,24.5,85.1,,,BB,Super Cyclonic Storm
2021143N15090,2021,YAAS,2021-05-27 18:00:00,24.7,84.8,25.0,992.0,BB,Depression
2021256N20087,2021,UNNAMED,2021-09-12 12:00:00,20.3,87.4,25.0,992.0,BB,Depression
2021256N20087,2021,UNNAMED,2021-09-12 15:00:00,20.4,87.2,,,BB,Super Cyclonic Storm
2021256N20087,2021,UNNAMED,2021-09-12 18:00:00,20.4,87.1,25.0,992.0,BB,Depression
2021256N20087,2021,UNNAMED,2021-09-12 21:00:00,20.5,87.1,,,BB,Super Cyclonic Storm
2021256N20087,2021,UNNAMED,2021-09-13 00:00:00,20.6,87.0,30.0,990.0,BB,Deep Depression
2021256N20087,2021,UNNAMED,2021-09-13 03:00:00,20.9,86.5,30.0,990.0,BB,Deep Depression
2021256N20087,2021,UNNAMED,2021-09-13 06:00:00,21.1,86.2,30.0,990.0,BB,Deep Depression
2021256N20087,2021,UNNAMED,2021-09-13 09:00:00,21.3,85.9,,,BB,Super Cyclonic Storm
2021256N20087,2021,UNNAMED,2021-09-13 12:00:00,21.4,85.5,30.0,990.0,BB,Deep Depression
2021256N20087,2021,UNNAMED,2021-09-13 15:00:00,21.5,85.2,,,BB,Super Cyclonic Storm
2021256N20087,2021,UNNAMED,2021-09-13 18:00:00,21.6,84.8,30.0,990.0,BB,Deep Depression
2021256N20087,2021,UNNAMED,2021-09-13 21:00:00,21.8,84.2,,,BB,Super Cyclonic Storm
2021256N20087,2021,UNNAMED,2021-09-14 00:00:00,22.0,83.6,30.0,990.0,BB,Deep Depression
2021256N20087,2021,UNNAMED,2021-09-14 03:00:00,22.1,83.4,25.0,990.0,BB,Depression
2021256N20087,2021,UNNAMED,2021-09-14 06:00:00,22.4,83.0,25.0,990.0,BB,Depression
2021256N20087,2021,UNNAMED,2021-09-14 09:00:00,22.6,82.7,,,BB,Super Cyclonic Storm
2021256N20087,2021,UNNAMED,2021-09-14 12:00:00,22.7,82.5,25.0,996.0,BB,Depression
2021256N20087,2021,UNNAMED,2021-09-14 15:00:00,22.8,82.3,,,BB,Super Cyclonic Storm
2021256N20087,2021,UNNAMED,2021-09-14 18:00:00,23.0,82.0,25.0,996.0,BB,Depression
2021264N13119,2021,DIANMU,2021-09-21 00:00:00,12.9,119.0,,,MM,Super Cyclonic Storm
2021264N13119,2021,DIANMU,2021-09-21 03:00:00,12.4,118.7,,,MM,Super Cyclonic Storm
2021264N13119,2021,DIANMU,2021-09-21 06:00:00,12.0,118.4,,,MM,Super Cyclonic Storm
2021264N13119,2021,DIANMU,2021-09-21 09:00:00,11.8,118.0,,,MM,Super Cyclonic Storm
2021264N13119,2021,DIANMU,2021-09-21 12:00:00,11.7,117.6,,,MM,Super Cyclonic Storm
2021264N13119,2021,DIANMU,2021-09-21 15:00:00,11.7,117.0,,,MM,Super Cyclonic Storm
2021264N13119,2021,DIANMU,2021-09-21 18:00:00,11.7,116.4,,,MM,Super Cyclonic Storm
2021264N13119,2021,DIANMU,2021-09-21 21:00:00,11.8,115.9,,,MM,Super Cyclonic Storm
2021264N13119,2021,DIANMU,2021-09-22 00:00:00,11.9,115.3,,1006.0,MM,Super Cyclonic Storm
2021264N13119,2021,DIANMU,2021-09-22 03:00:00,12.2,114.7,,,MM,Super Cyclonic Storm
2021264N13119,2021,DIANMU,2021-09-22 06:00:00,12.5,114.1,,1006.0,MM,Super Cyclonic Storm
2021264N13119,2021,DIANMU,2021-09-22 09:00:00,12.6,113.7,,,MM,Super Cyclonic Storm
2021264N13119,2021,DIANMU,2021-09-22 12:00:00,12.7,113.5,,1004.0,MM,Super Cyclonic Storm
2021264N13119,2021,DIANMU,2021-09-22 15:00:00,12.9,113.1,,,MM,Super Cyclonic Storm
2021264N13119,2021,DIANMU,2021-09-22 18:00:00,13.2,112.7,,1002.0,MM,Super Cyclonic Storm
2021264N13119,2021,DIANMU,2021-09-22 21:00:00,13.5,112.1,,,MM,Super Cyclonic Storm
2021264N13119,2021,DIANMU,2021-09-23 00:00:00,13.9,111.6,,1002.0,MM,Super Cyclonic Storm
2021264N13119,2021,DIANMU,2021-09-23 03:00:00,14.3,111.0,,,MM,Super Cyclonic Storm
2021264N13119,2021,DIANMU,2021-09-23 06:00:00,14.7,110.5,35.0,1000.0,MM,Cyclonic Storm
2021264N13119,2021,DIANMU,2021-09-23 09:00:00,15.1,109.9,,,MM,Super Cyclonic Storm
2021264N13119,2021,DIANMU,2021-09-23 12:00:00,15.3,109.3,35.0,1000.0,MM,Cyclonic Storm
2021264N13119,2021,DIANMU,2021-09-23 15:00:00,15.4,108.7,,,MM,Super Cyclonic Storm
2021264N13119,2021,DIANMU,2021-09-23 18:00:00,15.6,108.1,,1004.0,MM,Super Cyclonic Storm
2021264N13119,2021,DIANMU,2021-09-23 21:00:00,15.7,107.2,,,MM,Super Cyclonic Storm
2021264N13119,2021,DIANMU,2021-09-24 00:00:00,15.8,106.5,,1004.0,MM,Super Cyclonic Storm
2021264N13119,2021,DIANMU,2021-09-24 03:00:00,16.0,105.9,,,MM,Super Cyclonic Storm
2021264N13119,2021,DIANMU,2021-09-24 06:00:00,16.1,105.4,,1004.0,MM,Super Cyclonic Storm
2021264N13119,2021,DIANMU,2021-09-24 09:00:00,16.2,105.0,,,MM,Super Cyclonic Storm
2021264N13119,2021,DIANMU,2021-09-24 12:00:00,16.3,104.7,,1004.0,MM,Super Cyclonic Storm
2021264N13119,2021,DIANMU,2021-09-24 15:00:00,16.1,104.1,,,MM,Super Cyclonic Storm
2021264N13119,2021,DIANMU,2021-09-24 18:00:00,16.0,103.5,,1004.0,MM,Super Cyclonic Storm
2021264N13119,2021,DIANMU,2021-09-24 21:00:00,16.0,103.0,,,MM,Super Cyclonic Storm
2021264N13119,2021,DIANMU,2021-09-25 00:00:00,16.0,102.6,,1004.0,MM,Super Cyclonic Storm
2021264N13119,2021,DIANMU,2021-09-25 03:00:00,16.0,102.1,,,MM,Super Cyclonic Storm
2021264N13119,2021,DIANMU,2021-09-25 06:00:00,16.0,101.6,,1004.0,MM,Super Cyclonic Storm
2021264N13119,2021,DIANMU,2021-09-25 09:00:00,16.0,101.2,,,MM,Super Cyclonic Storm
2021264N13119,2021,DIANMU,2021-09-25 12:00:00,16.1,101.0,,1002.0,MM,Super Cyclonic Storm
2021264N13119,2021,DIANMU,2021-09-25 15:00:00,16.1,100.7,,,MM,Super Cyclonic Storm
2021264N13119,2021,DIANMU,2021-09-25 18:00:00,16.1,100.4,,1004.0,MM,Super Cyclonic Storm
2021264N13119,2021,DIANMU,2021-09-25 21:00:00,16.1,99.9,,,BB,Super Cyclonic Storm
2021264N13119,2021,DIANMU,2021-09-26 00:00:00,16.1,99.5,,,BB,Super Cyclonic Storm
2021267N18094,2021,GULAB:SHAHEEN-GU,2021-09-23 18:00:00,18.4,94.1,,,BB,Super Cyclonic Storm
2021267N18094,2021,GULAB:SHAHEEN-GU,2021-09-23 21:00:00,18.2,93.7,,,BB,Super Cyclonic Storm
2021267N18094,2021,GULAB:SHAHEEN-GU,2021-09-24 00:00:00,18.1,93.3,,,BB,Super Cyclonic Storm
2021267N18094,2021,GULAB:SHAHEEN-GU,2021-09-24 03:00:00,18.2,92.9,,,BB,Super Cyclonic Storm
2021267N18094,2021,GULAB:SHAHEEN-GU,2021-09-24 06:00:00,18.3,92.4,,,BB,Super Cyclonic Storm
2021267N18094,2021,GULAB:SHAHEEN-GU,2021-09-24 09:00:00,18.3,91.9,,,BB,Super Cyclonic Storm
2021267N18094,2021,GULAB:SHAHEEN-GU,2021-09-24 12:00:00,18.3,91.4,25.0,1000.0,BB,Depression
2021267N18094,2021,GULAB:SHAHEEN-GU,2021-09-24 15:00:00,18.3,90.9,,,BB,Super Cyclonic Storm
2021267N18094,2021,GULAB:SHAHEEN-GU,2021-09-24 18:00:00,18.3,90.5,25.0,1000.0,BB,Depression
2021267N18094,2021,GULAB:SHAHEEN-GU,2021-09-24 21:00:00,18.3,90.1,,,BB,Super Cyclonic Storm
2021267N18094,2021,GULAB:SHAHEEN-GU,2021-09-25 00:00:00,18.3,89.8,30.0,999.0,BB,Deep Depression
2021267N18094,2021,GULAB:SHAHEEN-GU,2021-09-25 03:00:00,18.3,89.4,30.0,998.0,BB,Deep Depression
2021267N18094,2021,GULAB:SHAHEEN-GU,2021-09-25 06:00:00,18.3,88.9,30.0,998.0,BB,Deep Depression
2021267N18094,2021,GULAB:SHAHEEN-GU,2021-09-25 09:00:00,18.3,88.6,,,BB,Super Cyclonic Storm
2021267N18094,2021,GULAB:SHAHEEN-GU,2021-09-25 12:00:00,18.3,88.5,35.0,997.0,BB,Cyclonic Storm
2021267N18094,2021,GULAB:SHAHEEN-GU,2021-09-25 15:00:00,18.2,88.4,35.0,997.0,BB,Cyclonic Storm
2021267N18094,2021,GULAB:SHAHEEN-GU,2021-09-25 18:00:00,18.3,88.2,35.0,996.0,BB,Cyclonic Storm
2021267N18094,2021,GULAB:SHAHEEN-GU,2021-09-25 21:00:00,18.3,87.7,35.0,996.0,BB,Cyclonic Storm
2021267N18094,2021,GULAB:SHAHEEN-GU,2021-09-26 00:00:00,18.3,87.3,40.0,994.0,BB,Cyclonic Storm
2021267N18094,2021,GULAB:SHAHEEN-GU,2021-09-26 03:00:00,18.4,86.5,40.0,994.0,BB,Cyclonic Storm
2021267N18094,2021,GULAB:SHAHEEN-GU,2021-09-26 06:00:00,18.5,86.0,45.0,992.0,BB,Cyclonic Storm
2021267N18094,2021,GULAB:SHAHEEN-GU,2021-09-26 09:00:00,18.4,85.3,45.0,992.0,BB,Cyclonic Storm
2021267N18094,2021,GULAB:SHAHEEN-GU,2021-09-26 12:00:00,18.4,84.6,45.0,992.0,BB,Cyclonic Storm
2021267N18094,2021,GULAB:SHAHEEN-GU,2021-09-26 15:00:00,18.3,83.9,45.0,992.0,BB,Cyclonic Storm
2021267N18094,2021,GULAB:SHAHEEN-GU,2021-09-26 18:00:00,18.3,83.4,35.0,994.0,BB,Cyclonic Storm
2021267N18094,2021,GULAB:SHAHEEN-GU,2021-09-26 21:00:00,18.2,82.9,30.0,996.0,BB,Deep Depression
2021267N18094,2021,GULAB:SHAHEEN-GU,2021-09-27 00:00:00,18.2,82.6,30.0,996.0,BB,Deep Depression
2021267N18094,2021,GULAB:SHAHEEN-GU,2021-09-27 03:00:00,18.2,82.2,30.0,996.0,BB,Deep Depression
2021267N18094,2021,GULAB:SHAHEEN-GU,2021-09-27 06:00:00,18.5,81.7,30.0,996.0,BB,Deep Depression
2021267N18094,2021,GULAB:SHAHEEN-GU,2021-09-27 09:00:00,18.6,80.8,,,BB,Super Cyclonic Storm
2021267N18094,2021,GULAB:SHAHEEN-GU,2021-09-27 12:00:00,18.8,80.0,25.0,998.0,BB,Depression
2021267N18094,2021,GULAB:SHAHEEN-GU,2021-09-27 15:00:00,18.9,79.5,,,BB,Super Cyclonic Storm
2021267N18094,2021,GULAB:SHAHEEN-GU,2021-09-27 18:00:00,19.1,79.2,25.0,998.0,BB,Depression
2021267N18094,2021,GULAB:SHAHEEN-GU,2021-09-27 21:00:00,19.2,78.8,,,BB,Super Cyclonic Storm
2021267N18094,2021,GULAB:SHAHEEN-GU,2021-09-28 00:00:00,19.5,78.3,25.0,998.0,BB,Depression
2021267N18094,2021,GULAB:SHAHEEN-GU,2021-09-28 03:00:00,19.8,77.8,20.0,999.0,AS,Depression
2021267N18094,2021,GULAB:SHAHEEN-GU,2021-09-28 06:00:00,20.1,77.5,,,AS,Super Cyclonic Storm
2021267N18094,2021,GULAB:SHAHEEN-GU,2021-09-28 09:00:00,20.3,77.0,,,AS,Super Cyclonic Storm
2021267N18094,2021,GULAB:SHAHEEN-GU,2021-09-28 12:00:00,20.5,76.5,,,AS,Super Cyclonic Storm
2021267N18094,2021,GULAB:SHAHEEN-GU,2021-09-28 15:00:00,20.7,75.9,,,AS,Super Cyclonic Storm
2021267N18094,2021,GULAB:SHAHEEN-GU,2021-09-28 18:00:00,20.9,75.3,,,AS,Super Cyclonic Storm
2021267N18094,2021,GULAB:SHAHEEN-GU,2021-09-28 21:00:00,21.2,74.7,,,AS,Super Cyclonic Storm
2021267N18094,2021,GULAB:SHAHEEN-GU,2021-09-29 00:00:00,21.5,74.1,,,AS,Super Cyclonic Storm
2021267N18094,2021,GULAB:SHAHEEN-GU,2021-09-29 03:00:00,21.9,73.3,,,AS,Super Cyclonic Storm
2021267N18094,2021,GULAB:SHAHEEN-GU,2021-09-29 06:00:00,22.2,72.6,,,AS,Super Cyclonic Storm
2021267N18094,2021,GULAB:SHAHEEN-GU,2021-09-29 09:00:00,22.4,72.0,,,AS,Super Cyclonic Storm
2021267N18094,2021,GULAB:SHAHEEN-GU,2021-09-29 12:00:00,22.6,71.5,,,AS,Super Cyclonic Storm
2021267N18094,2021,GULAB:SHAHEEN-GU,2021-09-29 15:00:00,22.7,70.8,,,AS,Super Cyclonic Storm
2021267N18094,2021,GULAB:SHAHEEN-GU,2021-09-29 18:00:00,22.7,70.1,,,AS,Super Cyclonic Storm
2021267N18094,2021,GULAB:SHAHEEN-GU,2021-09-29 21:00:00,22.7,69.6,,,AS,Super Cyclonic Storm
2021267N18094,2021,GULAB:SHAHEEN-GU,2021-09-30 00:00:00,22.6,69.3,25.0,998.0,AS,Depression
2021267N18094,2021,GULAB:SHAHEEN-GU,2021-09-30 03:00:00,22.6,68.7,25.0,998.0,AS,Depression
2021267N18094,2021,GULAB:SHAHEEN-GU,2021-09-30 06:00:00,22.6,68.3,25.0,998.0,AS,Depression
2021267N18094,2021,GULAB:SHAHEEN-GU,2021-09-30 09:00:00,22.8,67.7,,,AS,Super Cyclonic Storm
2021267N18094,2021,GULAB:SHAHEEN-GU,2021-09-30 12:00:00,22.9,67.2,25.0,998.0,AS,Depression
2021267N18094,2021,GULAB:SHAHEEN-GU,2021-09-30 15:00:00,22.9,66.8,,,AS,Super Cyclonic Storm
2021267N18094,2021,GULAB:SHAHEEN-GU,2021-09-30 18:00:00,23.0,66.4,30.0,996.0,AS,Deep Depression
2021267N18094,2021,GULAB:SHAHEEN-GU,2021-09-30 21:00:00,23.0,65.9,,,AS,Super Cyclonic Storm
2021267N18094,2021,GULAB:SHAHEEN-GU,2021-10-01 00:00:00,23.1,65.4,35.0,995.0,AS,Cyclonic Storm
2021267N18094,2021,GULAB:SHAHEEN-GU,2021-10-01 03:00:00,23.1,64.9,40.0,994.0,AS,Cyclonic Storm
2021267N18094,2021,GULAB:SHAHEEN-GU,2021-10-01 06:00:00,23.2,64.6,45.0,992.0,AS,Cyclonic Storm
2021267N18094,2021,GULAB:SHAHEEN-GU,2021-10-01 09:00:00,23.3,64.2,45.0,991.0,AS,Cyclonic Storm
2021267N18094,2021,GULAB:SHAHEEN-GU,2021-10-01 12:00:00,23.5,63.9,55.0,987.0,AS,Severe Cyclonic Storm
2021267N18094,2021,GULAB:SHAHEEN-GU,2021-10-01 15:00:00,23.6,63.5,55.0,986.0,AS,Severe Cyclonic Storm
2021267N18094,2021,GULAB:SHAHEEN-GU,2021-10-01 18:00:00,23.7,63.2,60.0,984.0,AS,Severe Cyclonic Storm
2021267N18094,2021,GULAB:SHAHEEN-GU,2021-10-01 21:00:00,23.8,62.8,60.0,984.0,AS,Severe Cyclonic Storm
2021267N18094,2021,GULAB:SHAHEEN-GU,2021-10-02 00:00:00,23.8,62.5,60.0,984.0,AS,Severe Cyclonic Storm
2021267N18094,2021,GULAB:SHAHEEN-GU,2021-10-02 03:00:00,24.0,62.1,60.0,984.0,AS,Severe Cyclonic Storm
2021267N18094,2021,GULAB:SHAHEEN-GU,2021-10-02 06:00:00,24.1,61.7,60.0,984.0,AS,Severe Cyclonic Storm
2021267N18094,2021,GULAB:SHAHEEN-GU,2021-10-02 09:00:00,24.2,61.3,60.0,984.0,AS,Severe Cyclonic Storm
2021267N18094,2021,GULAB:SHAHEEN-GU,2021-10-02 12:00:00,24.4,60.9,60.0,984.0,AS,Severe Cyclonic Storm
2021267N18094,2021,GULAB:SHAHEEN-GU,2021-10-02 15:00:00,24.4,60.5,60.0,984.0,AS,Severe Cyclonic Storm
2021267N18094,2021,GULAB:SHAHEEN-GU,2021-10-02 18:00:00,24.3,60.1,60.0,984.0,AS,Severe Cyclonic Storm
2021267N18094,2021,GULAB:SHAHEEN-GU,2021-10-02 21:00:00,24.3,59.7,60.0,984.0,AS,Severe Cyclonic Storm
2021267N18094,2021,GULAB:SHAHEEN-GU,2021-10-03 00:00:00,24.2,59.5,60.0,984.0,AS,Severe Cyclonic Storm
2021267N18094,2021,GULAB:SHAHEEN-GU,2021-10-03 03:00:00,24.1,59.1,60.0,984.0,AS,Severe Cyclonic Storm
2021267N18094,2021,GULAB:SHAHEEN-GU,2021-10-03 06:00:00,24.1,58.8,60.0,984.0,AS,Severe Cyclonic Storm
2021267N18094,2021,GULAB:SHAHEEN-GU,2021-10-03 09:00:00,24.1,58.4,60.0,984.0,AS,Severe Cyclonic Storm
2021267N18094,2021,GULAB:SHAHEEN-GU,2021-10-03 12:00:00,24.0,58.1,60.0,984.0,AS,Severe Cyclonic Storm
2021267N18094,2021,GULAB:SHAHEEN-GU,2021-10-03 15:00:00,24.0,57.8,60.0,984.0,AS,Severe Cyclonic Storm
2021267N18094,2021,GULAB:SHAHEEN-GU,2021-10-03 18:00:00,23.9,57.6,55.0,986.0,AS,Severe Cyclonic Storm
2021267N18094,2021,GULAB:SHAHEEN-GU,2021-10-03 21:00:00,23.8,57.3,55.0,988.0,AS,Severe Cyclonic Storm
2021267N18094,2021,GULAB:SHAHEEN-GU,2021-10-04 00:00:00,23.7,56.9,40.0,994.0,AS,Cyclonic Storm
2021267N18094,2021,GULAB:SHAHEEN-GU,2021-10-04 03:00:00,23.5,56.5,30.0,998.0,AS,Deep Depression
2021267N18094,2021,GULAB:SHAHEEN-GU,2021-10-04 06:00:00,23.4,56.1,20.0,1000.0,AS,Depression
2021280N14068,2021,UNNAMED,2021-10-07 03:00:00,14.0,67.5,25.0,1002.0,AS,Depression
2021280N14068,2021,UNNAMED,2021-10-07 06:00:00,14.2,67.2,25.0,1002.0,AS,Depression
2021280N14068,2021,UNNAMED,2021-10-07 09:00:00,14.3,67.1,,,AS,Super Cyclonic Storm
2021280N14068,2021,UNNAMED,2021-10-07 12:00:00,14.3,67.0,25.0,1002.0,AS,Depression
2021280N14068,2021,UNNAMED,2021-10-07 15:00:00,14.4,66.9,,,AS,Super Cyclonic Storm
2021280N14068,2021,UNNAMED,2021-10-07 18:00:00,14.5,66.8,25.0,1002.0,AS,Depression
2021280N14068,2021,UNNAMED,2021-10-07 21:00:00,14.5,66.7,,,AS,Super Cyclonic Storm
2021280N14068,2021,UNNAMED,2021-10-08 00:00:00,14.6,66.6,25.0,1002.0,AS,Depression
2021280N14068,2021,UNNAMED,2021-10-08 03:00:00,14.7,66.4,25.0,1002.0,AS,Depression
2021280N14068,2021,UNNAMED,2021-10-08 06:00:00,14.7,66.2,25.0,1002.0,AS,Depression
2021280N14068,2021,UNNAMED,2021-10-08 09:00:00,14.7,66.0,,,AS,Super Cyclonic Storm
2021280N14068,2021,UNNAMED,2021-10-08 12:00:00,14.6,65.9,25.0,1003.0,AS,Depression
2021280N14068,2021,UNNAMED,2021-10-08 15:00:00,14.5,65.8,,,AS,Super Cyclonic Storm
2021280N14068,2021,UNNAMED,2021-10-08 18:00:00,14.5,65.8,25.0,1003.0,AS,Depression
2021312N07090,2021,UNNAMED,2021-11-08 06:00:00,7.4,90.1,,,BB,Super Cyclonic Storm
2021312N07090,2021,UNNAMED,2021-11-08 09:00:00,7.7,89.8,,,BB,Super Cyclonic Storm
2021312N07090,2021,UNNAMED,2021-11-08 12:00:00,8.0,89.4,,,BB,Super Cyclonic Storm
2021312N07090,2021,UNNAMED,2021-11-08 15:00:00,8.1,89.0,,,BB,Super Cyclonic Storm
2021312N07090,2021,UNNAMED,2021-11-08 18:00:00,8.2,88.6,,,BB,Super Cyclonic Storm
2021312N07090,2021,UNNAMED,2021-11-08 21:00:00,8.4,88.2,,,BB,Super Cyclonic Storm
2021312N07090,2021,UNNAMED,2021-11-09 00:00:00,8.5,87.9,,,BB,Super Cyclonic Storm
2021312N07090,2021,UNNAMED,2021-11-09 03:00:00,8.6,87.8,,,BB,Super Cyclonic Storm
2021312N07090,2021,UNNAMED,2021-11-09 06:00:00,8.7,87.8,,,BB,Super Cyclonic Storm
2021312N07090,2021,UNNAMED,2021-11-09 09:00:00,8.8,87.7,,,BB,Super Cyclonic Storm
2021312N07090,2021,UNNAMED,2021-11-09 12:00:00,9.0,87.5,,,BB,Super Cyclonic Storm
2021312N07090,2021,UNNAMED,2021-11-09 15:00:00,9.3,87.3,,,BB,Super Cyclonic Storm
2021312N07090,2021,UNNAMED,2021-11-09 18:00:00,9.6,86.9,,,BB,Super Cyclonic Storm
2021312N07090,2021,UNNAMED,2021-11-09 21:00:00,9.8,86.5,,,BB,Super Cyclonic Storm
2021312N07090,2021,UNNAMED,2021-11-10 00:00:00,9.9,85.9,,,BB,Super Cyclonic Storm
2021312N07090,2021,UNNAMED,2021-11-10 03:00:00,10.1,85.1,,,BB,Super Cyclonic Storm
2021312N07090,2021,UNNAMED,2021-11-10 06:00:00,10.3,84.2,,,BB,Super Cyclonic Storm
2021312N07090,2021,UNNAMED,2021-11-10 09:00:00,10.5,83.5,,,BB,Super Cyclonic Storm
2021312N07090,2021,UNNAMED,2021-11-10 12:00:00,10.8,83.1,25.0,1000.0,BB,Depression
2021312N07090,2021,UNNAMED,2021-11-10 15:00:00,11.4,82.6,,,BB,Super Cyclonic Storm
2021312N07090,2021,UNNAMED,2021-11-10 18:00:00,11.9,82.1,25.0,1000.0,BB,Depression
2021312N07090,2021,UNNAMED,2021-11-10 21:00:00,12.1,81.8,,,BB,Super Cyclonic Storm
2021312N07090,2021,UNNAMED,2021-11-11 00:00:00,12.3,81.6,25.0,1000.0,BB,Depression
2021312N07090,2021,UNNAMED,2021-11-11 03:00:00,12.5,81.2,25.0,1000.0,BB,Depression
2021312N07090,2021,UNNAMED,2021-11-11 06:00:00,12.8,80.8,25.0,1000.0,BB,Depression
2021312N07090,2021,UNNAMED,2021-11-11 09:00:00,12.9,80.4,,,BB,Super Cyclonic Storm
2021312N07090,2021,UNNAMED,2021-11-11 12:00:00,13.0,80.1,25.0,1000.0,BB,Depression
2021312N07090,2021,UNNAMED,2021-11-11 15:00:00,12.9,79.4,,,BB,Super Cyclonic Storm
2021312N07090,2021,UNNAMED,2021-11-11 18:00:00,12.9,78.5,20.0,1000.0,BB,Depression
2021322N11082,2021,UNNAMED,2021-11-18 03:00:00,11.0,82.3,25.0,1000.0,BB,Depression
2021322N11082,2021,UNNAMED,2021-11-18 06:00:00,11.2,81.7,25.0,1000.0,BB,Depression
2021322N11082,2021,UNNAMED,2021-11-18 09:00:00,11.5,81.2,,,BB,Super Cyclonic Storm
2021322N11082,2021,UNNAMED,2021-11-18 12:00:00,11.8,80.9,25.0,1000.0,BB,Depression
2021322N11082,2021,UNNAMED,2021-11-18 15:00:00,12.0,80.7,,,BB,Super Cyclonic Storm
2021322N11082,2021,UNNAMED,2021-11-18 18:00:00,12.2,80.5,25.0,1000.0,BB,Depression
2021322N11082,2021,UNNAMED,2021-11-18 21:00:00,12.3,80.3,,,BB,Super Cyclonic Storm
2021322N11082,2021,UNNAMED,2021-11-19 00:00:00,12.5,80.0,25.0,1000.0,BB,Depression
2021322N11082,2021,UNNAMED,2021-11-19 03:00:00,12.7,79.7,20.0,1002.0,BB,Depression
2021335N08096,2021,JAWAD,2021-11-30 18:00:00,8.4,96.3,,,BB,Super Cyclonic Storm
2021335N08096,2021,JAWAD,2021-11-30 21:00:00,8.0,96.1,,,BB,Super Cyclonic Storm
2021335N08096,2021,JAWAD,2021-12-01 00:00:00,7.8,95.7,,,BB,Super Cyclonic Storm
2021335N08096,2021,JAWAD,2021-12-01 03:00:00,7.8,94.9,,,BB,Super Cyclonic Storm
2021335N08096,2021,JAWAD,2021-12-01 06:00:00,8.0,94.0,,,BB,Super Cyclonic Storm
2021335N08096,2021,JAWAD,2021-12-01 09:00:00,8.1,93.4,,,BB,Super Cyclonic Storm
2021335N08096,2021,JAWAD,2021-12-01 12:00:00,8.2,92.9,,,BB,Super Cyclonic Storm
2021335N08096,2021,JAWAD,2021-12-01 15:00:00,8.5,92.3,,,BB,Super Cyclonic Storm
2021335N08096,2021,JAWAD,2021-12-01 18:00:00,8.9,91.8,,,BB,Super Cyclonic Storm
2021335N08096,2021,JAWAD,2021-12-01 21:00:00,9.2,91.3,,,BB,Super Cyclonic Storm
2021335N08096,2021,JAWAD,2021-12-02 00:00:00,9.6,90.8,,,BB,Super Cyclonic Storm
2021335N08096,2021,JAWAD,2021-12-02 03:00:00,10.0,90.1,,,BB,Super Cyclonic Storm
2021335N08096,2021,JAWAD,2021-12-02 06:00:00,10.5,89.3,,,BB,Super Cyclonic Storm
2021335N08096,2021,JAWAD,2021-12-02 09:00:00,11.0,88.7,,,BB,Super Cyclonic Storm
2021335N08096,2021,JAWAD,2021-12-02 12:00:00,11.4,88.4,25.0,1004.0,BB,Depression
2021335N08096,2021,JAWAD,2021-12-02 15:00:00,11.8,87.9,,,BB,Super Cyclonic Storm
2021335N08096,2021,JAWAD,2021-12-02 18:00:00,12.2,87.3,25.0,1004.0,BB,Depression
2021335N08096,2021,JAWAD,2021-12-02 21:00:00,12.9,86.7,,,BB,Super Cyclonic Storm
2021335N08096,2021,JAWAD,2021-12-03 00:00:00,13.6,86.2,30.0,1002.0,BB,Deep Depression
2021335N08096,2021,JAWAD,2021-12-03 03:00:00,14.0,85.9,30.0,1002.0,BB,Deep Depression
2021335N08096,2021,JAWAD,2021-12-03 06:00:00,14.4,85.6,35.0,1001.0,BB,Cyclonic Storm
2021335N08096,2021,JAWAD,2021-12-03 09:00:00,14.7,85.3,35.0,1001.0,BB,Cyclonic Storm
2021335N08096,2021,JAWAD,2021-12-03 12:00:00,15.0,85.1,40.0,1000.0,BB,Cyclonic Storm
2021335N08096,2021,JAWAD,2021-12-03 15:00:00,15.2,85.0,40.0,1000.0,BB,Cyclonic Storm
2021335N08096,2021,JAWAD,2021-12-03 18:00:00,15.5,84.9,40.0,1000.0,BB,Cyclonic Storm
2021335N08096,2021,JAWAD,2021-12-03 21:00:00,15.7,84.9,40.0,1000.0,BB,Cyclonic Storm
2021335N08096,2021,JAWAD,2021-12-04 00:00:00,16.0,84.8,40.0,1000.0,BB,Cyclonic Storm
2021335N08096,2021,JAWAD,2021-12-04 03:00:00,16.2,84.8,40.0,1000.0,BB,Cyclonic Storm
2021335N08096,2021,JAWAD,2021-12-04 06:00:00,16.3,84.9,35.0,1001.0,BB,Cyclonic Storm
2021335N08096,2021,JAWAD,2021-12-04 09:00:00,16.5,84.9,35.0,1001.0,BB,Cyclonic Storm
2021335N08096,2021,JAWAD,2021-12-04 12:00:00,16.8,85.1,30.0,1002.0,BB,Deep Depression
2021335N08096,2021,JAWAD,2021-12-04 15:00:00,17.1,85.1,,,BB,Super Cyclonic Storm
2021335N08096,2021,JAWAD,2021-12-04 18:00:00,17.3,85.3,30.0,1002.0,BB,Deep Depression
2021335N08096,2021,JAWAD,2021-12-04 21:00:00,17.4,85.4,,,BB,Super Cyclonic Storm
2021335N08096,2021,JAWAD,2021-12-05 00:00:00,17.7,85.7,30.0,1002.0,BB,Deep Depression
2021335N08096,2021,JAWAD,2021-12-05 03:00:00,18.3,85.8,30.0,1003.0,BB,Deep Depression
2021335N08096,2021,JAWAD,2021-12-05 06:00:00,18.7,86.1,30.0,1003.0,BB,Deep Depression
2021335N08096,2021,JAWAD,2021-12-05 09:00:00,19.0,86.3,25.0,1004.0,BB,Depression
2021335N08096,2021,JAWAD,2021-12-05 12:00:00,19.5,86.7,25.0,1004.0,BB,Depression
2021335N08096,2021,JAWAD,2021-12-05 15:00:00,20.0,87.0,,,BB,Super Cyclonic Storm
2021335N08096,2021,JAWAD,2021-12-05 18:00:00,20.7,87.2,25.0,1004.0,BB,Depression
2021335N08096,2021,JAWAD,2021-12-05 21:00:00,21.2,87.4,,,BB,Super Cyclonic Storm
2021335N08096,2021,JAWAD,2021-12-06 00:00:00,21.5,87.7,,,BB,Super Cyclonic Storm
2021335N08096,2021,JAWAD,2021-12-06 03:00:00,21.9,88.1,,,BB,Super Cyclonic Storm
2021335N08096,2021,JAWAD,2021-12-06 06:00:00,22.3,88.5,,,BB,Super Cyclonic Storm
2022062N06085,2022,UNNAMED,2022-03-03 00:00:00,6.5,84.9,25.0,1004.0,BB,Depression
2022062N06085,2022,UNNAMED,2022-03-03 03:00:00,6.5,84.4,25.0,1004.0,BB,Depression
2022062N06085,2022,UNNAMED,2022-03-03 06:00:00,6.8,84.0,25.0,1004.0,BB,Depression
2022062N06085,2022,UNNAMED,2022-03-03 09:00:00,7.2,83.8,,,BB,Super Cyclonic Storm
2022062N06085,2022,UNNAMED,2022-03-03 12:00:00,7.7,83.7,25.0,1004.0,BB,Depression
2022062N06085,2022,UNNAMED,2022-03-03 15:00:00,8.0,83.5,,,BB,Super Cyclonic Storm
2022062N06085,2022,UNNAMED,2022-03-03 18:00:00,8.2,83.4,25.0,1004.0,BB,Depression
2022062N06085,2022,UNNAMED,2022-03-03 21:00:00,8.4,83.2,,,BB,Super Cyclonic Storm
2022062N06085,2022,UNNAMED,2022-03-04 00:00:00,8.7,83.2,25.0,1004.0,BB,Depression
2022062N06085,2022,UNNAMED,2022-03-04 03:00:00,9.1,83.1,25.0,1004.0,BB,Depression
2022062N06085,2022,UNNAMED,2022-03-04 06:00:00,9.5,83.1,25.0,1003.0,BB,Depression
2022062N06085,2022,UNNAMED,2022-03-04 09:00:00,9.9,83.1,,,BB,Super Cyclonic Storm
2022062N06085,2022,UNNAMED,2022-03-04 12:00:00,10.3,83.2,30.0,1002.0,BB,Deep Depression
2022062N06085,2022,UNNAMED,2022-03-04 15:00:00,10.6,83.3,,,BB,Super Cyclonic Storm
2022062N06085,2022,UNNAMED,2022-03-04 18:00:00,10.9,83.4,30.0,1002.0,BB,Deep Depression
2022062N06085,2022,UNNAMED,2022-03-04 21:00:00,11.1,83.3,,,BB,Super Cyclonic Storm
2022062N06085,2022,UNNAMED,2022-03-05 00:00:00,11.3,83.3,30.0,1002.0,BB,Deep Depression
2022062N06085,2022,UNNAMED,2022-03-05 03:00:00,11.5,83.2,30.0,1002.0,BB,Deep Depression
2022062N06085,2022,UNNAMED,2022-03-05 06:00:00,11.6,83.1,30.0,1002.0,BB,Deep Depression
2022062N06085,2022,UNNAMED,2022-03-05 09:00:00,11.6,83.1,,,BB,Super Cyclonic Storm
2022062N06085,2022,UNNAMED,2022-03-05 12:00:00,11.5,83.0,30.0,1002.0,BB,Deep Depression
2022062N06085,2022,UNNAMED,2022-03-05 15:00:00,11.4,82.8,,,BB,Super Cyclonic Storm
2022062N06085,2022,UNNAMED,2022-03-05 18:00:00,11.3,82.7,25.0,1003.0,BB,Depression
2022062N06085,2022,UNNAMED,2022-03-05 21:00:00,11.1,82.6,,,BB,Super Cyclonic Storm
2022062N06085,2022,UNNAMED,2022-03-06 00:00:00,11.0,82.4,25.0,1004.0,BB,Depression
2022062N06085,2022,UNNAMED,2022-03-06 03:00:00,10.9,82.1,,,BB,Super Cyclonic Storm
2022062N06085,2022,UNNAMED,2022-03-06 06:00:00,10.9,81.8,,,BB,Super Cyclonic Storm
2022062N06085,2022,UNNAMED,2022-03-06 09:00:00,10.9,81.4,,,BB,Super Cyclonic Storm
2022062N06085,2022,UNNAMED,2022-03-06 12:00:00,10.8,81.0,,,BB,Super Cyclonic Storm
2022062N06085,2022,UNNAMED,2022-03-06 15:00:00,10.8,80.6,,,BB,Super Cyclonic Storm
2022062N06085,2022,UNNAMED,2022-03-06 18:00:00,10.7,80.3,,,BB,Super Cyclonic Storm
2022079N10093,2022,UNNAMED,2022-03-20 00:00:00,9.8,92.5,25.0,1002.0,BB,Depression
2022079N10093,2022,UNNAMED,2022-03-20 03:00:00,10.1,92.6,25.0,1002.0,BB,Depression
2022079N10093,2022,UNNAMED,2022-03-20 06:00:00,10.4,92.9,25.0,1002.0,BB,Depression
2022079N10093,2022,UNNAMED,2022-03-20 09:00:00,10.7,93.1,,,BB,Super Cyclonic Storm
2022079N10093,2022,UNNAMED,2022-03-20 12:00:00,10.9,93.2,25.0,1002.0,BB,Depression
2022079N10093,2022,UNNAMED,2022-03-20 15:00:00,11.1,93.3,,,BB,Super Cyclonic Storm
2022079N10093,2022,UNNAMED,2022-03-20 18:00:00,11.3,93.4,25.0,1001.0,BB,Depression
2022079N10093,2022,UNNAMED,2022-03-20 21:00:00,11.6,93.6,,,BB,Super Cyclonic Storm
2022079N10093,2022,UNNAMED,2022-03-21 00:00:00,11.9,93.7,30.0,1000.0,BB,Deep Depression
2022079N10093,2022,UNNAMED,2022-03-21 03:00:00,12.3,93.8,30.0,1000.0,BB,Deep Depression
2022079N10093,2022,UNNAMED,2022-03-21 06:00:00,12.6,93.9,30.0,1000.0,BB,Deep Depression
2022079N10093,2022,UNNAMED,2022-03-21 09:00:00,12.9,94.0,,,BB,Super Cyclonic Storm
2022079N10093,2022,UNNAMED,2022-03-21 12:00:00,13.3,94.0,30.0,1000.0,BB,Deep Depression
2022079N10093,2022,UNNAMED,2022-03-21 15:00:00,13.6,94.0,,,BB,Super Cyclonic Storm
2022079N10093,2022,UNNAMED,2022-03-21 18:00:00,14.0,94.0,30.0,1000.0,BB,Deep Depression
2022079N10093,2022,UNNAMED,2022-03-21 21:00:00,14.5,94.1,,,BB,Super Cyclonic Storm
2022079N10093,2022,UNNAMED,2022-03-22 00:00:00,14.9,94.2,30.0,1000.0,BB,Deep Depression
2022079N10093,2022,UNNAMED,2022-03-22 03:00:00,15.2,94.2,30.0,1000.0,BB,Deep Depression
2022079N10093,2022,UNNAMED,2022-03-22 06:00:00,15.8,94.2,30.0,1000.0,BB,Deep Depression
2022079N10093,2022,UNNAMED,2022-03-22 09:00:00,16.3,94.3,30.0,1000.0,BB,Deep Depression
2022079N10093,2022,UNNAMED,2022-03-22 12:00:00,16.6,94.4,25.0,1001.0,BB,Depression
2022079N10093,2022,UNNAMED,2022-03-22 15:00:00,17.0,94.5,,,BB,Super Cyclonic Storm
2022079N10093,2022,UNNAMED,2022-03-22 18:00:00,17.6,94.5,25.0,1002.0,BB,Depression
2022079N10093,2022,UNNAMED,2022-03-22 21:00:00,18.3,94.5,,,BB,Super Cyclonic Storm
2022079N10093,2022,UNNAMED,2022-03-23 00:00:00,19.0,94.6,20.0,1003.0,BB,Depression
2022126N07095,2022,ASANI,2022-05-05 12:00:00,7.1,94.5,,,BB,Super Cyclonic Storm
2022126N07095,2022,ASANI,2022-05-05 15:00:00,7.2,94.2,,,BB,Super Cyclonic Storm
2022126N07095,2022,ASANI,2022-05-05 18:00:00,7.4,94.0,,,BB,Super Cyclonic Storm
2022126N07095,2022,ASANI,2022-05-05 21:00:00,7.6,93.8,,,BB,Super Cyclonic Storm
2022126N07095,2022,ASANI,2022-05-06 00:00:00,7.7,93.6,,,BB,Super Cyclonic Storm
2022126N07095,2022,ASANI,2022-05-06 03:00:00,7.8,93.4,,,BB,Super Cyclonic Storm
2022126N07095,2022,ASANI,2022-05-06 06:00:00,7.9,93.3,,,BB,Super Cyclonic Storm
2022126N07095,2022,ASANI,2022-05-06 09:00:00,8.0,93.1,,,BB,Super Cyclonic Storm
2022126N07095,2022,ASANI,2022-05-06 12:00:00,8.2,92.9,,,BB,Super Cyclonic Storm
2022126N07095,2022,ASANI,2022-05-06 15:00:00,8.3,92.7,,,BB,Super Cyclonic Storm
2022126N07095,2022,ASANI,2022-05-06 18:00:00,8.5,92.4,,,BB,Super Cyclonic Storm
2022126N07095,2022,ASANI,2022-05-06 21:00:00,8.9,91.9,,,BB,Super Cyclonic Storm
2022126N07095,2022,ASANI,2022-05-07 00:00:00,9.2,91.5,,,BB,Super Cyclonic Storm
2022126N07095,2022,ASANI,2022-05-07 03:00:00,9.3,91.3,,,BB,Super Cyclonic Storm
2022126N07095,2022,ASANI,2022-05-07 06:00:00,9.4,91.2,25.0,996.0,BB,Depression
2022126N07095,2022,ASANI,2022-05-07 09:00:00,9.7,90.8,,,BB,Super Cyclonic Storm
2022126N07095,2022,ASANI,2022-05-07 12:00:00,10.1,90.5,30.0,995.0,BB,Deep Depression
2022126N07095,2022,ASANI,2022-05-07 15:00:00,10.4,90.2,,,BB,Super Cyclonic Storm
2022126N07095,2022,ASANI,2022-05-07 18:00:00,10.7,90.0,30.0,994.0,BB,Deep Depression
2022126N07095,2022,ASANI,2022-05-07 21:00:00,10.9,89.6,,,BB,Super Cyclonic Storm
2022126N07095,2022,ASANI,2022-05-08 00:00:00,11.2,89.3,35.0,992.0,BB,Cyclonic Storm
2022126N07095,2022,ASANI,2022-05-08 03:00:00,11.5,88.9,40.0,990.0,BB,Cyclonic Storm
2022126N07095,2022,ASANI,2022-05-08 06:00:00,11.9,88.6,45.0,988.0,BB,Cyclonic Storm
2022126N07095,2022,ASANI,2022-05-08 09:00:00,12.1,88.2,45.0,988.0,BB,Cyclonic Storm
2022126N07095,2022,ASANI,2022-05-08 12:00:00,12.5,88.0,50.0,986.0,BB,Severe Cyclonic Storm
2022126N07095,2022,ASANI,2022-05-08 15:00:00,12.8,87.6,50.0,986.0,BB,Severe Cyclonic Storm
2022126N07095,2022,ASANI,2022-05-08 18:00:00,13.1,87.4,55.0,984.0,BB,Severe Cyclonic Storm
2022126N07095,2022,ASANI,2022-05-08 21:00:00,13.5,86.9,55.0,984.0,BB,Severe Cyclonic Storm
2022126N07095,2022,ASANI,2022-05-09 00:00:00,13.8,86.5,55.0,983.0,BB,Severe Cyclonic Storm
2022126N07095,2022,ASANI,2022-05-09 03:00:00,14.0,86.2,55.0,982.0,BB,Severe Cyclonic Storm
2022126N07095,2022,ASANI,2022-05-09 06:00:00,14.3,85.9,55.0,982.0,BB,Severe Cyclonic Storm
2022126N07095,2022,ASANI,2022-05-09 09:00:00,14.4,85.6,55.0,982.0,BB,Severe Cyclonic Storm
2022126N07095,2022,ASANI,2022-05-09 12:00:00,14.6,85.3,55.0,982.0,BB,Severe Cyclonic Storm
2022126N07095,2022,ASANI,2022-05-09 15:00:00,14.7,85.0,55.0,982.0,BB,Severe Cyclonic Storm
2022126N07095,2022,ASANI,2022-05-09 18:00:00,14.8,84.7,55.0,982.0,BB,Severe Cyclonic Storm
2022126N07095,2022,ASANI,2022-05-09 21:00:00,14.9,84.4,55.0,982.0,BB,Severe Cyclonic Storm
2022126N07095,2022,ASANI,2022-05-10 00:00:00,15.0,84.1,55.0,982.0,BB,Severe Cyclonic Storm
2022126N07095,2022,ASANI,2022-05-10 03:00:00,15.1,83.6,55.0,984.0,BB,Severe Cyclonic Storm
2022126N07095,2022,ASANI,2022-05-10 06:00:00,15.2,83.3,55.0,984.0,BB,Severe Cyclonic Storm
2022126N07095,2022,ASANI,2022-05-10 09:00:00,15.2,82.9,55.0,984.0,BB,Severe Cyclonic Storm
2022126N07095,2022,ASANI,2022-05-10 12:00:00,15.4,82.6,50.0,984.0,BB,Severe Cyclonic Storm
2022126N07095,2022,ASANI,2022-05-10 15:00:00,15.4,82.2,50.0,985.0,BB,Severe Cyclonic Storm
2022126N07095,2022,ASANI,2022-05-10 18:00:00,15.6,82.0,50.0,986.0,BB,Severe Cyclonic Storm
2022126N07095,2022,ASANI,2022-05-10 21:00:00,15.7,81.8,45.0,986.0,BB,Cyclonic Storm
2022126N07095,2022,ASANI,2022-05-11 00:00:00,15.8,81.7,45.0,988.0,BB,Cyclonic Storm
2022126N07095,2022,ASANI,2022-05-11 03:00:00,15.9,81.6,45.0,988.0,BB,Cyclonic Storm
2022126N07095,2022,ASANI,2022-05-11 06:00:00,16.0,81.5,40.0,990.0,BB,Cyclonic Storm
2022126N07095,2022,ASANI,2022-05-11 09:00:00,16.0,81.4,40.0,990.0,BB,Cyclonic Storm
2022126N07095,2022,ASANI,2022-05-11 12:00:00,16.1,81.3,30.0,992.0,BB,Deep Depression
2022126N07095,2022,ASANI,2022-05-11 15:00:00,16.0,81.1,30.0,993.0,BB,Deep Depression
2022126N07095,2022,ASANI,2022-05-11 18:00:00,15.9,80.9,30.0,994.0,BB,Deep Depression
2022126N07095,2022,ASANI,2022-05-11 21:00:00,15.8,80.6,,,BB,Super Cyclonic Storm
2022126N07095,2022,ASANI,2022-05-12 00:00:00,15.6,80.4,25.0,996.0,BB,Depression
2022126N07095,2022,ASANI,2022-05-12 03:00:00,15.2,80.2,,,BB,Super Cyclonic Storm
2022126N07095,2022,ASANI,2022-05-12 06:00:00,15.1,80.1,,,BB,Super Cyclonic Storm
2022126N07095,2022,ASANI,2022-05-12 09:00:00,15.0,80.1,,,BB,Super Cyclonic Storm
2022126N07095,2022,ASANI,2022-05-12 12:00:00,15.0,80.2,,,BB,Super Cyclonic Storm
2022126N07095,2022,ASANI,2022-05-12 15:00:00,14.8,80.2,,,BB,Super Cyclonic Storm
2022126N07095,2022,ASANI,2022-05-12 18:00:00,14.7,80.3,,,BB,Super Cyclonic Storm
2022126N07095,2022,ASANI,2022-05-12 21:00:00,14.7,80.6,,,BB,Super Cyclonic Storm
2022126N07095,2022,ASANI,2022-05-13 00:00:00,14.7,81.0,,,BB,Super Cyclonic Storm
2022126N07095,2022,ASANI,2022-05-13 03:00:00,14.7,81.3,,,BB,Super Cyclonic Storm
2022126N07095,2022,ASANI,2022-05-13 06:00:00,14.8,81.5,,,BB,Super Cyclonic Storm
2022140N16097,2022,UNNAMED,2022-05-20 03:00:00,16.3,97.3,25.0,1000.0,BB,Depression
2022140N16097,2022,UNNAMED,2022-05-20 06:00:00,16.4,97.4,25.0,1000.0,BB,Depression
2022140N16097,2022,UNNAMED,2022-05-20 09:00:00,16.8,97.6,25.0,998.0,BB,Depression
2022140N16097,2022,UNNAMED,2022-05-20 12:00:00,17.1,97.8,25.0,999.0,BB,Depression
2022140N16097,2022,UNNAMED,2022-05-20 15:00:00,17.3,97.9,,,BB,Super Cyclonic Storm
2022140N16097,2022,UNNAMED,2022-05-20 18:00:00,17.4,98.0,25.0,999.0,BB,Depression
2022197N22069,2022,UNNAMED,2022-07-16 03:00:00,21.6,69.0,25.0,992.0,AS,Depression
2022197N22069,2022,UNNAMED,2022-07-16 06:00:00,21.9,68.9,25.0,992.0,AS,Depression
2022197N22069,2022,UNNAMED,2022-07-16 09:00:00,22.0,68.8,,,AS,Super Cyclonic Storm
2022197N22069,2022,UNNAMED,2022-07-16 12:00:00,22.1,68.8,25.0,992.0,AS,Depression
2022197N22069,2022,UNNAMED,2022-07-16 15:00:00,22.3,68.8,,,AS,Super Cyclonic Storm
2022197N22069,2022,UNNAMED,2022-07-16 18:00:00,22.6,68.7,25.0,992.0,AS,Depression
2022197N22069,2022,UNNAMED,2022-07-16 21:00:00,22.7,68.6,,,AS,Super Cyclonic Storm
2022197N22069,2022,UNNAMED,2022-07-17 00:00:00,22.8,68.5,25.0,992.0,AS,Depression
2022197N22069,2022,UNNAMED,2022-07-17 03:00:00,23.0,68.2,25.0,992.0,AS,Depression
2022197N22069,2022,UNNAMED,2022-07-17 06:00:00,23.2,67.8,25.0,992.0,AS,Depression
2022197N22069,2022,UNNAMED,2022-07-17 09:00:00,23.3,67.6,,,AS,Super Cyclonic Storm
2022197N22069,2022,UNNAMED,2022-07-17 12:00:00,23.4,67.4,25.0,992.0,AS,Depression
2022197N22069,2022,UNNAMED,2022-07-17 15:00:00,23.4,66.9,,,AS,Super Cyclonic Storm
2022197N22069,2022,UNNAMED,2022-07-17 18:00:00,23.4,66.3,20.0,993.0,AS,Depression
2022221N21086,2022,UNNAMED,2022-08-09 03:00:00,20.8,85.6,25.0,990.0,BB,Depression
2022221N21086,2022,UNNAMED,2022-08-09 06:00:00,20.8,85.3,25.0,990.0,BB,Depression
2022221N21086,2022,UNNAMED,2022-08-09 09:00:00,21.0,84.8,,,BB,Super Cyclonic Storm
2022221N21086,2022,UNNAMED,2022-08-09 12:00:00,21.2,84.2,25.0,990.0,BB,Depression
2022221N21086,2022,UNNAMED,2022-08-09 15:00:00,21.4,83.7,,,BB,Super Cyclonic Storm
2022221N21086,2022,UNNAMED,2022-08-09 18:00:00,21.5,83.3,20.0,991.0,BB,Depression
2022224N22067,2022,UNNAMED,2022-08-11 18:00:00,22.1,67.2,,,AS,Super Cyclonic Storm
2022224N22067,2022,UNNAMED,2022-08-11 21:00:00,22.0,66.9,,,AS,Super Cyclonic Storm
2022224N22067,2022,UNNAMED,2022-08-12 00:00:00,21.8,66.6,,,AS,Super Cyclonic Storm
2022224N22067,2022,UNNAMED,2022-08-12 03:00:00,21.8,66.4,25.0,990.0,AS,Depression
2022224N22067,2022,UNNAMED,2022-08-12 06:00:00,21.9,66.1,25.0,990.0,AS,Depression
2022224N22067,2022,UNNAMED,2022-08-12 09:00:00,22.0,65.6,,,AS,Super Cyclonic Storm
2022224N22067,2022,UNNAMED,2022-08-12 12:00:00,22.1,65.2,25.0,990.0,AS,Depression
2022224N22067,2022,UNNAMED,2022-08-12 15:00:00,22.2,64.9,,,AS,Super Cyclonic Storm
2022224N22067,2022,UNNAMED,2022-08-12 18:00:00,22.3,64.6,25.0,990.0,AS,Depression
2022224N22067,2022,UNNAMED,2022-08-12 21:00:00,22.2,64.2,,,AS,Super Cyclonic Storm
2022224N22067,2022,UNNAMED,2022-08-13 00:00:00,22.0,63.9,25.0,990.0,AS,Depression
2022224N22067,2022,UNNAMED,2022-08-13 03:00:00,21.8,63.6,25.0,990.0,AS,Depression
2022224N22067,2022,UNNAMED,2022-08-13 06:00:00,21.6,63.6,20.0,990.0,AS,Depression
2022224N22067,2022,UNNAMED,2022-08-13 09:00:00,21.5,64.0,,,AS,Super Cyclonic Storm
2022224N22067,2022,UNNAMED,2022-08-13 12:00:00,21.6,64.7,,,AS,Super Cyclonic Storm
2022224N22067,2022,UNNAMED,2022-08-13 15:00:00,21.8,65.4,,,AS,Super Cyclonic Storm
2022224N22067,2022,UNNAMED,2022-08-13 18:00:00,22.2,66.1,,,AS,Super Cyclonic Storm
2022224N22067,2022,UNNAMED,2022-08-13 21:00:00,22.6,66.4,,,AS,Super Cyclonic Storm
2022224N22067,2022,UNNAMED,2022-08-14 00:00:00,23.1,66.6,,,AS,Super Cyclonic Storm
2022224N22067,2022,UNNAMED,2022-08-14 03:00:00,23.5,66.8,,,AS,Super Cyclonic Storm
2022226N22088,2022,UNNAMED,2022-08-14 03:00:00,21.7,87.8,25.0,994.0,BB,Depression
2022226N22088,2022,UNNAMED,2022-08-14 06:00:00,21.8,87.5,25.0,994.0,BB,Depression
2022226N22088,2022,UNNAMED,2022-08-14 09:00:00,22.0,86.9,,,BB,Super Cyclonic Storm
2022226N22088,2022,UNNAMED,2022-08-14 12:00:00,22.1,86.0,25.0,994.0,BB,Depression
2022226N22088,2022,UNNAMED,2022-08-14 15:00:00,22.2,85.0,,,BB,Super Cyclonic Storm
2022226N22088,2022,UNNAMED,2022-08-14 18:00:00,22.2,84.0,25.0,994.0,BB,Depression
2022226N22088,2022,UNNAMED,2022-08-14 21:00:00,22.3,83.4,,,BB,Super Cyclonic Storm
2022226N22088,2022,UNNAMED,2022-08-15 00:00:00,22.4,82.8,25.0,994.0,BB,Depression
2022226N22088,2022,UNNAMED,2022-08-15 03:00:00,22.6,82.0,25.0,994.0,BB,Depression
2022226N22088,2022,UNNAMED,2022-08-15 06:00:00,22.8,81.1,25.0,994.0,BB,Depression
2022226N22088,2022,UNNAMED,2022-08-15 09:00:00,23.1,80.4,,,BB,Super Cyclonic Storm
2022226N22088,2022,UNNAMED,2022-08-15 12:00:00,23.3,79.8,25.0,994.0,BB,Depression
2022226N22088,2022,UNNAMED,2022-08-15 15:00:00,23.4,79.4,,,BB,Super Cyclonic Storm
2022226N22088,2022,UNNAMED,2022-08-15 18:00:00,23.6,79.0,25.0,994.0,BB,Depression
2022226N22088,2022,UNNAMED,2022-08-15 21:00:00,23.9,78.4,,,BB,Super Cyclonic Storm
2022226N22088,2022,UNNAMED,2022-08-16 00:00:00,24.3,77.6,25.0,994.0,AS,Depression
2022226N22088,2022,UNNAMED,2022-08-16 03:00:00,24.7,76.5,25.0,994.0,AS,Depression
2022226N22088,2022,UNNAMED,2022-08-16 06:00:00,24.9,76.1,20.0,995.0,AS,Depression
2022230N18095,2022,UNNAMED,2022-08-17 12:00:00,18.0,95.0,,,BB,Super Cyclonic Storm
2022230N18095,2022,UNNAMED,2022-08-17 15:00:00,18.3,94.5,,,BB,Super Cyclonic Storm
2022230N18095,2022,UNNAMED,2022-08-17 18:00:00,18.5,94.1,,,BB,Super Cyclonic Storm
2022230N18095,2022,UNNAMED,2022-08-17 21:00:00,18.7,93.7,,,BB,Super Cyclonic Storm
2022230N18095,2022,UNNAMED,2022-08-18 00:00:00,18.9,93.2,,,BB,Super Cyclonic Storm
2022230N18095,2022,UNNAMED,2022-08-18 03:00:00,19.2,92.7,,,BB,Super Cyclonic Storm
2022230N18095,2022,UNNAMED,2022-08-18 06:00:00,19.5,92.2,,,BB,Super Cyclonic Storm
2022230N18095,2022,UNNAMED,2022-08-18 09:00:00,19.9,91.4,,,BB,Super Cyclonic Storm
2022230N18095,2022,UNNAMED,2022-08-18 12:00:00,20.2,90.7,,,BB,Super Cyclonic Storm
2022230N18095,2022,UNNAMED,2022-08-18 15:00:00,20.3,90.5,,,BB,Super Cyclonic Storm
2022230N18095,2022,UNNAMED,2022-08-18 18:00:00,20.4,90.3,,,BB,Super Cyclonic Storm
2022230N18095,2022,UNNAMED,2022-08-18 21:00:00,20.7,89.8,,,BB,Super Cyclonic Storm
2022230N18095,2022,UNNAMED,2022-08-19 00:00:00,20.9,89.4,25.0,994.0,BB,Depression
2022230N18095,2022,UNNAMED,2022-08-19 03:00:00,21.0,89.2,25.0,994.0,BB,Depression
2022230N18095,2022,UNNAMED,2022-08-19 06:00:00,21.2,88.9,30.0,993.0,BB,Deep Depression
2022230N18095,2022,UNNAMED,2022-08-19 09:00:00,21.4,88.6,,,BB,Super Cyclonic Storm
2022230N18095,2022,UNNAMED,2022-08-19 12:00:00,21.6,88.1,30.0,992.0,BB,Deep Depression
2022230N18095,2022,UNNAMED,2022-08-19 15:00:00,21.9,87.6,30.0,992.0,BB,Deep Depression
2022230N18095,2022,UNNAMED,2022-08-19 18:00:00,22.2,87.0,30.0,992.0,BB,Deep Depression
2022230N18095,2022,UNNAMED,2022-08-19 21:00:00,22.4,86.4,,,BB,Super Cyclonic Storm
2022230N18095,2022,UNNAMED,2022-08-20 00:00:00,22.6,85.9,30.0,992.0,BB,Deep Depression
2022230N18095,2022,UNNAMED,2022-08-20 03:00:00,22.7,85.4,30.0,992.0,BB,Deep Depression
2022230N18095,2022,UNNAMED,2022-08-20 06:00:00,22.9,84.7,30.0,993.0,BB,Deep Depression
2022230N18095,2022,UNNAMED,2022-08-20 09:00:00,23.1,84.1,,,BB,Super Cyclonic Storm
2022230N18095,2022,UNNAMED,2022-08-20 12:00:00,23.3,83.6,30.0,993.0,BB,Deep Depression
2022230N18095,2022,UNNAMED,2022-08-20 15:00:00,23.4,83.2,,,BB,Super Cyclonic Storm
2022230N18095,2022,UNNAMED,2022-08-20 18:00:00,23.5,82.9,30.0,993.0,BB,Deep Depression
2022230N18095,2022,UNNAMED,2022-08-20 21:00:00,23.6,82.6,,,BB,Super Cyclonic Storm
2022230N18095,2022,UNNAMED,2022-08-21 00:00:00,23.7,82.2,25.0,994.0,BB,Depression
2022230N18095,2022,UNNAMED,2022-08-21 03:00:00,23.8,81.7,25.0,994.0,BB,Depression
2022230N18095,2022,UNNAMED,2022-08-21 06:00:00,24.0,81.2,25.0,994.0,BB,Depression
2022230N18095,2022,UNNAMED,2022-08-21 09:00:00,24.1,80.8,,,BB,Super Cyclonic Storm
2022230N18095,2022,UNNAMED,2022-08-21 12:00:00,24.2,80.5,25.0,994.0,BB,Depression
2022230N18095,2022,UNNAMED,2022-08-21 15:00:00,24.3,80.1,,,BB,Super Cyclonic Storm
2022230N18095,2022,UNNAMED,2022-08-21 18:00:00,24.3,79.8,25.0,995.0,BB,Depression
2022230N18095,2022,UNNAMED,2022-08-21 21:00:00,24.3,79.5,,,BB,Super Cyclonic Storm
2022230N18095,2022,UNNAMED,2022-08-22 00:00:00,24.3,79.1,25.0,995.0,BB,Depression
2022230N18095,2022,UNNAMED,2022-08-22 03:00:00,24.3,78.4,25.0,995.0,BB,Depression
2022230N18095,2022,UNNAMED,2022-08-22 06:00:00,24.4,77.8,25.0,996.0,AS,Depression
2022230N18095,2022,UNNAMED,2022-08-22 09:00:00,24.4,77.5,,,AS,Super Cyclonic Storm
2022230N18095,2022,UNNAMED,2022-08-22 12:00:00,24.4,77.4,25.0,996.0,AS,Depression
2022230N18095,2022,UNNAMED,2022-08-22 15:00:00,24.5,77.0,,,AS,Super Cyclonic Storm
2022230N18095,2022,UNNAMED,2022-08-22 18:00:00,24.6,76.6,20.0,997.0,AS,Depression
2022230N18095,2022,UNNAMED,2022-08-22 21:00:00,24.7,76.3,,,AS,Super Cyclonic Storm
2022230N18095,2022,UNNAMED,2022-08-23 00:00:00,24.8,76.2,20.0,997.0,AS,Depression
2022254N20085,2022,UNNAMED,2022-09-11 00:00:00,19.5,84.7,25.0,998.0,BB,Depression
2022254N20085,2022,UNNAMED,2022-09-11 03:00:00,19.7,84.0,25.0,998.0,BB,Depression
2022254N20085,2022,UNNAMED,2022-09-11 06:00:00,19.8,83.3,25.0,998.0,BB,Depression
2022254N20085,2022,UNNAMED,2022-09-11 09:00:00,19.9,82.4,,,BB,Super Cyclonic Storm
2022254N20085,2022,UNNAMED,2022-09-11 12:00:00,19.9,81.7,25.0,998.0,BB,Depression
2022254N20085,2022,UNNAMED,2022-09-11 15:00:00,20.0,81.4,,,BB,Super Cyclonic Storm
2022254N20085,2022,UNNAMED,2022-09-11 18:00:00,20.1,81.2,25.0,998.0,BB,Depression
2022254N20085,2022,UNNAMED,2022-09-11 21:00:00,20.4,81.0,,,BB,Super Cyclonic Storm
2022254N20085,2022,UNNAMED,2022-09-12 00:00:00,20.8,80.8,20.0,999.0,BB,Depression
2022295N13093,2022,SITRANG,2022-10-21 18:00:00,12.6,93.3,,,BB,Super Cyclonic Storm
2022295N13093,2022,SITRANG,2022-10-21 21:00:00,12.9,92.9,,,BB,Super Cyclonic Storm
2022295N13093,2022,SITRANG,2022-10-22 00:00:00,13.2,92.5,,,BB,Super Cyclonic Storm
2022295N13093,2022,SITRANG,2022-10-22 03:00:00,13.4,92.1,25.0,1004.0,BB,Depression
2022295N13093,2022,SITRANG,2022-10-22 06:00:00,13.9,91.4,25.0,1003.0,BB,Depression
2022295N13093,2022,SITRANG,2022-10-22 09:00:00,14.2,90.9,,,BB,Super Cyclonic Storm
2022295N13093,2022,SITRANG,2022-10-22 12:00:00,14.4,90.5,25.0,1002.0,BB,Depression
2022295N13093,2022,SITRANG,2022-10-22 15:00:00,14.7,90.0,,,BB,Super Cyclonic Storm
2022295N13093,2022,SITRANG,2022-10-22 18:00:00,15.0,89.5,25.0,1002.0,BB,Depression
2022295N13093,2022,SITRANG,2022-10-22 21:00:00,15.2,89.1,,,BB,Super Cyclonic Storm
2022295N13093,2022,SITRANG,2022-10-23 00:00:00,15.4,88.7,30.0,1001.0,BB,Deep Depression
2022295N13093,2022,SITRANG,2022-10-23 03:00:00,15.5,88.3,30.0,1000.0,BB,Deep Depression
2022295N13093,2022,SITRANG,2022-10-23 06:00:00,15.6,88.1,30.0,1000.0,BB,Deep Depression
2022295N13093,2022,SITRANG,2022-10-23 09:00:00,15.8,88.1,,,BB,Super Cyclonic Storm
2022295N13093,2022,SITRANG,2022-10-23 12:00:00,16.2,88.1,35.0,999.0,BB,Cyclonic Storm
2022295N13093,2022,SITRANG,2022-10-23 15:00:00,16.6,88.4,35.0,999.0,BB,Cyclonic Storm
2022295N13093,2022,SITRANG,2022-10-23 18:00:00,17.1,88.6,35.0,998.0,BB,Cyclonic Storm
2022295N13093,2022,SITRANG,2022-10-23 21:00:00,17.5,88.8,40.0,997.0,BB,Cyclonic Storm
2022295N13093,2022,SITRANG,2022-10-24 00:00:00,18.0,89.0,40.0,996.0,BB,Cyclonic Storm
2022295N13093,2022,SITRANG,2022-10-24 03:00:00,18.7,89.3,45.0,996.0,BB,Cyclonic Storm
2022295N13093,2022,SITRANG,2022-10-24 06:00:00,19.4,89.6,45.0,996.0,BB,Cyclonic Storm
2022295N13093,2022,SITRANG,2022-10-24 09:00:00,20.0,89.9,45.0,996.0,BB,Cyclonic Storm
2022295N13093,2022,SITRANG,2022-10-24 12:00:00,20.8,90.1,45.0,996.0,BB,Cyclonic Storm
2022295N13093,2022,SITRANG,2022-10-24 15:00:00,21.8,90.4,45.0,996.0,BB,Cyclonic Storm
2022295N13093,2022,SITRANG,2022-10-24 18:00:00,23.8,90.9,40.0,996.0,BB,Cyclonic Storm
2022295N13093,2022,SITRANG,2022-10-24 21:00:00,24.3,91.0,30.0,998.0,BB,Deep Depression
2022295N13093,2022,SITRANG,2022-10-25 00:00:00,24.5,91.1,25.0,1000.0,BB,Depression
2022324N10086,2022,UNNAMED,2022-11-20 00:00:00,10.0,85.5,25.0,1005.0,BB,Depression
2022324N10086,2022,UNNAMED,2022-11-20 03:00:00,10.0,85.5,25.0,1005.0,BB,Depression
2022324N10086,2022,UNNAMED,2022-11-20 06:00:00,10.3,85.3,25.0,1005.0,BB,Depression
2022324N10086,2022,UNNAMED,2022-11-20 09:00:00,10.6,85.1,,,BB,Super Cyclonic Storm
2022324N10086,2022,UNNAMED,2022-11-20 12:00:00,10.9,85.0,25.0,1003.0,BB,Depression
2022324N10086,2022,UNNAMED,2022-11-20 15:00:00,11.2,84.8,,,BB,Super Cyclonic Storm
2022324N10086,2022,UNNAMED,2022-11-20 18:00:00,11.4,84.6,25.0,1003.0,BB,Depression
2022324N10086,2022,UNNAMED,2022-11-20 21:00:00,11.7,84.4,,,BB,Super Cyclonic Storm
2022324N10086,2022,UNNAMED,2022-11-21 00:00:00,11.9,84.2,25.0,1003.0,BB,Depression
2022324N10086,2022,UNNAMED,2022-11-21 03:00:00,12.1,84.0,25.0,1003.0,BB,Depression
2022324N10086,2022,UNNAMED,2022-11-21 06:00:00,12.6,83.4,25.0,1003.0,BB,Depression
2022324N10086,2022,UNNAMED,2022-11-21 09:00:00,12.8,82.6,,,BB,Super Cyclonic Storm
2022324N10086,2022,UNNAMED,2022-11-21 12:00:00,12.9,82.0,25.0,1003.0,BB,Depression
2022324N10086,2022,UNNAMED,2022-11-21 15:00:00,13.0,81.8,,,BB,Super Cyclonic Storm
2022324N10086,2022,UNNAMED,2022-11-21 18:00:00,13.0,81.7,25.0,1003.0,BB,Depression
2022324N10086,2022,UNNAMED,2022-11-21 21:00:00,13.0,81.6,,,BB,Super Cyclonic Storm
2022324N10086,2022,UNNAMED,2022-11-22 00:00:00,13.1,81.4,25.0,1004.0,BB,Depression
2022338N05100,2022,MANDOUS,2022-12-04 00:00:00,5.3,99.7,,,BB,Super Cyclonic Storm
2022338N05100,2022,MANDOUS,2022-12-04 03:00:00,5.5,99.4,,,BB,Super Cyclonic Storm
2022338N05100,2022,MANDOUS,2022-12-04 06:00:00,5.7,99.0,,,BB,Super Cyclonic Storm
2022338N05100,2022,MANDOUS,2022-12-04 09:00:00,5.9,98.5,,,BB,Super Cyclonic Storm
2022338N05100,2022,MANDOUS,2022-12-04 12:00:00,6.1,98.1,,,BB,Super Cyclonic Storm
2022338N05100,2022,MANDOUS,2022-12-04 15:00:00,6.3,97.9,,,BB,Super Cyclonic Storm
2022338N05100,2022,MANDOUS,2022-12-04 18:00:00,6.6,97.7,,,BB,Super Cyclonic Storm
2022338N05100,2022,MANDOUS,2022-12-04 21:00:00,6.9,97.5,,,BB,Super Cyclonic Storm
2022338N05100,2022,MANDOUS,2022-12-05 00:00:00,7.2,97.2,,,BB,Super Cyclonic Storm
2022338N05100,2022,MANDOUS,2022-12-05 03:00:00,7.3,96.5,,,BB,Super Cyclonic Storm
2022338N05100,2022,MANDOUS,2022-12-05 06:00:00,7.3,95.7,,,BB,Super Cyclonic Storm
2022338N05100,2022,MANDOUS,2022-12-05 09:00:00,7.4,95.0,,,BB,Super Cyclonic Storm
2022338N05100,2022,MANDOUS,2022-12-05 12:00:00,7.5,94.1,,,BB,Super Cyclonic Storm
2022338N05100,2022,MANDOUS,2022-12-05 15:00:00,7.8,92.8,,,BB,Super Cyclonic Storm
2022338N05100,2022,MANDOUS,2022-12-05 18:00:00,8.0,91.6,,,BB,Super Cyclonic Storm
2022338N05100,2022,MANDOUS,2022-12-05 21:00:00,8.0,90.8,,,BB,Super Cyclonic Storm
2022338N05100,2022,MANDOUS,2022-12-06 00:00:00,8.0,90.2,,,BB,Super Cyclonic Storm
2022338N05100,2022,MANDOUS,2022-12-06 03:00:00,8.0,89.5,,,BB,Super Cyclonic Storm
2022338N05100,2022,MANDOUS,2022-12-06 06:00:00,8.1,88.7,,,BB,Super Cyclonic Storm
2022338N05100,2022,MANDOUS,2022-12-06 09:00:00,8.3,87.8,,,BB,Super Cyclonic Storm
2022338N05100,2022,MANDOUS,2022-12-06 12:00:00,8.4,87.2,25.0,1000.0,BB,Depression
2022338N05100,2022,MANDOUS,2022-12-06 15:00:00,8.4,86.9,,,BB,Super Cyclonic Storm
2022338N05100,2022,MANDOUS,2022-12-06 18:00:00,8.5,86.7,25.0,1000.0,BB,Depression
2022338N05100,2022,MANDOUS,2022-12-06 21:00:00,8.5,86.5,,,BB,Super Cyclonic Storm
2022338N05100,2022,MANDOUS,2022-12-07 00:00:00,8.6,86.3,30.0,999.0,BB,Deep Depression
2022338N05100,2022,MANDOUS,2022-12-07 03:00:00,8.7,85.9,30.0,999.0,BB,Deep Depression
2022338N05100,2022,MANDOUS,2022-12-07 06:00:00,8.8,85.7,30.0,998.0,BB,Deep Depression
2022338N05100,2022,MANDOUS,2022-12-07 09:00:00,8.8,85.4,,,BB,Super Cyclonic Storm
2022338N05100,2022,MANDOUS,2022-12-07 12:00:00,9.0,85.1,30.0,998.0,BB,Deep Depression
2022338N05100,2022,MANDOUS,2022-12-07 15:00:00,9.1,84.9,,,BB,Super Cyclonic Storm
2022338N05100,2022,MANDOUS,2022-12-07 18:00:00,9.2,84.7,35.0,997.0,BB,Cyclonic Storm
2022338N05100,2022,MANDOUS,2022-12-07 21:00:00,9.3,84.5,35.0,997.0,BB,Cyclonic Storm
2022338N05100,2022,MANDOUS,2022-12-08 00:00:00,9.4,84.3,40.0,995.0,BB,Cyclonic Storm
2022338N05100,2022,MANDOUS,2022-12-08 03:00:00,9.5,84.0,40.0,994.0,BB,Cyclonic Storm
2022338N05100,2022,MANDOUS,2022-12-08 06:00:00,9.8,83.6,45.0,992.0,BB,Cyclonic Storm
2022338N05100,2022,MANDOUS,2022-12-08 09:00:00,9.9,83.2,45.0,992.0,BB,Cyclonic Storm
2022338N05100,2022,MANDOUS,2022-12-08 12:00:00,10.2,82.9,50.0,990.0,BB,Severe Cyclonic Storm
2022338N05100,2022,MANDOUS,2022-12-08 15:00:00,10.4,82.5,50.0,990.0,BB,Severe Cyclonic Storm
2022338N05100,2022,MANDOUS,2022-12-08 18:00:00,10.6,82.2,50.0,990.0,BB,Severe Cyclonic Storm
2022338N05100,2022,MANDOUS,2022-12-08 21:00:00,10.7,82.0,50.0,990.0,BB,Severe Cyclonic Storm
2022338N05100,2022,MANDOUS,2022-12-09 00:00:00,11.0,81.8,50.0,990.0,BB,Severe Cyclonic Storm
2022338N05100,2022,MANDOUS,2022-12-09 03:00:00,11.1,81.6,45.0,991.0,BB,Cyclonic Storm
2022338N05100,2022,MANDOUS,2022-12-09 06:00:00,11.4,81.4,45.0,992.0,BB,Cyclonic Storm
2022338N05100,2022,MANDOUS,2022-12-09 09:00:00,11.7,81.2,45.0,992.0,BB,Cyclonic Storm
2022338N05100,2022,MANDOUS,2022-12-09 12:00:00,12.0,81.0,40.0,993.0,BB,Cyclonic Storm
2022338N05100,2022,MANDOUS,2022-12-09 15:00:00,12.3,80.7,40.0,994.0,BB,Cyclonic Storm
2022338N05100,2022,MANDOUS,2022-12-09 18:00:00,12.6,80.4,35.0,995.0,BB,Cyclonic Storm
2022338N05100,2022,MANDOUS,2022-12-09 21:00:00,12.8,80.1,35.0,996.0,BB,Cyclonic Storm
2022338N05100,2022,MANDOUS,2022-12-10 00:00:00,12.8,79.8,30.0,998.0,BB,Deep Depression
2022338N05100,2022,MANDOUS,2022-12-10 03:00:00,12.8,79.6,30.0,1000.0,BB,Deep Depression
2022338N05100,2022,MANDOUS,2022-12-10 06:00:00,12.9,79.4,25.0,1002.0,BB,Depression
2022338N05100,2022,MANDOUS,2022-12-10 09:00:00,12.9,79.1,,,BB,Super Cyclonic Storm
2022338N05100,2022,MANDOUS,2022-12-10 12:00:00,12.9,78.8,,,BB,Super Cyclonic Storm
2022347N12074,2022,UNNAMED,2022-12-12 12:00:00,12.0,74.2,,,AS,Super Cyclonic Storm
2022347N12074,2022,UNNAMED,2022-12-12 15:00:00,12.1,73.9,,,AS,Super Cyclonic Storm
2022347N12074,2022,UNNAMED,2022-12-12 18:00:00,12.3,73.6,,,AS,Super Cyclonic Storm
2022347N12074,2022,UNNAMED,2022-12-12 21:00:00,12.5,73.3,,,AS,Super Cyclonic Storm
2022347N12074,2022,UNNAMED,2022-12-13 00:00:00,12.6,73.1,,,AS,Super Cyclonic Storm
2022347N12074,2022,UNNAMED,2022-12-13 03:00:00,12.7,72.8,,,AS,Super Cyclonic Storm
2022347N12074,2022,UNNAMED,2022-12-13 06:00:00,12.8,72.6,,,AS,Super Cyclonic Storm
2022347N12074,2022,UNNAMED,2022-12-13 09:00:00,12.9,72.4,,,AS,Super Cyclonic Storm
2022347N12074,2022,UNNAMED,2022-12-13 12:00:00,13.0,72.1,,,AS,Super Cyclonic Storm
2022347N12074,2022,UNNAMED,2022-12-13 15:00:00,13.1,71.8,,,AS,Super Cyclonic Storm
2022347N12074,2022,UNNAMED,2022-12-13 18:00:00,13.2,71.5,,,AS,Super Cyclonic Storm
2022347N12074,2022,UNNAMED,2022-12-13 21:00:00,13.2,71.2,,,AS,Super Cyclonic Storm
2022347N12074,2022,UNNAMED,2022-12-14 00:00:00,13.3,70.8,,,AS,Super Cyclonic Storm
2022347N12074,2022,UNNAMED,2022-12-14 03:00:00,13.4,70.4,,,AS,Super Cyclonic Storm
2022347N12074,2022,UNNAMED,2022-12-14 06:00:00,13.5,70.0,,,AS,Super Cyclonic Storm
2022347N12074,2022,UNNAMED,2022-12-14 09:00:00,13.6,69.6,25.0,1002.0,AS,Depression
2022347N12074,2022,UNNAMED,2022-12-14 12:00:00,13.7,69.3,25.0,1002.0,AS,Depression
2022347N12074,2022,UNNAMED,2022-12-14 15:00:00,13.7,68.9,,,AS,Super Cyclonic Storm
2022347N12074,2022,UNNAMED,2022-12-14 18:00:00,13.8,68.6,25.0,1002.0,AS,Depression
2022347N12074,2022,UNNAMED,2022-12-14 21:00:00,13.8,68.4,,,AS,Super Cyclonic Storm
2022347N12074,2022,UNNAMED,2022-12-15 00:00:00,13.9,68.1,30.0,1000.0,AS,Deep Depression
2022347N12074,2022,UNNAMED,2022-12-15 03:00:00,13.9,67.7,30.0,1000.0,AS,Deep Depression
2022347N12074,2022,UNNAMED,2022-12-15 06:00:00,13.9,67.4,30.0,1000.0,AS,Deep Depression
2022347N12074,2022,UNNAMED,2022-12-15 09:00:00,14.0,67.0,,,AS,Super Cyclonic Storm
2022347N12074,2022,UNNAMED,2022-12-15 12:00:00,14.1,66.7,30.0,1000.0,AS,Deep Depression
2022347N12074,2022,UNNAMED,2022-12-15 15:00:00,14.0,66.2,,,AS,Super Cyclonic Storm
2022347N12074,2022,UNNAMED,2022-12-15 18:00:00,13.9,65.7,30.0,1000.0,AS,Deep Depression
2022347N12074,2022,UNNAMED,2022-12-15 21:00:00,13.9,65.4,,,AS,Super Cyclonic Storm
2022347N12074,2022,UNNAMED,2022-12-16 00:00:00,13.9,65.1,30.0,1000.0,AS,Deep Depression
2022347N12074,2022,UNNAMED,2022-12-16 03:00:00,13.9,64.7,30.0,1000.0,AS,Deep Depression
2022347N12074,2022,UNNAMED,2022-12-16 06:00:00,13.9,64.3,30.0,1000.0,AS,Deep Depression
2022347N12074,2022,UNNAMED,2022-12-16 09:00:00,14.0,63.9,,,AS,Super Cyclonic Storm
2022347N12074,2022,UNNAMED,2022-12-16 12:00:00,14.1,63.6,25.0,1002.0,AS,Depression
2022347N12074,2022,UNNAMED,2022-12-16 15:00:00,14.1,63.2,,,AS,Super Cyclonic Storm
2022347N12074,2022,UNNAMED,2022-12-16 18:00:00,14.1,62.9,25.0,1002.0,AS,Depression
2022347N12074,2022,UNNAMED,2022-12-16 21:00:00,14.1,62.6,,,AS,Super Cyclonic Storm
2022347N12074,2022,UNNAMED,2022-12-17 00:00:00,14.0,62.3,25.0,1002.0,AS,Depression
2022347N12074,2022,UNNAMED,2022-12-17 03:00:00,14.0,62.0,25.0,1002.0,AS,Depression
2022347N12074,2022,UNNAMED,2022-12-17 06:00:00,13.9,61.6,25.0,1002.0,AS,Depression
2022347N12074,2022,UNNAMED,2022-12-17 09:00:00,13.8,61.3,,,AS,Super Cyclonic Storm
2022347N12074,2022,UNNAMED,2022-12-17 12:00:00,13.7,60.9,,,AS,Super Cyclonic Storm
2022347N12074,2022,UNNAMED,2022-12-17 15:00:00,13.6,60.3,,,AS,Super Cyclonic Storm
2022347N12074,2022,UNNAMED,2022-12-17 18:00:00,13.6,59.7,,,AS,Super Cyclonic Storm
2022347N12074,2022,UNNAMED,2022-12-17 21:00:00,13.5,59.1,,,AS,Super Cyclonic Storm
2022347N12074,2022,UNNAMED,2022-12-18 00:00:00,13.5,58.6,,,AS,Super Cyclonic Storm
2022347N12074,2022,UNNAMED,2022-12-18 03:00:00,13.5,58.1,,,AS,Super Cyclonic Storm
2022347N12074,2022,UNNAMED,2022-12-18 06:00:00,13.4,57.5,,,AS,Super Cyclonic Storm
2022347N12074,2022,UNNAMED,2022-12-18 09:00:00,13.3,56.9,,,AS,Super Cyclonic Storm
2022347N12074,2022,UNNAMED,2022-12-18 12:00:00,13.1,56.4,,,AS,Super Cyclonic Storm
2022347N12074,2022,UNNAMED,2022-12-18 15:00:00,12.6,56.0,,,AS,Super Cyclonic Storm
2022347N12074,2022,UNNAMED,2022-12-18 18:00:00,12.0,55.8,,,AS,Super Cyclonic Storm
2022347N12074,2022,UNNAMED,2022-12-18 21:00:00,11.7,55.6,,,AS,Super Cyclonic Storm
2022347N12074,2022,UNNAMED,2022-12-19 00:00:00,11.6,55.4,,,AS,Super Cyclonic Storm
2022356N09085,2022,UNNAMED,2022-12-22 03:00:00,9.0,85.0,25.0,1004.0,BB,Depression
2022356N09085,2022,UNNAMED,2022-12-22 06:00:00,9.5,84.8,25.0,1004.0,BB,Depression
2022356N09085,2022,UNNAMED,2022-12-22 09:00:00,9.7,84.6,,,BB,Super Cyclonic Storm
2022356N09085,2022,UNNAMED,2022-12-22 12:00:00,9.8,84.5,25.0,1004.0,BB,Depression
2022356N09085,2022,UNNAMED,2022-12-22 15:00:00,10.0,84.3,,,BB,Super Cyclonic Storm
2022356N09085,2022,UNNAMED,2022-12-22 18:00:00,10.1,84.2,25.0,1004.0,BB,Depression
2022356N09085,2022,UNNAMED,2022-12-22 21:00:00,10.1,84.2,,,BB,Super Cyclonic Storm
2022356N09085,2022,UNNAMED,2022-12-23 00:00:00,10.1,84.2,25.0,1004.0,BB,Depression
2022356N09085,2022,UNNAMED,2022-12-23 03:00:00,10.1,84.2,25.0,1004.0,BB,Depression
2022356N09085,2022,UNNAMED,2022-12-23 06:00:00,10.4,84.8,25.0,1004.0,BB,Depression
2022356N09085,2022,UNNAMED,2022-12-23 09:00:00,10.6,85.2,,,BB,Super Cyclonic Storm
2022356N09085,2022,UNNAMED,2022-12-23 12:00:00,10.6,85.4,25.0,1004.0,BB,Depression
2022356N09085,2022,UNNAMED,2022-12-23 15:00:00,10.5,85.5,,,BB,Super Cyclonic Storm
2022356N09085,2022,UNNAMED,2022-12-23 18:00:00,10.4,85.3,25.0,1004.0,BB,Depression
2022356N09085,2022,UNNAMED,2022-12-23 21:00:00,10.6,84.9,,,BB,Super Cyclonic Storm
2022356N09085,2022,UNNAMED,2022-12-24 00:00:00,10.8,84.5,25.0,1004.0,BB,Depression
2022356N09085,2022,UNNAMED,2022-12-24 03:00:00,10.7,84.2,25.0,1004.0,BB,Depression
2022356N09085,2022,UNNAMED,2022-12-24 06:00:00,10.4,83.7,25.0,1004.0,BB,Depression
2022356N09085,2022,UNNAMED,2022-12-24 09:00:00,10.0,83.3,,,BB,Super Cyclonic Storm
2022356N09085,2022,UNNAMED,2022-12-24 12:00:00,9.7,83.0,25.0,1004.0,BB,Depression
2022356N09085,2022,UNNAMED,2022-12-24 15:00:00,9.5,82.7,,,BB,Super Cyclonic Storm
2022356N09085,2022,UNNAMED,2022-12-24 18:00:00,9.3,82.5,25.0,1004.0,BB,Depression
2022356N09085,2022,UNNAMED,2022-12-24 21:00:00,9.2,82.3,,,BB,Super Cyclonic Storm
2022356N09085,2022,UNNAMED,2022-12-25 00:00:00,9.0,82.2,25.0,1004.0,BB,Depression
2022356N09085,2022,UNNAMED,2022-12-25 03:00:00,8.8,82.0,25.0,1004.0,BB,Depression
2022356N09085,2022,UNNAMED,2022-12-25 06:00:00,8.5,81.6,25.0,1004.0,BB,Depression
2023030N08087,2023,UNNAMED,2023-01-30 03:00:00,7.7,87.2,25.0,1004.0,BB,Depression
2023030N08087,2023,UNNAMED,2023-01-30 06:00:00,7.9,86.6,25.0,1004.0,BB,Depression
2023030N08087,2023,UNNAMED,2023-01-30 09:00:00,8.0,86.2,,,BB,Super Cyclonic Storm
2023030N08087,2023,UNNAMED,2023-01-30 12:00:00,8.0,86.0,25.0,1004.0,BB,Depression
2023030N08087,2023,UNNAMED,2023-01-30 15:00:00,8.1,85.6,,,BB,Super Cyclonic Storm
2023030N08087,2023,UNNAMED,2023-01-30 18:00:00,8.1,85.3,25.0,1004.0,BB,Depression
2023030N08087,2023,UNNAMED,2023-01-30 21:00:00,8.1,85.1,,,BB,Super Cyclonic Storm
2023030N08087,2023,UNNAMED,2023-01-31 00:00:00,8.2,84.8,25.0,1004.0,BB,Depression
2023030N08087,2023,UNNAMED,2023-01-31 03:00:00,8.4,84.3,25.0,1004.0,BB,Depression
2023030N08087,2023,UNNAMED,2023-01-31 06:00:00,8.6,83.9,25.0,1004.0,BB,Depression
2023030N08087,2023,UNNAMED,2023-01-31 09:00:00,8.7,83.7,,,BB,Super Cyclonic Storm
2023030N08087,2023,UNNAMED,2023-01-31 12:00:00,8.6,83.5,25.0,1004.0,BB,Depression
2023030N08087,2023,UNNAMED,2023-01-31 15:00:00,8.5,83.2,,,BB,Super Cyclonic Storm
2023030N08087,2023,UNNAMED,2023-01-31 18:00:00,8.3,82.9,25.0,1004.0,BB,Depression
2023030N08087,2023,UNNAMED,2023-01-31 21:00:00,8.2,82.8,,,BB,Super Cyclonic Storm
2023030N08087,2023,UNNAMED,2023-02-01 00:00:00,8.2,82.7,25.0,1004.0,BB,Depression
2023030N08087,2023,UNNAMED,2023-02-01 03:00:00,8.2,82.5,25.0,1004.0,BB,Depression
2023030N08087,2023,UNNAMED,2023-02-01 06:00:00,8.2,82.5,25.0,1004.0,BB,Depression
2023030N08087,2023,UNNAMED,2023-02-01 09:00:00,8.2,82.4,,,BB,Super Cyclonic Storm
2023030N08087,2023,UNNAMED,2023-02-01 12:00:00,8.2,82.3,25.0,1004.0,BB,Depression
2023030N08087,2023,UNNAMED,2023-02-01 15:00:00,8.2,82.2,,,BB,Super Cyclonic Storm
2023030N08087,2023,UNNAMED,2023-02-01 18:00:00,8.1,82.1,25.0,1004.0,BB,Depression
2023030N08087,2023,UNNAMED,2023-02-01 21:00:00,7.9,81.8,,,BB,Super Cyclonic Storm
2023030N08087,2023,UNNAMED,2023-02-02 00:00:00,7.6,81.4,25.0,1004.0,BB,Depression
2023030N08087,2023,UNNAMED,2023-02-02 03:00:00,7.2,81.1,20.0,1004.0,BB,Depression
2023030N08087,2023,UNNAMED,2023-02-02 06:00:00,6.8,80.8,20.0,1006.0,BB,Depression
2023030N08087,2023,UNNAMED,2023-02-02 09:00:00,6.5,80.5,,,BB,Super Cyclonic Storm
2023030N08087,2023,UNNAMED,2023-02-02 12:00:00,6.3,80.3,20.0,1006.0,BB,Depression
2023129N08091,2023,MOCHA,2023-05-08 18:00:00,7.7,91.4,,,BB,Super Cyclonic Storm
2023129N08091,2023,MOCHA,2023-05-08 21:00:00,7.6,91.1,,,BB,Super Cyclonic Storm
2023129N08091,2023,MOCHA,2023-05-09 00:00:00,7.6,90.7,,,BB,Super Cyclonic Storm
2023129N08091,2023,MOCHA,2023-05-09 03:00:00,7.6,90.1,,,BB,Super Cyclonic Storm
2023129N08091,2023,MOCHA,2023-05-09 06:00:00,7.6,89.6,,,BB,Super Cyclonic Storm
2023129N08091,2023,MOCHA,2023-05-09 09:00:00,7.7,89.3,,,BB,Super Cyclonic Storm
2023129N08091,2023,MOCHA,2023-05-09 12:00:00,7.9,89.3,25.0,1002.0,BB,Depression
2023129N08091,2023,MOCHA,2023-05-09 15:00:00,8.1,89.2,,,BB,Super Cyclonic Storm
2023129N08091,2023,MOCHA,2023-05-09 18:00:00,8.3,89.1,25.0,1002.0,BB,Depression
2023129N08091,2023,MOCHA,2023-05-09 21:00:00,8.3,89.1,,,BB,Super Cyclonic Storm
2023129N08091,2023,MOCHA,2023-05-10 00:00:00,8.5,89.0,30.0,1000.0,BB,Deep Depression
2023129N08091,2023,MOCHA,2023-05-10 03:00:00,8.8,88.7,30.0,1000.0,BB,Deep Depression
2023129N08091,2023,MOCHA,2023-05-10 06:00:00,9.3,88.5,30.0,999.0,BB,Deep Depression
2023129N08091,2023,MOCHA,2023-05-10 09:00:00,9.7,88.4,,,BB,Super Cyclonic Storm
2023129N08091,2023,MOCHA,2023-05-10 12:00:00,10.1,88.4,30.0,998.0,BB,Deep Depression
2023129N08091,2023,MOCHA,2023-05-10 15:00:00,10.4,88.3,,,BB,Super Cyclonic Storm
2023129N08091,2023,MOCHA,2023-05-10 18:00:00,10.8,88.3,30.0,998.0,BB,Deep Depression
2023129N08091,2023,MOCHA,2023-05-10 21:00:00,11.0,88.2,,,BB,Super Cyclonic Storm
2023129N08091,2023,MOCHA,2023-05-11 00:00:00,11.2,88.1,35.0,997.0,BB,Cyclonic Storm
2023129N08091,2023,MOCHA,2023-05-11 03:00:00,11.3,88.1,35.0,996.0,BB,Cyclonic Storm
2023129N08091,2023,MOCHA,2023-05-11 06:00:00,11.6,88.1,45.0,996.0,BB,Cyclonic Storm
2023129N08091,2023,MOCHA,2023-05-11 09:00:00,11.8,88.0,45.0,996.0,BB,Cyclonic Storm
2023129N08091,2023,MOCHA,2023-05-11 12:00:00,12.1,88.1,50.0,994.0,BB,Severe Cyclonic Storm
2023129N08091,2023,MOCHA,2023-05-11 15:00:00,12.4,88.1,50.0,992.0,BB,Severe Cyclonic Storm
2023129N08091,2023,MOCHA,2023-05-11 18:00:00,12.8,88.1,50.0,992.0,BB,Severe Cyclonic Storm
2023129N08091,2023,MOCHA,2023-05-11 21:00:00,13.0,88.1,60.0,986.0,BB,Severe Cyclonic Storm
2023129N08091,2023,MOCHA,2023-05-12 00:00:00,13.3,88.1,65.0,982.0,BB,Very Severe Cyclonic Storm
2023129N08091,2023,MOCHA,2023-05-12 03:00:00,13.7,88.2,65.0,982.0,BB,Very Severe Cyclonic Storm
2023129N08091,2023,MOCHA,2023-05-12 06:00:00,14.0,88.3,75.0,974.0,BB,Very Severe Cyclonic Storm
2023129N08091,2023,MOCHA,2023-05-12 09:00:00,14.3,88.4,85.0,970.0,BB,Very Severe Cyclonic Storm
2023129N08091,2023,MOCHA,2023-05-12 12:00:00,14.6,88.6,85.0,970.0,BB,Very Severe Cyclonic Storm
2023129N08091,2023,MOCHA,2023-05-12 15:00:00,14.8,88.7,90.0,964.0,BB,Extremely Severe Cyclonic Storm
2023129N08091,2023,MOCHA,2023-05-12 18:00:00,15.0,88.9,100.0,954.0,BB,Extremely Severe Cyclonic Storm
2023129N08091,2023,MOCHA,2023-05-12 21:00:00,15.1,89.0,100.0,954.0,BB,Extremely Severe Cyclonic Storm
2023129N08091,2023,MOCHA,2023-05-13 00:00:00,15.4,89.1,100.0,954.0,BB,Extremely Severe Cyclonic Storm
2023129N08091,2023,MOCHA,2023-05-13 03:00:00,15.7,89.5,100.0,954.0,BB,Extremely Severe Cyclonic Storm
2023129N08091,2023,MOCHA,2023-05-13 06:00:00,16.0,90.0,105.0,950.0,BB,Extremely Severe Cyclonic Storm
2023129N08091,2023,MOCHA,2023-05-13 09:00:00,16.4,90.3,105.0,950.0,BB,Extremely Severe Cyclonic Storm
2023129N08091,2023,MOCHA,2023-05-13 12:00:00,16.9,90.8,110.0,944.0,BB,Extremely Severe Cyclonic Storm
2023129N08091,2023,MOCHA,2023-05-13 15:00:00,17.4,91.0,110.0,944.0,BB,Extremely Severe Cyclonic Storm
2023129N08091,2023,MOCHA,2023-05-13 18:00:00,17.9,91.2,115.0,938.0,BB,Extremely Severe Cyclonic Storm
2023129N08091,2023,MOCHA,2023-05-13 21:00:00,18.3,91.4,115.0,938.0,BB,Extremely Severe Cyclonic Storm
2023129N08091,2023,MOCHA,2023-05-14 00:00:00,18.7,91.7,115.0,938.0,BB,Extremely Severe Cyclonic Storm
2023129N08091,2023,MOCHA,2023-05-14 03:00:00,19.3,92.1,110.0,944.0,BB,Extremely Severe Cyclonic Storm
2023129N08091,2023,MOCHA,2023-05-14 06:00:00,19.9,92.6,100.0,952.0,BB,Extremely Severe Cyclonic Storm
2023129N08091,2023,MOCHA,2023-05-14 09:00:00,20.4,92.9,90.0,964.0,BB,Extremely Severe Cyclonic Storm
2023129N08091,2023,MOCHA,2023-05-14 12:00:00,21.1,93.3,75.0,974.0,BB,Very Severe Cyclonic Storm
2023129N08091,2023,MOCHA,2023-05-14 15:00:00,22.1,94.1,60.0,984.0,BB,Severe Cyclonic Storm
2023129N08091,2023,MOCHA,2023-05-14 18:00:00,23.3,95.2,50.0,992.0,BB,Severe Cyclonic Storm
2023129N08091,2023,MOCHA,2023-05-14 21:00:00,24.3,96.1,35.0,996.0,BB,Cyclonic Storm
2023129N08091,2023,MOCHA,2023-05-15 00:00:00,25.1,97.8,25.0,1000.0,BB,Depression
2023156N10067,2023,BIPARJOY,2023-06-05 00:00:00,10.3,66.7,,,AS,Super Cyclonic Storm
2023156N10067,2023,BIPARJOY,2023-06-05 03:00:00,10.5,66.6,,,AS,Super Cyclonic Storm
2023156N10067,2023,BIPARJOY,2023-06-05 06:00:00,10.7,66.5,,,AS,Super Cyclonic Storm
2023156N10067,2023,BIPARJOY,2023-06-05 09:00:00,10.8,66.4,,,AS,Super Cyclonic Storm
2023156N10067,2023,BIPARJOY,2023-06-05 12:00:00,11.0,66.3,,,AS,Super Cyclonic Storm
2023156N10067,2023,BIPARJOY,2023-06-05 15:00:00,11.2,66.2,,,AS,Super Cyclonic Storm
2023156N10067,2023,BIPARJOY,2023-06-05 18:00:00,11.4,66.1,,,AS,Super Cyclonic Storm
2023156N10067,2023,BIPARJOY,2023-06-05 21:00:00,11.5,66.0,,,AS,Super Cyclonic Storm
2023156N10067,2023,BIPARJOY,2023-06-06 00:00:00,11.5,66.0,25.0,1000.0,AS,Depression
2023156N10067,2023,BIPARJOY,2023-06-06 03:00:00,11.7,66.0,25.0,1000.0,AS,Depression
2023156N10067,2023,BIPARJOY,2023-06-06 06:00:00,11.9,65.9,30.0,999.0,AS,Deep Depression
2023156N10067,2023,BIPARJOY,2023-06-06 09:00:00,12.0,66.0,,,AS,Super Cyclonic Storm
2023156N10067,2023,BIPARJOY,2023-06-06 12:00:00,12.2,66.0,35.0,998.0,AS,Cyclonic Storm
2023156N10067,2023,BIPARJOY,2023-06-06 15:00:00,12.3,66.0,35.0,998.0,AS,Cyclonic Storm
2023156N10067,2023,BIPARJOY,2023-06-06 18:00:00,12.5,66.1,40.0,996.0,AS,Cyclonic Storm
2023156N10067,2023,BIPARJOY,2023-06-06 21:00:00,12.5,66.2,45.0,996.0,AS,Cyclonic Storm
2023156N10067,2023,BIPARJOY,2023-06-07 00:00:00,12.6,66.3,55.0,990.0,AS,Severe Cyclonic Storm
2023156N10067,2023,BIPARJOY,2023-06-07 03:00:00,12.8,66.3,60.0,988.0,AS,Severe Cyclonic Storm
2023156N10067,2023,BIPARJOY,2023-06-07 06:00:00,13.0,66.4,65.0,983.0,AS,Very Severe Cyclonic Storm
2023156N10067,2023,BIPARJOY,2023-06-07 09:00:00,13.2,66.3,65.0,983.0,AS,Very Severe Cyclonic Storm
2023156N10067,2023,BIPARJOY,2023-06-07 12:00:00,13.3,66.2,65.0,983.0,AS,Very Severe Cyclonic Storm
2023156N10067,2023,BIPARJOY,2023-06-07 15:00:00,13.4,66.2,65.0,983.0,AS,Very Severe Cyclonic Storm
2023156N10067,2023,BIPARJOY,2023-06-07 18:00:00,13.6,66.1,70.0,980.0,AS,Very Severe Cyclonic Storm
2023156N10067,2023,BIPARJOY,2023-06-07 21:00:00,13.6,66.0,70.0,980.0,AS,Very Severe Cyclonic Storm
2023156N10067,2023,BIPARJOY,2023-06-08 00:00:00,13.8,66.1,75.0,978.0,AS,Very Severe Cyclonic Storm
2023156N10067,2023,BIPARJOY,2023-06-08 03:00:00,13.9,66.0,75.0,978.0,AS,Very Severe Cyclonic Storm
2023156N10067,2023,BIPARJOY,2023-06-08 06:00:00,14.0,66.0,75.0,978.0,AS,Very Severe Cyclonic Storm
2023156N10067,2023,BIPARJOY,2023-06-08 09:00:00,14.2,66.0,75.0,978.0,AS,Very Severe Cyclonic Storm
2023156N10067,2023,BIPARJOY,2023-06-08 12:00:00,14.3,66.0,75.0,978.0,AS,Very Severe Cyclonic Storm
2023156N10067,2023,BIPARJOY,2023-06-08 15:00:00,14.4,66.0,75.0,978.0,AS,Very Severe Cyclonic Storm
2023156N10067,2023,BIPARJOY,2023-06-08 18:00:00,14.6,66.1,75.0,978.0,AS,Very Severe Cyclonic Storm
2023156N10067,2023,BIPARJOY,2023-06-08 21:00:00,14.6,66.1,75.0,978.0,AS,Very Severe Cyclonic Storm
2023156N10067,2023,BIPARJOY,2023-06-09 00:00:00,14.8,66.3,75.0,978.0,AS,Very Severe Cyclonic Storm
2023156N10067,2023,BIPARJOY,2023-06-09 03:00:00,14.8,66.5,70.0,980.0,AS,Very Severe Cyclonic Storm
2023156N10067,2023,BIPARJOY,2023-06-09 06:00:00,15.0,66.8,70.0,980.0,AS,Very Severe Cyclonic Storm
2023156N10067,2023,BIPARJOY,2023-06-09 09:00:00,15.3,67.0,70.0,980.0,AS,Very Severe Cyclonic Storm
2023156N10067,2023,BIPARJOY,2023-06-09 12:00:00,15.6,67.2,65.0,982.0,AS,Very Severe Cyclonic Storm
2023156N10067,2023,BIPARJOY,2023-06-09 15:00:00,15.9,67.3,65.0,982.0,AS,Very Severe Cyclonic Storm
2023156N10067,2023,BIPARJOY,2023-06-09 18:00:00,16.2,67.4,70.0,978.0,AS,Very Severe Cyclonic Storm
2023156N10067,2023,BIPARJOY,2023-06-09 21:00:00,16.3,67.4,70.0,976.0,AS,Very Severe Cyclonic Storm
2023156N10067,2023,BIPARJOY,2023-06-10 00:00:00,16.5,67.4,75.0,974.0,AS,Very Severe Cyclonic Storm
2023156N10067,2023,BIPARJOY,2023-06-10 03:00:00,16.6,67.3,75.0,972.0,AS,Very Severe Cyclonic Storm
2023156N10067,2023,BIPARJOY,2023-06-10 06:00:00,16.7,67.3,75.0,970.0,AS,Very Severe Cyclonic Storm
2023156N10067,2023,BIPARJOY,2023-06-10 09:00:00,16.9,67.4,80.0,966.0,AS,Very Severe Cyclonic Storm
2023156N10067,2023,BIPARJOY,2023-06-10 12:00:00,17.2,67.3,80.0,964.0,AS,Very Severe Cyclonic Storm
2023156N10067,2023,BIPARJOY,2023-06-10 15:00:00,17.4,67.3,80.0,964.0,AS,Very Severe Cyclonic Storm
2023156N10067,2023,BIPARJOY,2023-06-10 18:00:00,17.5,67.4,85.0,962.0,AS,Very Severe Cyclonic Storm
2023156N10067,2023,BIPARJOY,2023-06-10 21:00:00,17.6,67.4,85.0,962.0,AS,Very Severe Cyclonic Storm
2023156N10067,2023,BIPARJOY,2023-06-11 00:00:00,17.8,67.6,90.0,960.0,AS,Extremely Severe Cyclonic Storm
2023156N10067,2023,BIPARJOY,2023-06-11 03:00:00,18.0,67.7,90.0,958.0,AS,Extremely Severe Cyclonic Storm
2023156N10067,2023,BIPARJOY,2023-06-11 06:00:00,18.3,67.8,90.0,958.0,AS,Extremely Severe Cyclonic Storm
2023156N10067,2023,BIPARJOY,2023-06-11 09:00:00,18.5,67.8,90.0,958.0,AS,Extremely Severe Cyclonic Storm
2023156N10067,2023,BIPARJOY,2023-06-11 12:00:00,18.7,67.8,90.0,958.0,AS,Extremely Severe Cyclonic Storm
2023156N10067,2023,BIPARJOY,2023-06-11 15:00:00,18.8,67.8,90.0,958.0,AS,Extremely Severe Cyclonic Storm
2023156N10067,2023,BIPARJOY,2023-06-11 18:00:00,18.9,67.8,90.0,958.0,AS,Extremely Severe Cyclonic Storm
2023156N10067,2023,BIPARJOY,2023-06-11 21:00:00,19.0,67.7,90.0,958.0,AS,Extremely Severe Cyclonic Storm
2023156N10067,2023,BIPARJOY,2023-06-12 00:00:00,19.2,67.7,90.0,958.0,AS,Extremely Severe Cyclonic Storm
2023156N10067,2023,BIPARJOY,2023-06-12 03:00:00,19.4,67.6,90.0,958.0,AS,Extremely Severe Cyclonic Storm
2023156N10067,2023,BIPARJOY,2023-06-12 06:00:00,19.7,67.5,90.0,958.0,AS,Extremely Severe Cyclonic Storm
2023156N10067,2023,BIPARJOY,2023-06-12 09:00:00,19.8,67.4,90.0,958.0,AS,Extremely Severe Cyclonic Storm
2023156N10067,2023,BIPARJOY,2023-06-12 12:00:00,19.9,67.3,90.0,960.0,AS,Extremely Severe Cyclonic Storm
2023156N10067,2023,BIPARJOY,2023-06-12 15:00:00,20.0,67.2,90.0,960.0,AS,Extremely Severe Cyclonic Storm
2023156N10067,2023,BIPARJOY,2023-06-12 18:00:00,20.2,67.2,85.0,962.0,AS,Very Severe Cyclonic Storm
2023156N10067,2023,BIPARJOY,2023-06-12 21:00:00,20.4,67.2,85.0,962.0,AS,Very Severe Cyclonic Storm
2023156N10067,2023,BIPARJOY,2023-06-13 00:00:00,20.7,67.0,85.0,962.0,AS,Very Severe Cyclonic Storm
2023156N10067,2023,BIPARJOY,2023-06-13 03:00:00,20.9,66.9,85.0,962.0,AS,Very Severe Cyclonic Storm
2023156N10067,2023,BIPARJOY,2023-06-13 06:00:00,21.0,66.8,85.0,962.0,AS,Very Severe Cyclonic Storm
2023156N10067,2023,BIPARJOY,2023-06-13 09:00:00,21.1,66.5,85.0,962.0,AS,Very Severe Cyclonic Storm
2023156N10067,2023,BIPARJOY,2023-06-13 12:00:00,21.2,66.5,85.0,962.0,AS,Very Severe Cyclonic Storm
2023156N10067,2023,BIPARJOY,2023-06-13 15:00:00,21.3,66.4,85.0,962.0,AS,Very Severe Cyclonic Storm
2023156N10067,2023,BIPARJOY,2023-06-13 18:00:00,21.5,66.4,85.0,962.0,AS,Very Severe Cyclonic Storm
2023156N10067,2023,BIPARJOY,2023-06-13 21:00:00,21.5,66.3,85.0,964.0,AS,Very Severe Cyclonic Storm
2023156N10067,2023,BIPARJOY,2023-06-14 00:00:00,21.6,66.3,80.0,966.0,AS,Very Severe Cyclonic Storm
2023156N10067,2023,BIPARJOY,2023-06-14 03:00:00,21.6,66.3,80.0,966.0,AS,Very Severe Cyclonic Storm
2023156N10067,2023,BIPARJOY,2023-06-14 06:00:00,21.6,66.4,80.0,966.0,AS,Very Severe Cyclonic Storm
2023156N10067,2023,BIPARJOY,2023-06-14 09:00:00,21.7,66.6,80.0,966.0,AS,Very Severe Cyclonic Storm
2023156N10067,2023,BIPARJOY,2023-06-14 12:00:00,21.9,66.7,75.0,970.0,AS,Very Severe Cyclonic Storm
2023156N10067,2023,BIPARJOY,2023-06-14 15:00:00,22.1,66.8,70.0,974.0,AS,Very Severe Cyclonic Storm
2023156N10067,2023,BIPARJOY,2023-06-14 18:00:00,22.2,66.8,70.0,974.0,AS,Very Severe Cyclonic Storm
2023156N10067,2023,BIPARJOY,2023-06-14 21:00:00,22.3,66.8,70.0,974.0,AS,Very Severe Cyclonic Storm
2023156N10067,2023,BIPARJOY,2023-06-15 00:00:00,22.3,67.0,70.0,974.0,AS,Very Severe Cyclonic Storm
2023156N10067,2023,BIPARJOY,2023-06-15 03:00:00,22.5,67.1,70.0,974.0,AS,Very Severe Cyclonic Storm
2023156N10067,2023,BIPARJOY,2023-06-15 06:00:00,22.6,67.3,65.0,976.0,AS,Very Severe Cyclonic Storm
2023156N10067,2023,BIPARJOY,2023-06-15 09:00:00,22.7,67.7,65.0,976.0,AS,Very Severe Cyclonic Storm
2023156N10067,2023,BIPARJOY,2023-06-15 12:00:00,22.8,68.1,65.0,976.0,AS,Very Severe Cyclonic Storm
2023156N10067,2023,BIPARJOY,2023-06-15 15:00:00,23.1,68.4,65.0,976.0,AS,Very Severe Cyclonic Storm
2023156N10067,2023,BIPARJOY,2023-06-15 18:00:00,23.3,68.6,60.0,980.0,AS,Severe Cyclonic Storm
2023156N10067,2023,BIPARJOY,2023-06-15 21:00:00,23.4,68.8,50.0,982.0,AS,Severe Cyclonic Storm
2023156N10067,2023,BIPARJOY,2023-06-16 00:00:00,23.5,69.1,50.0,978.0,AS,Severe Cyclonic Storm
2023156N10067,2023,BIPARJOY,2023-06-16 03:00:00,23.5,69.4,45.0,978.0,AS,Cyclonic Storm
2023156N10067,2023,BIPARJOY,2023-06-16 06:00:00,23.7,69.7,40.0,980.0,AS,Cyclonic Storm
2023156N10067,2023,BIPARJOY,2023-06-16 09:00:00,23.9,70.0,40.0,984.0,AS,Cyclonic Storm
2023156N10067,2023,BIPARJOY,2023-06-16 12:00:00,24.2,70.4,35.0,986.0,AS,Cyclonic Storm
2023156N10067,2023,BIPARJOY,2023-06-16 15:00:00,24.5,70.7,35.0,987.0,AS,Cyclonic Storm
2023156N10067,2023,BIPARJOY,2023-06-16 18:00:00,24.6,70.9,30.0,988.0,AS,Deep Depression
2023156N10067,2023,BIPARJOY,2023-06-16 21:00:00,24.7,71.0,,,AS,Super Cyclonic Storm
2023156N10067,2023,BIPARJOY,2023-06-17 00:00:00,24.8,71.2,30.0,988.0,AS,Deep Depression
2023156N10067,2023,BIPARJOY,2023-06-17 03:00:00,25.0,71.5,30.0,988.0,AS,Deep Depression
2023156N10067,2023,BIPARJOY,2023-06-17 06:00:00,25.3,71.9,30.0,989.0,AS,Deep Depression
2023156N10067,2023,BIPARJOY,2023-06-17 09:00:00,25.5,72.2,,,AS,Super Cyclonic Storm
2023156N10067,2023,BIPARJOY,2023-06-17 12:00:00,25.6,72.5,25.0,990.0,AS,Depression
2023156N10067,2023,BIPARJOY,2023-06-17 15:00:00,25.7,72.7,,,AS,Super Cyclonic Storm
2023156N10067,2023,BIPARJOY,2023-06-17 18:00:00,25.8,72.8,25.0,991.0,AS,Depression
2023156N10067,2023,BIPARJOY,2023-06-17 21:00:00,25.9,73.0,,,AS,Super Cyclonic Storm
2023156N10067,2023,BIPARJOY,2023-06-18 00:00:00,26.0,73.3,25.0,991.0,AS,Depression
2023156N10067,2023,BIPARJOY,2023-06-18 03:00:00,26.2,73.8,25.0,992.0,AS,Depression
2023156N10067,2023,BIPARJOY,2023-06-18 06:00:00,26.3,74.0,25.0,994.0,AS,Depression
2023156N10067,2023,BIPARJOY,2023-06-18 09:00:00,26.3,74.3,,,AS,Super Cyclonic Storm
2023156N10067,2023,BIPARJOY,2023-06-18 12:00:00,26.3,74.7,20.0,995.0,AS,Depression
2023156N10067,2023,BIPARJOY,2023-06-18 15:00:00,26.3,74.9,,,AS,Super Cyclonic Storm
2023156N10067,2023,BIPARJOY,2023-06-18 18:00:00,26.3,75.2,20.0,995.0,AS,Depression
2023156N10067,2023,BIPARJOY,2023-06-18 21:00:00,26.3,75.6,,,AS,Super Cyclonic Storm
2023156N10067,2023,BIPARJOY,2023-06-19 00:00:00,26.3,76.0,20.0,995.0,AS,Depression
2023160N20092,2023,UNNAMED,2023-06-08 12:00:00,19.5,92.1,,,BB,Super Cyclonic Storm
2023160N20092,2023,UNNAMED,2023-06-08 15:00:00,19.5,91.9,,,BB,Super Cyclonic Storm
2023160N20092,2023,UNNAMED,2023-06-08 18:00:00,19.6,91.7,,,BB,Super Cyclonic Storm
2023160N20092,2023,UNNAMED,2023-06-08 21:00:00,19.7,91.6,,,BB,Super Cyclonic Storm
2023160N20092,2023,UNNAMED,2023-06-09 00:00:00,19.8,91.5,,,BB,Super Cyclonic Storm
2023160N20092,2023,UNNAMED,2023-06-09 03:00:00,19.9,91.5,,,BB,Super Cyclonic Storm
2023160N20092,2023,UNNAMED,2023-06-09 06:00:00,19.9,91.5,,,BB,Super Cyclonic Storm
2023160N20092,2023,UNNAMED,2023-06-09 09:00:00,19.9,91.5,,,BB,Super Cyclonic Storm
2023160N20092,2023,UNNAMED,2023-06-09 12:00:00,20.0,91.5,,,BB,Super Cyclonic Storm
2023160N20092,2023,UNNAMED,2023-06-09 15:00:00,20.0,91.5,,,BB,Super Cyclonic Storm
2023160N20092,2023,UNNAMED,2023-06-09 18:00:00,20.2,91.6,,,BB,Super Cyclonic Storm
2023160N20092,2023,UNNAMED,2023-06-09 21:00:00,20.6,91.7,,,BB,Super Cyclonic Storm
2023160N20092,2023,UNNAMED,2023-06-10 00:00:00,21.0,91.8,,,BB,Super Cyclonic Storm
2023160N20092,2023,UNNAMED,2023-06-10 03:00:00,21.4,91.7,,,BB,Super Cyclonic Storm
2023160N20092,2023,UNNAMED,2023-06-10 06:00:00,21.8,91.4,,,BB,Super Cyclonic Storm
2023212N19090,2023,UNNAMED,2023-07-30 12:00:00,19.0,90.0,,,BB,Super Cyclonic Storm
2023212N19090,2023,UNNAMED,2023-07-30 15:00:00,18.8,90.2,,,BB,Super Cyclonic Storm
2023212N19090,2023,UNNAMED,2023-07-30 18:00:00,18.7,90.5,,,BB,Super Cyclonic Storm
2023212N19090,2023,UNNAMED,2023-07-30 21:00:00,18.6,90.8,,,BB,Super Cyclonic Storm
2023212N19090,2023,UNNAMED,2023-07-31 00:00:00,18.6,91.0,,,BB,Super Cyclonic Storm
2023212N19090,2023,UNNAMED,2023-07-31 03:00:00,18.6,91.2,,,BB,Super Cyclonic Storm
2023212N19090,2023,UNNAMED,2023-07-31 06:00:00,18.6,91.3,,,BB,Super Cyclonic Storm
2023212N19090,2023,UNNAMED,2023-07-31 09:00:00,18.7,91.6,,,BB,Super Cyclonic Storm
2023212N19090,2023,UNNAMED,2023-07-31 12:00:00,19.0,91.8,,,BB,Super Cyclonic Storm
2023212N19090,2023,UNNAMED,2023-07-31 15:00:00,19.5,91.9,,,BB,Super Cyclonic Storm
2023212N19090,2023,UNNAMED,2023-07-31 18:00:00,19.9,92.0,,,BB,Super Cyclonic Storm
2023212N19090,2023,UNNAMED,2023-07-31 21:00:00,19.8,92.1,,,BB,Super Cyclonic Storm
2023212N19090,2023,UNNAMED,2023-08-01 00:00:00,20.0,91.9,25.0,992.0,BB,Depression
2023212N19090,2023,UNNAMED,2023-08-01 03:00:00,20.9,91.3,30.0,990.0,BB,Deep Depression
2023212N19090,2023,UNNAMED,2023-08-01 06:00:00,21.6,90.7,30.0,990.0,BB,Deep Depression
2023212N19090,2023,UNNAMED,2023-08-01 09:00:00,22.0,90.2,,,BB,Super Cyclonic Storm
2023212N19090,2023,UNNAMED,2023-08-01 12:00:00,22.3,89.7,30.0,988.0,BB,Deep Depression
2023212N19090,2023,UNNAMED,2023-08-01 15:00:00,22.6,89.3,,,BB,Super Cyclonic Storm
2023212N19090,2023,UNNAMED,2023-08-01 18:00:00,22.8,88.8,30.0,988.0,BB,Deep Depression
2023212N19090,2023,UNNAMED,2023-08-01 21:00:00,22.9,88.1,,,BB,Super Cyclonic Storm
2023212N19090,2023,UNNAMED,2023-08-02 00:00:00,23.1,87.4,30.0,988.0,BB,Deep Depression
2023212N19090,2023,UNNAMED,2023-08-02 03:00:00,23.2,86.9,30.0,989.0,BB,Deep Depression
2023212N19090,2023,UNNAMED,2023-08-02 06:00:00,23.3,86.2,30.0,989.0,BB,Deep Depression
2023212N19090,2023,UNNAMED,2023-08-02 09:00:00,23.3,85.6,,,BB,Super Cyclonic Storm
2023212N19090,2023,UNNAMED,2023-08-02 12:00:00,23.3,85.1,25.0,990.0,BB,Depression
2023212N19090,2023,UNNAMED,2023-08-02 15:00:00,23.3,84.6,,,BB,Super Cyclonic Storm
2023212N19090,2023,UNNAMED,2023-08-02 18:00:00,23.3,84.1,25.0,990.0,BB,Depression
2023212N19090,2023,UNNAMED,2023-08-02 21:00:00,23.3,83.7,,,BB,Super Cyclonic Storm
2023212N19090,2023,UNNAMED,2023-08-03 00:00:00,23.4,83.4,25.0,990.0,BB,Depression
2023212N19090,2023,UNNAMED,2023-08-03 03:00:00,23.5,83.1,25.0,992.0,BB,Depression
2023212N19090,2023,UNNAMED,2023-08-03 06:00:00,23.5,83.1,20.0,993.0,BB,Depression
2023273N16073,2023,UNNAMED,2023-09-30 03:00:00,15.9,72.8,25.0,1002.0,AS,Depression
2023273N16073,2023,UNNAMED,2023-09-30 06:00:00,16.4,73.1,25.0,1002.0,AS,Depression
2023273N16073,2023,UNNAMED,2023-09-30 09:00:00,16.6,73.2,,,AS,Super Cyclonic Storm
2023273N16073,2023,UNNAMED,2023-09-30 12:00:00,16.6,73.2,25.0,1002.0,AS,Depression
2023273N16073,2023,UNNAMED,2023-09-30 15:00:00,16.7,73.3,,,AS,Super Cyclonic Storm
2023273N16073,2023,UNNAMED,2023-09-30 18:00:00,16.8,73.5,25.0,1002.0,AS,Depression
2023273N16073,2023,UNNAMED,2023-09-30 21:00:00,16.9,73.7,,,AS,Super Cyclonic Storm
2023273N16073,2023,UNNAMED,2023-10-01 00:00:00,17.0,74.0,25.0,1003.0,AS,Depression
2023292N11063,2023,TEJ,2023-10-19 06:00:00,10.7,62.6,,,AS,Super Cyclonic Storm
2023292N11063,2023,TEJ,2023-10-19 09:00:00,10.4,62.5,,,AS,Super Cyclonic Storm
2023292N11063,2023,TEJ,2023-10-19 12:00:00,10.2,62.4,,,AS,Super Cyclonic Storm
2023292N11063,2023,TEJ,2023-10-19 15:00:00,10.0,62.4,,,AS,Super Cyclonic Storm
2023292N11063,2023,TEJ,2023-10-19 18:00:00,9.9,62.3,,,AS,Super Cyclonic Storm
2023292N11063,2023,TEJ,2023-10-19 21:00:00,9.7,62.2,,,AS,Super Cyclonic Storm
2023292N11063,2023,TEJ,2023-10-20 00:00:00,9.5,62.1,,,AS,Super Cyclonic Storm
2023292N11063,2023,TEJ,2023-10-20 03:00:00,9.3,61.8,25.0,1004.0,AS,Depression
2023292N11063,2023,TEJ,2023-10-20 06:00:00,9.3,61.6,25.0,1004.0,AS,Depression
2023292N11063,2023,TEJ,2023-10-20 09:00:00,9.3,61.3,,,AS,Super Cyclonic Storm
2023292N11063,2023,TEJ,2023-10-20 12:00:00,9.4,61.1,30.0,1003.0,AS,Deep Depression
2023292N11063,2023,TEJ,2023-10-20 15:00:00,9.5,60.7,,,AS,Super Cyclonic Storm
2023292N11063,2023,TEJ,2023-10-20 18:00:00,9.6,60.3,30.0,1002.0,AS,Deep Depression
2023292N11063,2023,TEJ,2023-10-20 21:00:00,9.7,59.7,,,AS,Super Cyclonic Storm
2023292N11063,2023,TEJ,2023-10-21 00:00:00,9.9,59.2,35.0,1001.0,AS,Cyclonic Storm
2023292N11063,2023,TEJ,2023-10-21 03:00:00,10.1,58.7,45.0,998.0,AS,Cyclonic Storm
2023292N11063,2023,TEJ,2023-10-21 06:00:00,10.3,58.3,50.0,996.0,AS,Severe Cyclonic Storm
2023292N11063,2023,TEJ,2023-10-21 09:00:00,10.3,57.8,50.0,995.0,AS,Severe Cyclonic Storm
2023292N11063,2023,TEJ,2023-10-21 12:00:00,10.7,57.4,55.0,992.0,AS,Severe Cyclonic Storm
2023292N11063,2023,TEJ,2023-10-21 15:00:00,11.1,57.0,65.0,988.0,AS,Very Severe Cyclonic Storm
2023292N11063,2023,TEJ,2023-10-21 18:00:00,11.4,56.6,75.0,980.0,AS,Very Severe Cyclonic Storm
2023292N11063,2023,TEJ,2023-10-21 21:00:00,11.7,56.1,80.0,976.0,AS,Very Severe Cyclonic Storm
2023292N11063,2023,TEJ,2023-10-22 00:00:00,12.1,55.9,85.0,972.0,AS,Very Severe Cyclonic Storm
2023292N11063,2023,TEJ,2023-10-22 03:00:00,12.4,55.4,95.0,964.0,AS,Extremely Severe Cyclonic Storm
2023292N11063,2023,TEJ,2023-10-22 06:00:00,12.7,55.1,95.0,964.0,AS,Extremely Severe Cyclonic Storm
2023292N11063,2023,TEJ,2023-10-22 09:00:00,13.0,54.7,95.0,964.0,AS,Extremely Severe Cyclonic Storm
2023292N11063,2023,TEJ,2023-10-22 12:00:00,13.4,54.4,95.0,964.0,AS,Extremely Severe Cyclonic Storm
2023292N11063,2023,TEJ,2023-10-22 15:00:00,13.6,54.1,95.0,964.0,AS,Extremely Severe Cyclonic Storm
2023292N11063,2023,TEJ,2023-10-22 18:00:00,13.9,53.9,95.0,964.0,AS,Extremely Severe Cyclonic Storm
2023292N11063,2023,TEJ,2023-10-22 21:00:00,14.1,53.5,95.0,966.0,AS,Extremely Severe Cyclonic Storm
2023292N11063,2023,TEJ,2023-10-23 00:00:00,14.3,53.4,90.0,968.0,AS,Extremely Severe Cyclonic Storm
2023292N11063,2023,TEJ,2023-10-23 03:00:00,14.6,53.1,85.0,972.0,AS,Very Severe Cyclonic Storm
2023292N11063,2023,TEJ,2023-10-23 06:00:00,14.9,52.9,80.0,976.0,AS,Very Severe Cyclonic Storm
2023292N11063,2023,TEJ,2023-10-23 09:00:00,15.1,52.7,80.0,978.0,AS,Very Severe Cyclonic Storm
2023292N11063,2023,TEJ,2023-10-23 12:00:00,15.4,52.7,75.0,981.0,AS,Very Severe Cyclonic Storm
2023292N11063,2023,TEJ,2023-10-23 15:00:00,15.6,52.5,70.0,984.0,AS,Very Severe Cyclonic Storm
2023292N11063,2023,TEJ,2023-10-23 18:00:00,15.8,52.3,70.0,986.0,AS,Very Severe Cyclonic Storm
2023292N11063,2023,TEJ,2023-10-23 21:00:00,15.8,52.3,65.0,988.0,AS,Very Severe Cyclonic Storm
2023292N11063,2023,TEJ,2023-10-24 00:00:00,15.9,52.3,60.0,990.0,AS,Severe Cyclonic Storm
2023292N11063,2023,TEJ,2023-10-24 03:00:00,15.8,51.9,50.0,996.0,AS,Severe Cyclonic Storm
2023292N11063,2023,TEJ,2023-10-24 06:00:00,15.9,51.6,40.0,1000.0,AS,Cyclonic Storm
2023292N11063,2023,TEJ,2023-10-24 09:00:00,16.1,51.4,30.0,1002.0,AS,Deep Depression
2023292N11063,2023,TEJ,2023-10-24 12:00:00,16.4,51.3,25.0,1004.0,AS,Depression
2023293N12089,2023,HAMOON,2023-10-20 06:00:00,12.4,88.6,,,BB,Super Cyclonic Storm
2023293N12089,2023,HAMOON,2023-10-20 09:00:00,12.6,88.5,,,BB,Super Cyclonic Storm
2023293N12089,2023,HAMOON,2023-10-20 12:00:00,12.7,88.4,,,BB,Super Cyclonic Storm
2023293N12089,2023,HAMOON,2023-10-20 15:00:00,12.7,88.2,,,BB,Super Cyclonic Storm
2023293N12089,2023,HAMOON,2023-10-20 18:00:00,12.8,88.0,,,BB,Super Cyclonic Storm
2023293N12089,2023,HAMOON,2023-10-20 21:00:00,13.0,87.8,,,BB,Super Cyclonic Storm
2023293N12089,2023,HAMOON,2023-10-21 00:00:00,13.2,87.5,,,BB,Super Cyclonic Storm
2023293N12089,2023,HAMOON,2023-10-21 03:00:00,13.4,87.3,,,BB,Super Cyclonic Storm
2023293N12089,2023,HAMOON,2023-10-21 06:00:00,13.6,87.1,,,BB,Super Cyclonic Storm
2023293N12089,2023,HAMOON,2023-10-21 09:00:00,14.1,86.5,,,BB,Super Cyclonic Storm
2023293N12089,2023,HAMOON,2023-10-21 12:00:00,14.6,86.0,,,BB,Super Cyclonic Storm
2023293N12089,2023,HAMOON,2023-10-21 15:00:00,15.0,85.8,,,BB,Super Cyclonic Storm
2023293N12089,2023,HAMOON,2023-10-21 18:00:00,15.1,86.0,25.0,1003.0,BB,Depression
2023293N12089,2023,HAMOON,2023-10-21 21:00:00,15.2,86.1,25.0,1003.0,BB,Depression
2023293N12089,2023,HAMOON,2023-10-22 00:00:00,15.2,86.2,25.0,1003.0,BB,Depression
2023293N12089,2023,HAMOON,2023-10-22 03:00:00,15.3,86.2,25.0,1003.0,BB,Depression
2023293N12089,2023,HAMOON,2023-10-22 06:00:00,15.5,86.3,25.0,1003.0,BB,Depression
2023293N12089,2023,HAMOON,2023-10-22 09:00:00,15.7,86.4,25.0,1002.0,BB,Depression
2023293N12089,2023,HAMOON,2023-10-22 12:00:00,15.9,86.6,30.0,1001.0,BB,Deep Depression
2023293N12089,2023,HAMOON,2023-10-22 15:00:00,16.2,86.7,30.0,1001.0,BB,Deep Depression
2023293N12089,2023,HAMOON,2023-10-22 18:00:00,16.2,86.8,30.0,1001.0,BB,Deep Depression
2023293N12089,2023,HAMOON,2023-10-22 21:00:00,16.4,86.8,30.0,1001.0,BB,Deep Depression
2023293N12089,2023,HAMOON,2023-10-23 00:00:00,16.8,86.9,30.0,1001.0,BB,Deep Depression
2023293N12089,2023,HAMOON,2023-10-23 03:00:00,17.1,86.9,30.0,1001.0,BB,Deep Depression
2023293N12089,2023,HAMOON,2023-10-23 06:00:00,17.5,87.0,30.0,1000.0,BB,Deep Depression
2023293N12089,2023,HAMOON,2023-10-23 09:00:00,17.9,87.2,30.0,1000.0,BB,Deep Depression
2023293N12089,2023,HAMOON,2023-10-23 12:00:00,18.4,87.4,35.0,999.0,BB,Cyclonic Storm
2023293N12089,2023,HAMOON,2023-10-23 15:00:00,18.8,87.8,40.0,998.0,BB,Cyclonic Storm
2023293N12089,2023,HAMOON,2023-10-23 18:00:00,19.2,88.2,40.0,998.0,BB,Cyclonic Storm
2023293N12089,2023,HAMOON,2023-10-23 21:00:00,19.4,88.6,50.0,994.0,BB,Severe Cyclonic Storm
2023293N12089,2023,HAMOON,2023-10-24 00:00:00,19.7,89.0,55.0,990.0,BB,Severe Cyclonic Storm
2023293N12089,2023,HAMOON,2023-10-24 03:00:00,20.0,89.6,65.0,984.0,BB,Very Severe Cyclonic Storm
2023293N12089,2023,HAMOON,2023-10-24 06:00:00,20.3,90.2,65.0,985.0,BB,Very Severe Cyclonic Storm
2023293N12089,2023,HAMOON,2023-10-24 09:00:00,20.7,90.8,65.0,986.0,BB,Very Severe Cyclonic Storm
2023293N12089,2023,HAMOON,2023-10-24 12:00:00,21.0,91.2,55.0,988.0,BB,Severe Cyclonic Storm
2023293N12089,2023,HAMOON,2023-10-24 15:00:00,20.9,91.0,55.0,990.0,BB,Severe Cyclonic Storm
2023293N12089,2023,HAMOON,2023-10-24 18:00:00,20.9,90.8,50.0,994.0,BB,Severe Cyclonic Storm
2023293N12089,2023,HAMOON,2023-10-24 21:00:00,21.5,91.5,45.0,996.0,BB,Cyclonic Storm
2023293N12089,2023,HAMOON,2023-10-25 00:00:00,22.2,92.2,35.0,999.0,BB,Cyclonic Storm
2023293N12089,2023,HAMOON,2023-10-25 03:00:00,22.5,92.4,30.0,1003.0,BB,Deep Depression
2023293N12089,2023,HAMOON,2023-10-25 06:00:00,22.7,92.5,25.0,1004.0,BB,Depression
2023317N10094,2023,MIDHILI,2023-11-13 06:00:00,9.9,94.1,,,BB,Super Cyclonic Storm
2023317N10094,2023,MIDHILI,2023-11-13 09:00:00,10.4,93.9,,,BB,Super Cyclonic Storm
2023317N10094,2023,MIDHILI,2023-11-13 12:00:00,10.9,93.4,,,BB,Super Cyclonic Storm
2023317N10094,2023,MIDHILI,2023-11-13 15:00:00,11.4,92.6,,,BB,Super Cyclonic Storm
2023317N10094,2023,MIDHILI,2023-11-13 18:00:00,11.8,91.7,,,BB,Super Cyclonic Storm
2023317N10094,2023,MIDHILI,2023-11-13 21:00:00,12.1,91.1,,,BB,Super Cyclonic Storm
2023317N10094,2023,MIDHILI,2023-11-14 00:00:00,12.4,90.6,,,BB,Super Cyclonic Storm
2023317N10094,2023,MIDHILI,2023-11-14 03:00:00,12.7,90.0,,,BB,Super Cyclonic Storm
2023317N10094,2023,MIDHILI,2023-11-14 06:00:00,12.9,89.4,,,BB,Super Cyclonic Storm
2023317N10094,2023,MIDHILI,2023-11-14 09:00:00,13.2,88.6,,,BB,Super Cyclonic Storm
2023317N10094,2023,MIDHILI,2023-11-14 12:00:00,13.4,87.9,,,BB,Super Cyclonic Storm
2023317N10094,2023,MIDHILI,2023-11-14 15:00:00,13.5,87.4,,,BB,Super Cyclonic Storm
2023317N10094,2023,MIDHILI,2023-11-14 18:00:00,13.6,87.1,,,BB,Super Cyclonic Storm
2023317N10094,2023,MIDHILI,2023-11-14 21:00:00,13.6,86.7,,,BB,Super Cyclonic Storm
2023317N10094,2023,MIDHILI,2023-11-15 00:00:00,13.8,86.5,,,BB,Super Cyclonic Storm
2023317N10094,2023,MIDHILI,2023-11-15 03:00:00,14.3,86.6,25.0,1005.0,BB,Depression
2023317N10094,2023,MIDHILI,2023-11-15 06:00:00,14.8,86.7,25.0,1005.0,BB,Depression
2023317N10094,2023,MIDHILI,2023-11-15 09:00:00,15.1,86.7,,,BB,Super Cyclonic Storm
2023317N10094,2023,MIDHILI,2023-11-15 12:00:00,15.4,86.7,25.0,1004.0,BB,Depression
2023317N10094,2023,MIDHILI,2023-11-15 15:00:00,15.7,86.6,,,BB,Super Cyclonic Storm
2023317N10094,2023,MIDHILI,2023-11-15 18:00:00,16.1,86.7,25.0,1004.0,BB,Depression
2023317N10094,2023,MIDHILI,2023-11-15 21:00:00,16.6,86.8,,,BB,Super Cyclonic Storm
2023317N10094,2023,MIDHILI,2023-11-16 00:00:00,17.2,87.0,30.0,1003.0,BB,Deep Depression
2023317N10094,2023,MIDHILI,2023-11-16 03:00:00,17.5,87.1,30.0,1003.0,BB,Deep Depression
2023317N10094,2023,MIDHILI,2023-11-16 06:00:00,17.9,87.3,30.0,1003.0,BB,Deep Depression
2023317N10094,2023,MIDHILI,2023-11-16 09:00:00,18.3,87.5,,,BB,Super Cyclonic Storm
2023317N10094,2023,MIDHILI,2023-11-16 12:00:00,18.6,87.6,30.0,1003.0,BB,Deep Depression
2023317N10094,2023,MIDHILI,2023-11-16 15:00:00,18.8,87.9,,,BB,Super Cyclonic Storm
2023317N10094,2023,MIDHILI,2023-11-16 18:00:00,19.2,88.1,30.0,1002.0,BB,Deep Depression
2023317N10094,2023,MIDHILI,2023-11-16 21:00:00,19.6,88.3,,,BB,Super Cyclonic Storm
2023317N10094,2023,MIDHILI,2023-11-17 00:00:00,20.2,88.7,35.0,1001.0,BB,Cyclonic Storm
2023317N10094,2023,MIDHILI,2023-11-17 03:00:00,20.8,89.2,40.0,1000.0,BB,Cyclonic Storm
2023317N10094,2023,MIDHILI,2023-11-17 06:00:00,21.4,89.7,45.0,998.0,BB,Cyclonic Storm
2023317N10094,2023,MIDHILI,2023-11-17 09:00:00,22.1,90.3,50.0,996.0,BB,Severe Cyclonic Storm
2023317N10094,2023,MIDHILI,2023-11-17 12:00:00,23.0,91.0,40.0,998.0,BB,Cyclonic Storm
2023317N10094,2023,MIDHILI,2023-11-17 15:00:00,23.3,91.2,35.0,1000.0,BB,Cyclonic Storm
2023317N10094,2023,MIDHILI,2023-11-17 18:00:00,23.4,91.4,30.0,1003.0,BB,Deep Depression
2023317N10094,2023,MIDHILI,2023-11-17 21:00:00,23.5,91.5,,,BB,Super Cyclonic Storm
2023317N10094,2023,MIDHILI,2023-11-18 00:00:00,23.7,91.7,20.0,1005.0,BB,Depression
2023334N08088,2023,MICHAUNG,2023-11-30 06:00:00,7.5,88.0,,,BB,Super Cyclonic Storm
2023334N08088,2023,MICHAUNG,2023-11-30 09:00:00,7.9,87.6,,,BB,Super Cyclonic Storm
2023334N08088,2023,MICHAUNG,2023-11-30 12:00:00,8.2,87.2,,,BB,Super Cyclonic Storm
2023334N08088,2023,MICHAUNG,2023-11-30 15:00:00,8.3,86.8,,,BB,Super Cyclonic Storm
2023334N08088,2023,MICHAUNG,2023-11-30 18:00:00,8.4,86.4,,,BB,Super Cyclonic Storm
2023334N08088,2023,MICHAUNG,2023-11-30 21:00:00,8.5,86.0,,,BB,Super Cyclonic Storm
2023334N08088,2023,MICHAUNG,2023-12-01 00:00:00,8.8,85.8,20.0,1002.0,BB,Depression
2023334N08088,2023,MICHAUNG,2023-12-01 03:00:00,9.0,85.6,20.0,1002.0,BB,Depression
2023334N08088,2023,MICHAUNG,2023-12-01 06:00:00,9.2,85.4,25.0,1002.0,BB,Depression
2023334N08088,2023,MICHAUNG,2023-12-01 09:00:00,9.5,85.3,,,BB,Super Cyclonic Storm
2023334N08088,2023,MICHAUNG,2023-12-01 12:00:00,9.7,85.1,25.0,1001.0,BB,Depression
2023334N08088,2023,MICHAUNG,2023-12-01 15:00:00,9.8,85.0,,,BB,Super Cyclonic Storm
2023334N08088,2023,MICHAUNG,2023-12-01 18:00:00,9.9,84.8,25.0,1000.0,BB,Depression
2023334N08088,2023,MICHAUNG,2023-12-01 21:00:00,9.9,84.5,,,BB,Super Cyclonic Storm
2023334N08088,2023,MICHAUNG,2023-12-02 00:00:00,10.1,84.1,30.0,998.0,BB,Deep Depression
2023334N08088,2023,MICHAUNG,2023-12-02 03:00:00,10.2,83.8,30.0,997.0,BB,Deep Depression
2023334N08088,2023,MICHAUNG,2023-12-02 06:00:00,10.3,83.6,30.0,997.0,BB,Deep Depression
2023334N08088,2023,MICHAUNG,2023-12-02 09:00:00,10.4,83.5,,,BB,Super Cyclonic Storm
2023334N08088,2023,MICHAUNG,2023-12-02 12:00:00,10.5,83.5,30.0,997.0,BB,Deep Depression
2023334N08088,2023,MICHAUNG,2023-12-02 15:00:00,10.7,83.3,,,BB,Super Cyclonic Storm
2023334N08088,2023,MICHAUNG,2023-12-02 18:00:00,10.8,83.1,30.0,996.0,BB,Deep Depression
2023334N08088,2023,MICHAUNG,2023-12-02 21:00:00,11.0,83.0,,,BB,Super Cyclonic Storm
2023334N08088,2023,MICHAUNG,2023-12-03 00:00:00,11.3,82.9,35.0,995.0,BB,Cyclonic Storm
2023334N08088,2023,MICHAUNG,2023-12-03 03:00:00,11.5,82.7,35.0,995.0,BB,Cyclonic Storm
2023334N08088,2023,MICHAUNG,2023-12-03 06:00:00,11.9,82.5,35.0,995.0,BB,Cyclonic Storm
2023334N08088,2023,MICHAUNG,2023-12-03 09:00:00,12.1,82.4,35.0,995.0,BB,Cyclonic Storm
2023334N08088,2023,MICHAUNG,2023-12-03 12:00:00,12.3,82.3,35.0,995.0,BB,Cyclonic Storm
2023334N08088,2023,MICHAUNG,2023-12-03 15:00:00,12.5,82.1,40.0,994.0,BB,Cyclonic Storm
2023334N08088,2023,MICHAUNG,2023-12-03 18:00:00,12.8,81.8,45.0,992.0,BB,Cyclonic Storm
2023334N08088,2023,MICHAUNG,2023-12-03 21:00:00,12.9,81.6,45.0,992.0,BB,Cyclonic Storm
2023334N08088,2023,MICHAUNG,2023-12-04 00:00:00,13.1,81.4,45.0,992.0,BB,Cyclonic Storm
2023334N08088,2023,MICHAUNG,2023-12-04 03:00:00,13.3,81.1,50.0,988.0,BB,Severe Cyclonic Storm
2023334N08088,2023,MICHAUNG,2023-12-04 06:00:00,13.5,80.9,50.0,988.0,BB,Severe Cyclonic Storm
2023334N08088,2023,MICHAUNG,2023-12-04 09:00:00,13.7,80.7,50.0,988.0,BB,Severe Cyclonic Storm
2023334N08088,2023,MICHAUNG,2023-12-04 12:00:00,14.0,80.6,55.0,986.0,BB,Severe Cyclonic Storm
2023334N08088,2023,MICHAUNG,2023-12-04 15:00:00,14.2,80.4,55.0,986.0,BB,Severe Cyclonic Storm
2023334N08088,2023,MICHAUNG,2023-12-04 18:00:00,14.4,80.3,55.0,986.0,BB,Severe Cyclonic Storm
2023334N08088,2023,MICHAUNG,2023-12-04 21:00:00,14.6,80.2,55.0,986.0,BB,Severe Cyclonic Storm
2023334N08088,2023,MICHAUNG,2023-12-05 00:00:00,14.9,80.1,50.0,988.0,BB,Severe Cyclonic Storm
2023334N08088,2023,MICHAUNG,2023-12-05 03:00:00,15.2,80.1,50.0,988.0,BB,Severe Cyclonic Storm
2023334N08088,2023,MICHAUNG,2023-12-05 06:00:00,15.6,80.2,50.0,988.0,BB,Severe Cyclonic Storm
2023334N08088,2023,MICHAUNG,2023-12-05 09:00:00,15.8,80.2,50.0,990.0,BB,Severe Cyclonic Storm
2023334N08088,2023,MICHAUNG,2023-12-05 12:00:00,16.0,80.2,40.0,996.0,BB,Cyclonic Storm
2023334N08088,2023,MICHAUNG,2023-12-05 15:00:00,16.4,80.3,35.0,998.0,BB,Cyclonic Storm
2023334N08088,2023,MICHAUNG,2023-12-05 18:00:00,16.9,80.4,30.0,1000.0,BB,Deep Depression
2023334N08088,2023,MICHAUNG,2023-12-05 21:00:00,17.1,80.5,,,BB,Super Cyclonic Storm
2023334N08088,2023,MICHAUNG,2023-12-06 00:00:00,17.3,80.6,20.0,1004.0,BB,Depression
2023334N08088,2023,MICHAUNG,2023-12-06 03:00:00,17.7,80.8,,,BB,Super Cyclonic Storm
2023334N08088,2023,MICHAUNG,2023-12-06 06:00:00,18.3,81.1,,,BB,Super Cyclonic Storm
